solid OpenSCAD_Model
  facet normal 0 0 -1
    outer loop
      vertex 207 3 0
      vertex 210 8 0
      vertex 209.961 7.21586 0
    endloop
  endfacet
  facet normal -0 0 -1
    outer loop
      vertex 210 8 0
      vertex 207 3 0
      vertex 210 160 0
    endloop
  endfacet
  facet normal 0 0 -1
    outer loop
      vertex 207 3 0
      vertex 209.961 7.21586 0
      vertex 209.846 6.43928 0
    endloop
  endfacet
  facet normal 0 0 -1
    outer loop
      vertex 207 165 0
      vertex 210 160 0
      vertex 207 3 0
    endloop
  endfacet
  facet normal 0 0 -1
    outer loop
      vertex 207 3 0
      vertex 209.846 6.43928 0
      vertex 209.656 5.67772 0
    endloop
  endfacet
  facet normal 0 0 -1
    outer loop
      vertex 210 160 0
      vertex 207 165 0
      vertex 209.961 160.784 0
    endloop
  endfacet
  facet normal 0 0 -1
    outer loop
      vertex 207 3 0
      vertex 209.656 5.67772 0
      vertex 209.391 4.93853 0
    endloop
  endfacet
  facet normal 0 0 -1
    outer loop
      vertex 209.961 160.784 0
      vertex 207 165 0
      vertex 209.846 161.561 0
    endloop
  endfacet
  facet normal 0 0 -1
    outer loop
      vertex 207 3 0
      vertex 209.391 4.93853 0
      vertex 209.055 4.22883 0
    endloop
  endfacet
  facet normal 0 0 -1
    outer loop
      vertex 209.846 161.561 0
      vertex 207 165 0
      vertex 209.656 162.322 0
    endloop
  endfacet
  facet normal 0 0 -1
    outer loop
      vertex 207 3 0
      vertex 209.055 4.22883 0
      vertex 208.652 3.55544 0
    endloop
  endfacet
  facet normal 0 0 -1
    outer loop
      vertex 209.656 162.322 0
      vertex 207 165 0
      vertex 209.391 163.061 0
    endloop
  endfacet
  facet normal 0 0 -1
    outer loop
      vertex 207 3 0
      vertex 208.652 3.55544 0
      vertex 208.184 2.92485 0
    endloop
  endfacet
  facet normal 0 0 -1
    outer loop
      vertex 209.391 163.061 0
      vertex 207 165 0
      vertex 209.055 163.771 0
    endloop
  endfacet
  facet normal 0 0 -1
    outer loop
      vertex 207 3 0
      vertex 208.184 2.92485 0
      vertex 207.657 2.34315 0
    endloop
  endfacet
  facet normal 0 0 -1
    outer loop
      vertex 209.055 163.771 0
      vertex 207 165 0
      vertex 208.652 164.445 0
    endloop
  endfacet
  facet normal 0 0 -1
    outer loop
      vertex 207 3 0
      vertex 207.657 2.34315 0
      vertex 207.075 1.81592 0
    endloop
  endfacet
  facet normal 0 0 -1
    outer loop
      vertex 208.652 164.445 0
      vertex 207 165 0
      vertex 208.184 165.075 0
    endloop
  endfacet
  facet normal -0 0 -1
    outer loop
      vertex 208.184 165.075 0
      vertex 207 165 0
      vertex 207.657 165.657 0
    endloop
  endfacet
  facet normal 0 0 -1
    outer loop
      vertex 206.445 1.34824 0
      vertex 207 3 0
      vertex 207.075 1.81592 0
    endloop
  endfacet
  facet normal 0 0 -1
    outer loop
      vertex 205.771 0.94463 0
      vertex 207 3 0
      vertex 206.445 1.34824 0
    endloop
  endfacet
  facet normal 0 0 -1
    outer loop
      vertex 205.061 0.608963 0
      vertex 207 3 0
      vertex 205.771 0.94463 0
    endloop
  endfacet
  facet normal 0 0 -1
    outer loop
      vertex 204.322 0.344477 0
      vertex 207 3 0
      vertex 205.061 0.608963 0
    endloop
  endfacet
  facet normal 0 0 -1
    outer loop
      vertex 203.561 0.153717 0
      vertex 207 3 0
      vertex 204.322 0.344477 0
    endloop
  endfacet
  facet normal 0 0 -1
    outer loop
      vertex 202.784 0.0385218 0
      vertex 207 3 0
      vertex 203.561 0.153717 0
    endloop
  endfacet
  facet normal 0 0 -1
    outer loop
      vertex 202 0 0
      vertex 207 3 0
      vertex 202.784 0.0385218 0
    endloop
  endfacet
  facet normal 0 0 -1
    outer loop
      vertex 8 0 0
      vertex 207 3 0
      vertex 202 0 0
    endloop
  endfacet
  facet normal 0 0 -1
    outer loop
      vertex 3 3 0
      vertex 8 0 0
      vertex 7.21586 0.0385218 0
    endloop
  endfacet
  facet normal 0 0 -1
    outer loop
      vertex 3 3 0
      vertex 7.21586 0.0385218 0
      vertex 6.43928 0.153717 0
    endloop
  endfacet
  facet normal 0 0 -1
    outer loop
      vertex 3 3 0
      vertex 6.43928 0.153717 0
      vertex 5.67772 0.344477 0
    endloop
  endfacet
  facet normal 0 0 -1
    outer loop
      vertex 3 3 0
      vertex 5.67772 0.344477 0
      vertex 4.93853 0.608963 0
    endloop
  endfacet
  facet normal 0 0 -1
    outer loop
      vertex 3 3 0
      vertex 4.93853 0.608963 0
      vertex 4.22883 0.94463 0
    endloop
  endfacet
  facet normal 0 0 -1
    outer loop
      vertex 3 3 0
      vertex 4.22883 0.94463 0
      vertex 3.55544 1.34824 0
    endloop
  endfacet
  facet normal 0 0 -1
    outer loop
      vertex 8 0 0
      vertex 3 3 0
      vertex 207 3 0
    endloop
  endfacet
  facet normal 0 0 -1
    outer loop
      vertex 2.34315 2.34315 0
      vertex 3 3 0
      vertex 2.92485 1.81592 0
    endloop
  endfacet
  facet normal 0 0 -1
    outer loop
      vertex 2.92485 1.81592 0
      vertex 3 3 0
      vertex 3.55544 1.34824 0
    endloop
  endfacet
  facet normal -0 0 -1
    outer loop
      vertex 207.657 165.657 0
      vertex 207 165 0
      vertex 207.075 166.184 0
    endloop
  endfacet
  facet normal 0 0 -1
    outer loop
      vertex 207 165 0
      vertex 206.445 166.652 0
      vertex 207.075 166.184 0
    endloop
  endfacet
  facet normal 0 0 -1
    outer loop
      vertex 207 165 0
      vertex 205.771 167.055 0
      vertex 206.445 166.652 0
    endloop
  endfacet
  facet normal 0 0 -1
    outer loop
      vertex 207 165 0
      vertex 205.061 167.391 0
      vertex 205.771 167.055 0
    endloop
  endfacet
  facet normal 0 0 -1
    outer loop
      vertex 207 165 0
      vertex 204.322 167.656 0
      vertex 205.061 167.391 0
    endloop
  endfacet
  facet normal 0 0 -1
    outer loop
      vertex 207 165 0
      vertex 203.561 167.846 0
      vertex 204.322 167.656 0
    endloop
  endfacet
  facet normal 0 0 -1
    outer loop
      vertex 207 165 0
      vertex 202.784 167.961 0
      vertex 203.561 167.846 0
    endloop
  endfacet
  facet normal 0 0 -1
    outer loop
      vertex 207 165 0
      vertex 202 168 0
      vertex 202.784 167.961 0
    endloop
  endfacet
  facet normal 0 0 -1
    outer loop
      vertex 207 165 0
      vertex 8 168 0
      vertex 202 168 0
    endloop
  endfacet
  facet normal 0 0 -1
    outer loop
      vertex 3 165 0
      vertex 8 168 0
      vertex 207 165 0
    endloop
  endfacet
  facet normal 0 0 -1
    outer loop
      vertex 8 168 0
      vertex 3 165 0
      vertex 7.21586 167.961 0
    endloop
  endfacet
  facet normal 0 0 -1
    outer loop
      vertex 7.21586 167.961 0
      vertex 3 165 0
      vertex 6.43928 167.846 0
    endloop
  endfacet
  facet normal 0 0 -1
    outer loop
      vertex 6.43928 167.846 0
      vertex 3 165 0
      vertex 5.67772 167.656 0
    endloop
  endfacet
  facet normal 0 0 -1
    outer loop
      vertex 5.67772 167.656 0
      vertex 3 165 0
      vertex 4.93853 167.391 0
    endloop
  endfacet
  facet normal 0 0 -1
    outer loop
      vertex 4.93853 167.391 0
      vertex 3 165 0
      vertex 4.22883 167.055 0
    endloop
  endfacet
  facet normal 0 0 -1
    outer loop
      vertex 4.22883 167.055 0
      vertex 3 165 0
      vertex 3.55544 166.652 0
    endloop
  endfacet
  facet normal 0 0 -1
    outer loop
      vertex 3 165 0
      vertex 2.92485 166.184 0
      vertex 3.55544 166.652 0
    endloop
  endfacet
  facet normal 0 0 -1
    outer loop
      vertex 3 3 0
      vertex 0 8 0
      vertex 3 165 0
    endloop
  endfacet
  facet normal 0 0 -1
    outer loop
      vertex 1.81592 2.92485 0
      vertex 3 3 0
      vertex 2.34315 2.34315 0
    endloop
  endfacet
  facet normal 0 0 -1
    outer loop
      vertex 0 160 0
      vertex 3 165 0
      vertex 0 8 0
    endloop
  endfacet
  facet normal 0 0 -1
    outer loop
      vertex 1.34824 3.55544 0
      vertex 3 3 0
      vertex 1.81592 2.92485 0
    endloop
  endfacet
  facet normal 0 -0 -1
    outer loop
      vertex 0.0385218 160.784 0
      vertex 3 165 0
      vertex 0 160 0
    endloop
  endfacet
  facet normal 0 0 -1
    outer loop
      vertex 0.94463 4.22883 0
      vertex 3 3 0
      vertex 1.34824 3.55544 0
    endloop
  endfacet
  facet normal 0 0 -1
    outer loop
      vertex 3 165 0
      vertex 2.34315 165.657 0
      vertex 2.92485 166.184 0
    endloop
  endfacet
  facet normal 0 0 -1
    outer loop
      vertex 0.608963 4.93853 0
      vertex 3 3 0
      vertex 0.94463 4.22883 0
    endloop
  endfacet
  facet normal 0 0 -1
    outer loop
      vertex 3 165 0
      vertex 1.81592 165.075 0
      vertex 2.34315 165.657 0
    endloop
  endfacet
  facet normal 0 0 -1
    outer loop
      vertex 0.344477 5.67772 0
      vertex 3 3 0
      vertex 0.608963 4.93853 0
    endloop
  endfacet
  facet normal -0 0 -1
    outer loop
      vertex 3 165 0
      vertex 1.34824 164.445 0
      vertex 1.81592 165.075 0
    endloop
  endfacet
  facet normal 0 0 -1
    outer loop
      vertex 0.153717 6.43928 0
      vertex 3 3 0
      vertex 0.344477 5.67772 0
    endloop
  endfacet
  facet normal 0 0 -1
    outer loop
      vertex 3 165 0
      vertex 0.94463 163.771 0
      vertex 1.34824 164.445 0
    endloop
  endfacet
  facet normal 0 0 -1
    outer loop
      vertex 0.0385218 7.21586 0
      vertex 3 3 0
      vertex 0.153717 6.43928 0
    endloop
  endfacet
  facet normal 0 0 -1
    outer loop
      vertex 3 165 0
      vertex 0.608963 163.061 0
      vertex 0.94463 163.771 0
    endloop
  endfacet
  facet normal 0 0 -1
    outer loop
      vertex 3 3 0
      vertex 0.0385218 7.21586 0
      vertex 0 8 0
    endloop
  endfacet
  facet normal 0 0 -1
    outer loop
      vertex 3 165 0
      vertex 0.344477 162.322 0
      vertex 0.608963 163.061 0
    endloop
  endfacet
  facet normal 0 0 -1
    outer loop
      vertex 3 165 0
      vertex 0.153717 161.561 0
      vertex 0.344477 162.322 0
    endloop
  endfacet
  facet normal 0 0 -1
    outer loop
      vertex 3 165 0
      vertex 0.0385218 160.784 0
      vertex 0.153717 161.561 0
    endloop
  endfacet
  facet normal -0.989176 -0.146731 -2.51407e-19
    outer loop
      vertex 0.153717 6.43928 0
      vertex 0.0385218 7.21586 55
      vertex 0.0385218 7.21586 0
    endloop
  endfacet
  facet normal -0.989176 -0.146731 -2.51407e-19
    outer loop
      vertex 0.0385218 7.21586 55
      vertex 0.153717 6.43928 0
      vertex 0.153717 6.43928 55
    endloop
  endfacet
  facet normal -1 0 0
    outer loop
      vertex 0 8 0
      vertex 0 160 55
      vertex 0 160 0
    endloop
  endfacet
  facet normal -1 -0 0
    outer loop
      vertex 0 160 55
      vertex 0 8 0
      vertex 0 8 55
    endloop
  endfacet
  facet normal 0.998765 0.0496835 -1.64803e-21
    outer loop
      vertex 210 160 55
      vertex 209.961 160.784 0
      vertex 209.961 160.784 55
    endloop
  endfacet
  facet normal 0.998765 0.0496835 -1.64803e-21
    outer loop
      vertex 209.961 160.784 0
      vertex 210 160 55
      vertex 210 160 0
    endloop
  endfacet
  facet normal -0.998795 -0.049067 -1.82433e-20
    outer loop
      vertex 0.0385218 7.21586 0
      vertex 0 8 55
      vertex 0 8 0
    endloop
  endfacet
  facet normal -0.998795 -0.049067 -1.82433e-20
    outer loop
      vertex 0 8 55
      vertex 0.0385218 7.21586 0
      vertex 0.0385218 7.21586 55
    endloop
  endfacet
  facet normal -0.513527 0.858074 0
    outer loop
      vertex 4.22883 167.055 0
      vertex 3.55544 166.652 55
      vertex 4.22883 167.055 55
    endloop
  endfacet
  facet normal -0.513527 0.858074 0
    outer loop
      vertex 3.55544 166.652 55
      vertex 4.22883 167.055 0
      vertex 3.55544 166.652 0
    endloop
  endfacet
  facet normal 0 0 1
    outer loop
      vertex 15.5311 153.536 55
      vertex 27.9 154.85 55
      vertex 15.5693 153.688 55
    endloop
  endfacet
  facet normal 0 0 1
    outer loop
      vertex 27.9 57.35 55
      vertex 15.5923 14.1568 55
      vertex 15.6 14 55
    endloop
  endfacet
  facet normal 0 0 1
    outer loop
      vertex 15.4782 153.388 55
      vertex 27.9 154.85 55
      vertex 15.5311 153.536 55
    endloop
  endfacet
  facet normal 0 0 1
    outer loop
      vertex 27.9 57.35 55
      vertex 15.5693 14.3121 55
      vertex 15.5923 14.1568 55
    endloop
  endfacet
  facet normal 0 0 1
    outer loop
      vertex 15.4111 153.246 55
      vertex 27.9 154.85 55
      vertex 15.4782 153.388 55
    endloop
  endfacet
  facet normal 0 0 1
    outer loop
      vertex 27.9 57.35 55
      vertex 15.5311 14.4645 55
      vertex 15.5693 14.3121 55
    endloop
  endfacet
  facet normal 0 0 1
    outer loop
      vertex 15.3304 153.111 55
      vertex 27.9 154.85 55
      vertex 15.4111 153.246 55
    endloop
  endfacet
  facet normal 0 0 1
    outer loop
      vertex 27.9 57.35 55
      vertex 15.4782 14.6123 55
      vertex 15.5311 14.4645 55
    endloop
  endfacet
  facet normal 0 0 1
    outer loop
      vertex 15.2368 152.985 55
      vertex 27.9 154.85 55
      vertex 15.3304 153.111 55
    endloop
  endfacet
  facet normal 0 0 1
    outer loop
      vertex 27.9 57.35 55
      vertex 15.4111 14.7542 55
      vertex 15.4782 14.6123 55
    endloop
  endfacet
  facet normal 0 0 1
    outer loop
      vertex 15.1314 152.869 55
      vertex 27.9 154.85 55
      vertex 15.2368 152.985 55
    endloop
  endfacet
  facet normal 0 0 1
    outer loop
      vertex 27.9 57.35 55
      vertex 15.3304 14.8889 55
      vertex 15.4111 14.7542 55
    endloop
  endfacet
  facet normal 0 0 1
    outer loop
      vertex 15.015 152.763 55
      vertex 27.9 154.85 55
      vertex 15.1314 152.869 55
    endloop
  endfacet
  facet normal 0 0 1
    outer loop
      vertex 27.9 57.35 55
      vertex 15.2368 15.015 55
      vertex 15.3304 14.8889 55
    endloop
  endfacet
  facet normal 0 0 1
    outer loop
      vertex 14.8889 152.67 55
      vertex 27.9 154.85 55
      vertex 15.015 152.763 55
    endloop
  endfacet
  facet normal 0 0 1
    outer loop
      vertex 27.9 57.35 55
      vertex 15.1314 15.1314 55
      vertex 15.2368 15.015 55
    endloop
  endfacet
  facet normal 0 0 1
    outer loop
      vertex 14.7542 152.589 55
      vertex 27.9 154.85 55
      vertex 14.8889 152.67 55
    endloop
  endfacet
  facet normal 0 0 1
    outer loop
      vertex 27.9 57.35 55
      vertex 15.015 15.2368 55
      vertex 15.1314 15.1314 55
    endloop
  endfacet
  facet normal 0 0 1
    outer loop
      vertex 14.6123 152.522 55
      vertex 27.9 154.85 55
      vertex 14.7542 152.589 55
    endloop
  endfacet
  facet normal 0 0 1
    outer loop
      vertex 27.9 57.35 55
      vertex 14.8889 15.3304 55
      vertex 15.015 15.2368 55
    endloop
  endfacet
  facet normal 0 0 1
    outer loop
      vertex 14.4645 152.469 55
      vertex 27.9 154.85 55
      vertex 14.6123 152.522 55
    endloop
  endfacet
  facet normal 0 0 1
    outer loop
      vertex 27.9 57.35 55
      vertex 14.7542 15.4111 55
      vertex 14.8889 15.3304 55
    endloop
  endfacet
  facet normal 0 0 1
    outer loop
      vertex 27.9 154.85 55
      vertex 14.4645 152.469 55
      vertex 27.9 57.35 55
    endloop
  endfacet
  facet normal 0 0 1
    outer loop
      vertex 27.9 57.35 55
      vertex 14.6123 15.4782 55
      vertex 14.7542 15.4111 55
    endloop
  endfacet
  facet normal -0 0 1
    outer loop
      vertex 14.3121 152.431 55
      vertex 27.9 57.35 55
      vertex 14.4645 152.469 55
    endloop
  endfacet
  facet normal 0 0 1
    outer loop
      vertex 27.9 57.35 55
      vertex 14.4645 15.5311 55
      vertex 14.6123 15.4782 55
    endloop
  endfacet
  facet normal -0 0 1
    outer loop
      vertex 14.1568 152.408 55
      vertex 27.9 57.35 55
      vertex 14.3121 152.431 55
    endloop
  endfacet
  facet normal 0 0 1
    outer loop
      vertex 27.9 57.35 55
      vertex 14.3121 15.5693 55
      vertex 14.4645 15.5311 55
    endloop
  endfacet
  facet normal -0 0 1
    outer loop
      vertex 14 152.4 55
      vertex 27.9 57.35 55
      vertex 14.1568 152.408 55
    endloop
  endfacet
  facet normal 0 0 1
    outer loop
      vertex 27.9 57.35 55
      vertex 14.1568 15.5923 55
      vertex 14.3121 15.5693 55
    endloop
  endfacet
  facet normal 0 0 1
    outer loop
      vertex 13.8432 152.408 55
      vertex 27.9 57.35 55
      vertex 14 152.4 55
    endloop
  endfacet
  facet normal 0 0 1
    outer loop
      vertex 27.9 57.35 55
      vertex 14 15.6 55
      vertex 14.1568 15.5923 55
    endloop
  endfacet
  facet normal 0 0 1
    outer loop
      vertex 13.6879 152.431 55
      vertex 27.9 57.35 55
      vertex 13.8432 152.408 55
    endloop
  endfacet
  facet normal 0 0 1
    outer loop
      vertex 27.9 57.35 55
      vertex 13.8432 15.5923 55
      vertex 14 15.6 55
    endloop
  endfacet
  facet normal 0 0 1
    outer loop
      vertex 13.5355 152.469 55
      vertex 27.9 57.35 55
      vertex 13.6879 152.431 55
    endloop
  endfacet
  facet normal 0 0 1
    outer loop
      vertex 27.9 57.35 55
      vertex 13.6879 15.5693 55
      vertex 13.8432 15.5923 55
    endloop
  endfacet
  facet normal 0 0 1
    outer loop
      vertex 13.3877 152.522 55
      vertex 27.9 57.35 55
      vertex 13.5355 152.469 55
    endloop
  endfacet
  facet normal 0 0 1
    outer loop
      vertex 27.9 57.35 55
      vertex 13.5355 15.5311 55
      vertex 13.6879 15.5693 55
    endloop
  endfacet
  facet normal 0 0 1
    outer loop
      vertex 13.2458 152.589 55
      vertex 27.9 57.35 55
      vertex 13.3877 152.522 55
    endloop
  endfacet
  facet normal 0 0 1
    outer loop
      vertex 27.9 57.35 55
      vertex 13.3877 15.4782 55
      vertex 13.5355 15.5311 55
    endloop
  endfacet
  facet normal 0 0 1
    outer loop
      vertex 13.1111 152.67 55
      vertex 27.9 57.35 55
      vertex 13.2458 152.589 55
    endloop
  endfacet
  facet normal 0 0 1
    outer loop
      vertex 27.9 57.35 55
      vertex 13.2458 15.4111 55
      vertex 13.3877 15.4782 55
    endloop
  endfacet
  facet normal 0 0 1
    outer loop
      vertex 0 160 55
      vertex 27.9 57.35 55
      vertex 13.1111 152.67 55
    endloop
  endfacet
  facet normal 0 0 1
    outer loop
      vertex 27.9 57.35 55
      vertex 13.1111 15.3304 55
      vertex 13.2458 15.4111 55
    endloop
  endfacet
  facet normal 0 0 1
    outer loop
      vertex 0 160 55
      vertex 13.1111 152.67 55
      vertex 12.985 152.763 55
    endloop
  endfacet
  facet normal 0 0 1
    outer loop
      vertex 0 8 55
      vertex 27.9 57.35 55
      vertex 0 160 55
    endloop
  endfacet
  facet normal 0 0 1
    outer loop
      vertex 0 160 55
      vertex 12.985 152.763 55
      vertex 12.8686 152.869 55
    endloop
  endfacet
  facet normal 0 -0 1
    outer loop
      vertex 12.985 15.2368 55
      vertex 27.9 57.35 55
      vertex 0 8 55
    endloop
  endfacet
  facet normal 0 0 1
    outer loop
      vertex 0 160 55
      vertex 12.8686 152.869 55
      vertex 12.7632 152.985 55
    endloop
  endfacet
  facet normal 0 0 1
    outer loop
      vertex 27.9 57.35 55
      vertex 12.985 15.2368 55
      vertex 13.1111 15.3304 55
    endloop
  endfacet
  facet normal 0 0 1
    outer loop
      vertex 0 160 55
      vertex 12.7632 152.985 55
      vertex 12.6696 153.111 55
    endloop
  endfacet
  facet normal 0 0 1
    outer loop
      vertex 12.985 15.2368 55
      vertex 0 8 55
      vertex 12.8686 15.1314 55
    endloop
  endfacet
  facet normal 0 0 1
    outer loop
      vertex 0 160 55
      vertex 12.6696 153.111 55
      vertex 12.5889 153.246 55
    endloop
  endfacet
  facet normal 0 0 1
    outer loop
      vertex 12.8686 15.1314 55
      vertex 0 8 55
      vertex 12.7632 15.015 55
    endloop
  endfacet
  facet normal 0 0 1
    outer loop
      vertex 0 160 55
      vertex 12.5889 153.246 55
      vertex 12.5218 153.388 55
    endloop
  endfacet
  facet normal 0 0 1
    outer loop
      vertex 12.7632 15.015 55
      vertex 0 8 55
      vertex 12.6696 14.8889 55
    endloop
  endfacet
  facet normal 0 0 1
    outer loop
      vertex 0 160 55
      vertex 12.5218 153.388 55
      vertex 12.4689 153.536 55
    endloop
  endfacet
  facet normal 0 0 1
    outer loop
      vertex 12.6696 14.8889 55
      vertex 0 8 55
      vertex 12.5889 14.7542 55
    endloop
  endfacet
  facet normal 0 0 1
    outer loop
      vertex 0 160 55
      vertex 12.4689 153.536 55
      vertex 12.4307 153.688 55
    endloop
  endfacet
  facet normal 0 0 1
    outer loop
      vertex 12.5889 14.7542 55
      vertex 0 8 55
      vertex 12.5218 14.6123 55
    endloop
  endfacet
  facet normal 0 0 1
    outer loop
      vertex 0 160 55
      vertex 12.4307 153.688 55
      vertex 12.4077 153.843 55
    endloop
  endfacet
  facet normal 0 0 1
    outer loop
      vertex 12.5218 14.6123 55
      vertex 0 8 55
      vertex 12.4689 14.4645 55
    endloop
  endfacet
  facet normal 0 0 1
    outer loop
      vertex 0 160 55
      vertex 12.4077 153.843 55
      vertex 12.4 154 55
    endloop
  endfacet
  facet normal 0 0 1
    outer loop
      vertex 12.4689 14.4645 55
      vertex 0 8 55
      vertex 12.4307 14.3121 55
    endloop
  endfacet
  facet normal 0 0 1
    outer loop
      vertex 194.469 14.4645 55
      vertex 122.913 24.5284 55
      vertex 123 22.7247 55
    endloop
  endfacet
  facet normal 0 0 1
    outer loop
      vertex 182.1 57.35 55
      vertex 122.735 25.7573 55
      vertex 122.913 24.5284 55
    endloop
  endfacet
  facet normal 0 0 1
    outer loop
      vertex 182.1 57.35 55
      vertex 122.654 26.3147 55
      vertex 122.735 25.7573 55
    endloop
  endfacet
  facet normal 0 0 1
    outer loop
      vertex 182.1 57.35 55
      vertex 122.378 27.4431 55
      vertex 122.654 26.3147 55
    endloop
  endfacet
  facet normal 0 0 1
    outer loop
      vertex 182.1 57.35 55
      vertex 122.225 28.0665 55
      vertex 122.378 27.4431 55
    endloop
  endfacet
  facet normal 0 0 1
    outer loop
      vertex 182.1 57.35 55
      vertex 121.993 28.7284 55
      vertex 122.225 28.0665 55
    endloop
  endfacet
  facet normal 0 0 1
    outer loop
      vertex 182.1 57.35 55
      vertex 121.63 29.7669 55
      vertex 121.993 28.7284 55
    endloop
  endfacet
  facet normal 0 0 1
    outer loop
      vertex 182.1 57.35 55
      vertex 121.207 30.681 55
      vertex 121.63 29.7669 55
    endloop
  endfacet
  facet normal 0 0 1
    outer loop
      vertex 182.1 57.35 55
      vertex 120.875 31.3994 55
      vertex 121.207 30.681 55
    endloop
  endfacet
  facet normal 0 0 1
    outer loop
      vertex 182.1 57.35 55
      vertex 119.966 32.9483 55
      vertex 120.875 31.3994 55
    endloop
  endfacet
  facet normal 0 0 1
    outer loop
      vertex 182.1 57.35 55
      vertex 119.421 33.7004 55
      vertex 119.966 32.9483 55
    endloop
  endfacet
  facet normal 0 0 1
    outer loop
      vertex 182.1 57.35 55
      vertex 118.914 34.3988 55
      vertex 119.421 33.7004 55
    endloop
  endfacet
  facet normal 0 0 1
    outer loop
      vertex 182.1 57.35 55
      vertex 117.728 35.7369 55
      vertex 118.914 34.3988 55
    endloop
  endfacet
  facet normal 0 0 1
    outer loop
      vertex 182.1 57.35 55
      vertex 116.419 36.9497 55
      vertex 117.728 35.7369 55
    endloop
  endfacet
  facet normal 0 0 1
    outer loop
      vertex 182.1 57.35 55
      vertex 115 38.0255 55
      vertex 116.419 36.9497 55
    endloop
  endfacet
  facet normal 0 0 1
    outer loop
      vertex 182.1 57.35 55
      vertex 114.454 38.3601 55
      vertex 115 38.0255 55
    endloop
  endfacet
  facet normal 0 0 1
    outer loop
      vertex 182.1 57.35 55
      vertex 113.485 38.9539 55
      vertex 114.454 38.3601 55
    endloop
  endfacet
  facet normal 0 0 1
    outer loop
      vertex 182.1 57.35 55
      vertex 111.888 39.726 55
      vertex 113.485 38.9539 55
    endloop
  endfacet
  facet normal 0 0 1
    outer loop
      vertex 182.1 57.35 55
      vertex 110.225 40.3344 55
      vertex 111.888 39.726 55
    endloop
  endfacet
  facet normal 0 0 1
    outer loop
      vertex 182.1 57.35 55
      vertex 109.028 40.6411 55
      vertex 110.225 40.3344 55
    endloop
  endfacet
  facet normal 0 0 1
    outer loop
      vertex 182.1 57.35 55
      vertex 108.512 40.7732 55
      vertex 109.028 40.6411 55
    endloop
  endfacet
  facet normal 0 0 1
    outer loop
      vertex 182.1 57.35 55
      vertex 106.764 41.0382 55
      vertex 108.512 40.7732 55
    endloop
  endfacet
  facet normal 0 0 1
    outer loop
      vertex 182.1 57.35 55
      vertex 106.252 41.0639 55
      vertex 106.764 41.0382 55
    endloop
  endfacet
  facet normal 0 0 1
    outer loop
      vertex 182.1 57.35 55
      vertex 105 41.1268 55
      vertex 106.252 41.0639 55
    endloop
  endfacet
  facet normal -0 0 1
    outer loop
      vertex 27.9 57.35 55
      vertex 105 41.1268 55
      vertex 182.1 57.35 55
    endloop
  endfacet
  facet normal 0 0 1
    outer loop
      vertex 105 41.1268 55
      vertex 27.9 57.35 55
      vertex 103.748 41.0639 55
    endloop
  endfacet
  facet normal 0 0 1
    outer loop
      vertex 103.748 41.0639 55
      vertex 27.9 57.35 55
      vertex 103.236 41.0382 55
    endloop
  endfacet
  facet normal 0 0 1
    outer loop
      vertex 27.9 57.35 55
      vertex 100.972 40.6411 55
      vertex 101.488 40.7732 55
    endloop
  endfacet
  facet normal 0 0 1
    outer loop
      vertex 27.9 57.35 55
      vertex 95.5458 38.3601 55
      vertex 96.5149 38.9539 55
    endloop
  endfacet
  facet normal 0 0 1
    outer loop
      vertex 27.9 57.35 55
      vertex 90.5791 33.7004 55
      vertex 91.0858 34.3988 55
    endloop
  endfacet
  facet normal 0 0 1
    outer loop
      vertex 27.9 57.35 55
      vertex 88.0067 28.7284 55
      vertex 88.3702 29.7669 55
    endloop
  endfacet
  facet normal 0 0 1
    outer loop
      vertex 27.9 57.35 55
      vertex 87.6223 27.4431 55
      vertex 87.7751 28.0665 55
    endloop
  endfacet
  facet normal 0 0 1
    outer loop
      vertex 27.9 57.35 55
      vertex 87.265 25.7573 55
      vertex 87.3459 26.3147 55
    endloop
  endfacet
  facet normal 0 0 1
    outer loop
      vertex 15.6 14 55
      vertex 87.0867 24.5284 55
      vertex 27.9 57.35 55
    endloop
  endfacet
  facet normal 0 0 1
    outer loop
      vertex 87.265 25.7573 55
      vertex 27.9 57.35 55
      vertex 87.0867 24.5284 55
    endloop
  endfacet
  facet normal 0 0 1
    outer loop
      vertex 87.6223 27.4431 55
      vertex 27.9 57.35 55
      vertex 87.3459 26.3147 55
    endloop
  endfacet
  facet normal 0 0 1
    outer loop
      vertex 88.0067 28.7284 55
      vertex 27.9 57.35 55
      vertex 87.7751 28.0665 55
    endloop
  endfacet
  facet normal 0 0 1
    outer loop
      vertex 88.7931 30.681 55
      vertex 27.9 57.35 55
      vertex 88.3702 29.7669 55
    endloop
  endfacet
  facet normal 0 0 1
    outer loop
      vertex 89.1254 31.3994 55
      vertex 27.9 57.35 55
      vertex 88.7931 30.681 55
    endloop
  endfacet
  facet normal 0 0 1
    outer loop
      vertex 90.0335 32.9483 55
      vertex 27.9 57.35 55
      vertex 89.1254 31.3994 55
    endloop
  endfacet
  facet normal 0 0 1
    outer loop
      vertex 90.5791 33.7004 55
      vertex 27.9 57.35 55
      vertex 90.0335 32.9483 55
    endloop
  endfacet
  facet normal 0 0 1
    outer loop
      vertex 92.2721 35.7369 55
      vertex 27.9 57.35 55
      vertex 91.0858 34.3988 55
    endloop
  endfacet
  facet normal 0 0 1
    outer loop
      vertex 93.5809 36.9497 55
      vertex 27.9 57.35 55
      vertex 92.2721 35.7369 55
    endloop
  endfacet
  facet normal 0 0 1
    outer loop
      vertex 94.9997 38.0255 55
      vertex 27.9 57.35 55
      vertex 93.5809 36.9497 55
    endloop
  endfacet
  facet normal 0 0 1
    outer loop
      vertex 95.5458 38.3601 55
      vertex 27.9 57.35 55
      vertex 94.9997 38.0255 55
    endloop
  endfacet
  facet normal 0 0 1
    outer loop
      vertex 98.1117 39.726 55
      vertex 27.9 57.35 55
      vertex 96.5149 38.9539 55
    endloop
  endfacet
  facet normal 0 0 1
    outer loop
      vertex 99.7749 40.3344 55
      vertex 27.9 57.35 55
      vertex 98.1117 39.726 55
    endloop
  endfacet
  facet normal 0 0 1
    outer loop
      vertex 100.972 40.6411 55
      vertex 27.9 57.35 55
      vertex 99.7749 40.3344 55
    endloop
  endfacet
  facet normal 0 0 1
    outer loop
      vertex 103.236 41.0382 55
      vertex 27.9 57.35 55
      vertex 101.488 40.7732 55
    endloop
  endfacet
  facet normal 0 0 1
    outer loop
      vertex 197.531 153.536 55
      vertex 210 160 55
      vertex 197.569 153.688 55
    endloop
  endfacet
  facet normal 0 0 1
    outer loop
      vertex 210 8 55
      vertex 197.592 14.1568 55
      vertex 197.6 14 55
    endloop
  endfacet
  facet normal 0 0 1
    outer loop
      vertex 197.478 153.388 55
      vertex 210 160 55
      vertex 197.531 153.536 55
    endloop
  endfacet
  facet normal 0 0 1
    outer loop
      vertex 210 8 55
      vertex 197.569 14.3121 55
      vertex 197.592 14.1568 55
    endloop
  endfacet
  facet normal 0 0 1
    outer loop
      vertex 197.411 153.246 55
      vertex 210 160 55
      vertex 197.478 153.388 55
    endloop
  endfacet
  facet normal 0 0 1
    outer loop
      vertex 210 8 55
      vertex 197.531 14.4645 55
      vertex 197.569 14.3121 55
    endloop
  endfacet
  facet normal 0 0 1
    outer loop
      vertex 197.33 153.111 55
      vertex 210 160 55
      vertex 197.411 153.246 55
    endloop
  endfacet
  facet normal 0 0 1
    outer loop
      vertex 210 8 55
      vertex 197.478 14.6123 55
      vertex 197.531 14.4645 55
    endloop
  endfacet
  facet normal 0 0 1
    outer loop
      vertex 197.237 152.985 55
      vertex 210 160 55
      vertex 197.33 153.111 55
    endloop
  endfacet
  facet normal 0 0 1
    outer loop
      vertex 210 8 55
      vertex 197.411 14.7542 55
      vertex 197.478 14.6123 55
    endloop
  endfacet
  facet normal 0 0 1
    outer loop
      vertex 210 160 55
      vertex 182.1 57.35 55
      vertex 210 8 55
    endloop
  endfacet
  facet normal -0 -0 1
    outer loop
      vertex 197.015 15.2368 55
      vertex 210 8 55
      vertex 182.1 57.35 55
    endloop
  endfacet
  facet normal 0 0 1
    outer loop
      vertex 197.131 152.869 55
      vertex 210 160 55
      vertex 197.237 152.985 55
    endloop
  endfacet
  facet normal 0 0 1
    outer loop
      vertex 210 8 55
      vertex 197.33 14.8889 55
      vertex 197.411 14.7542 55
    endloop
  endfacet
  facet normal 0 0 1
    outer loop
      vertex 197.015 152.763 55
      vertex 210 160 55
      vertex 197.131 152.869 55
    endloop
  endfacet
  facet normal 0 0 1
    outer loop
      vertex 210 8 55
      vertex 197.237 15.015 55
      vertex 197.33 14.8889 55
    endloop
  endfacet
  facet normal 0 0 1
    outer loop
      vertex 196.889 152.67 55
      vertex 210 160 55
      vertex 197.015 152.763 55
    endloop
  endfacet
  facet normal 0 0 1
    outer loop
      vertex 210 8 55
      vertex 197.131 15.1314 55
      vertex 197.237 15.015 55
    endloop
  endfacet
  facet normal 0 0 1
    outer loop
      vertex 210 160 55
      vertex 196.889 152.67 55
      vertex 182.1 57.35 55
    endloop
  endfacet
  facet normal 0 0 1
    outer loop
      vertex 210 8 55
      vertex 197.015 15.2368 55
      vertex 197.131 15.1314 55
    endloop
  endfacet
  facet normal 0 0 1
    outer loop
      vertex 182.1 57.35 55
      vertex 196.889 152.67 55
      vertex 196.754 152.589 55
    endloop
  endfacet
  facet normal 0 0 1
    outer loop
      vertex 197.015 15.2368 55
      vertex 182.1 57.35 55
      vertex 196.889 15.3304 55
    endloop
  endfacet
  facet normal 0 0 1
    outer loop
      vertex 182.1 57.35 55
      vertex 196.754 152.589 55
      vertex 196.612 152.522 55
    endloop
  endfacet
  facet normal 0 0 1
    outer loop
      vertex 196.889 15.3304 55
      vertex 182.1 57.35 55
      vertex 196.754 15.4111 55
    endloop
  endfacet
  facet normal 0 0 1
    outer loop
      vertex 182.1 57.35 55
      vertex 196.612 152.522 55
      vertex 196.464 152.469 55
    endloop
  endfacet
  facet normal 0 0 1
    outer loop
      vertex 196.754 15.4111 55
      vertex 182.1 57.35 55
      vertex 196.612 15.4782 55
    endloop
  endfacet
  facet normal 0 0 1
    outer loop
      vertex 182.1 57.35 55
      vertex 196.464 152.469 55
      vertex 196.312 152.431 55
    endloop
  endfacet
  facet normal 0 0 1
    outer loop
      vertex 196.612 15.4782 55
      vertex 182.1 57.35 55
      vertex 196.464 15.5311 55
    endloop
  endfacet
  facet normal 0 0 1
    outer loop
      vertex 182.1 57.35 55
      vertex 196.312 152.431 55
      vertex 196.157 152.408 55
    endloop
  endfacet
  facet normal 0 0 1
    outer loop
      vertex 196.464 15.5311 55
      vertex 182.1 57.35 55
      vertex 196.312 15.5693 55
    endloop
  endfacet
  facet normal 0 0 1
    outer loop
      vertex 182.1 57.35 55
      vertex 196.157 152.408 55
      vertex 196 152.4 55
    endloop
  endfacet
  facet normal 0 0 1
    outer loop
      vertex 196.312 15.5693 55
      vertex 182.1 57.35 55
      vertex 196.157 15.5923 55
    endloop
  endfacet
  facet normal 0 0 1
    outer loop
      vertex 182.1 57.35 55
      vertex 196 152.4 55
      vertex 195.843 152.408 55
    endloop
  endfacet
  facet normal 0 0 1
    outer loop
      vertex 196.157 15.5923 55
      vertex 182.1 57.35 55
      vertex 196 15.6 55
    endloop
  endfacet
  facet normal 0 0 1
    outer loop
      vertex 182.1 57.35 55
      vertex 195.843 152.408 55
      vertex 195.688 152.431 55
    endloop
  endfacet
  facet normal 0 0 1
    outer loop
      vertex 196 15.6 55
      vertex 182.1 57.35 55
      vertex 195.843 15.5923 55
    endloop
  endfacet
  facet normal 0 0 1
    outer loop
      vertex 182.1 57.35 55
      vertex 195.688 152.431 55
      vertex 195.536 152.469 55
    endloop
  endfacet
  facet normal 0 0 1
    outer loop
      vertex 195.843 15.5923 55
      vertex 182.1 57.35 55
      vertex 195.688 15.5693 55
    endloop
  endfacet
  facet normal 0 0 1
    outer loop
      vertex 182.1 154.85 55
      vertex 195.536 152.469 55
      vertex 195.388 152.522 55
    endloop
  endfacet
  facet normal 0 0 1
    outer loop
      vertex 195.688 15.5693 55
      vertex 182.1 57.35 55
      vertex 195.536 15.5311 55
    endloop
  endfacet
  facet normal 0 0 1
    outer loop
      vertex 182.1 154.85 55
      vertex 195.388 152.522 55
      vertex 195.246 152.589 55
    endloop
  endfacet
  facet normal 0 0 1
    outer loop
      vertex 195.536 15.5311 55
      vertex 182.1 57.35 55
      vertex 195.388 15.4782 55
    endloop
  endfacet
  facet normal 0 0 1
    outer loop
      vertex 182.1 154.85 55
      vertex 195.246 152.589 55
      vertex 195.111 152.67 55
    endloop
  endfacet
  facet normal 0 0 1
    outer loop
      vertex 195.388 15.4782 55
      vertex 182.1 57.35 55
      vertex 195.246 15.4111 55
    endloop
  endfacet
  facet normal 0 0 1
    outer loop
      vertex 182.1 154.85 55
      vertex 195.111 152.67 55
      vertex 194.985 152.763 55
    endloop
  endfacet
  facet normal 0 0 1
    outer loop
      vertex 195.246 15.4111 55
      vertex 182.1 57.35 55
      vertex 195.111 15.3304 55
    endloop
  endfacet
  facet normal 0 0 1
    outer loop
      vertex 182.1 154.85 55
      vertex 194.985 152.763 55
      vertex 194.869 152.869 55
    endloop
  endfacet
  facet normal 0 0 1
    outer loop
      vertex 195.111 15.3304 55
      vertex 182.1 57.35 55
      vertex 194.985 15.2368 55
    endloop
  endfacet
  facet normal 0 0 1
    outer loop
      vertex 182.1 154.85 55
      vertex 194.869 152.869 55
      vertex 194.763 152.985 55
    endloop
  endfacet
  facet normal 0 0 1
    outer loop
      vertex 194.985 15.2368 55
      vertex 182.1 57.35 55
      vertex 194.869 15.1314 55
    endloop
  endfacet
  facet normal 0 0 1
    outer loop
      vertex 182.1 154.85 55
      vertex 194.763 152.985 55
      vertex 194.67 153.111 55
    endloop
  endfacet
  facet normal 0 0 1
    outer loop
      vertex 194.869 15.1314 55
      vertex 182.1 57.35 55
      vertex 194.763 15.015 55
    endloop
  endfacet
  facet normal 0 0 1
    outer loop
      vertex 182.1 154.85 55
      vertex 194.67 153.111 55
      vertex 194.589 153.246 55
    endloop
  endfacet
  facet normal 0 0 1
    outer loop
      vertex 194.763 15.015 55
      vertex 182.1 57.35 55
      vertex 194.67 14.8889 55
    endloop
  endfacet
  facet normal 0 0 1
    outer loop
      vertex 182.1 154.85 55
      vertex 194.589 153.246 55
      vertex 194.522 153.388 55
    endloop
  endfacet
  facet normal 0 0 1
    outer loop
      vertex 194.67 14.8889 55
      vertex 182.1 57.35 55
      vertex 194.589 14.7542 55
    endloop
  endfacet
  facet normal 0 0 1
    outer loop
      vertex 182.1 154.85 55
      vertex 194.522 153.388 55
      vertex 194.469 153.536 55
    endloop
  endfacet
  facet normal 0 0 1
    outer loop
      vertex 194.589 14.7542 55
      vertex 182.1 57.35 55
      vertex 194.522 14.6123 55
    endloop
  endfacet
  facet normal 0 0 1
    outer loop
      vertex 182.1 154.85 55
      vertex 194.469 153.536 55
      vertex 194.431 153.688 55
    endloop
  endfacet
  facet normal -0 0 1
    outer loop
      vertex 122.913 24.5284 55
      vertex 194.522 14.6123 55
      vertex 182.1 57.35 55
    endloop
  endfacet
  facet normal 0 0 1
    outer loop
      vertex 182.1 154.85 55
      vertex 194.431 153.688 55
      vertex 194.408 153.843 55
    endloop
  endfacet
  facet normal 0 0 1
    outer loop
      vertex 122.913 24.5284 55
      vertex 194.469 14.4645 55
      vertex 194.522 14.6123 55
    endloop
  endfacet
  facet normal 0 0 1
    outer loop
      vertex 182.1 154.85 55
      vertex 194.408 153.843 55
      vertex 194.4 154 55
    endloop
  endfacet
  facet normal 0 0 1
    outer loop
      vertex 194.469 14.4645 55
      vertex 123 22.7247 55
      vertex 194.431 14.3121 55
    endloop
  endfacet
  facet normal 0 0 1
    outer loop
      vertex 197.237 155.015 55
      vertex 210 160 55
      vertex 209.961 160.784 55
    endloop
  endfacet
  facet normal 0 0 1
    outer loop
      vertex 197.592 153.843 55
      vertex 210 160 55
      vertex 197.6 154 55
    endloop
  endfacet
  facet normal 0 0 1
    outer loop
      vertex 197.131 155.131 55
      vertex 209.961 160.784 55
      vertex 209.846 161.561 55
    endloop
  endfacet
  facet normal 0 0 1
    outer loop
      vertex 197.569 153.688 55
      vertex 210 160 55
      vertex 197.592 153.843 55
    endloop
  endfacet
  facet normal 0 0 1
    outer loop
      vertex 197.131 155.131 55
      vertex 209.846 161.561 55
      vertex 209.656 162.322 55
    endloop
  endfacet
  facet normal -0 0 1
    outer loop
      vertex 197.592 13.8432 55
      vertex 210 8 55
      vertex 197.6 14 55
    endloop
  endfacet
  facet normal 0 0 1
    outer loop
      vertex 197.131 155.131 55
      vertex 209.656 162.322 55
      vertex 209.391 163.061 55
    endloop
  endfacet
  facet normal -0 0 1
    outer loop
      vertex 197.569 13.6879 55
      vertex 210 8 55
      vertex 197.592 13.8432 55
    endloop
  endfacet
  facet normal 0 0 1
    outer loop
      vertex 197.131 155.131 55
      vertex 209.391 163.061 55
      vertex 209.055 163.771 55
    endloop
  endfacet
  facet normal -0 0 1
    outer loop
      vertex 197.531 13.5355 55
      vertex 210 8 55
      vertex 197.569 13.6879 55
    endloop
  endfacet
  facet normal 0 0 1
    outer loop
      vertex 197.131 155.131 55
      vertex 209.055 163.771 55
      vertex 208.652 164.445 55
    endloop
  endfacet
  facet normal -0 0 1
    outer loop
      vertex 197.478 13.3877 55
      vertex 210 8 55
      vertex 197.531 13.5355 55
    endloop
  endfacet
  facet normal 0 0 1
    outer loop
      vertex 197.131 155.131 55
      vertex 208.652 164.445 55
      vertex 208.184 165.075 55
    endloop
  endfacet
  facet normal -0 0 1
    outer loop
      vertex 197.411 13.2458 55
      vertex 210 8 55
      vertex 197.478 13.3877 55
    endloop
  endfacet
  facet normal 0 0 1
    outer loop
      vertex 197.131 155.131 55
      vertex 208.184 165.075 55
      vertex 207.657 165.657 55
    endloop
  endfacet
  facet normal -0 0 1
    outer loop
      vertex 197.33 13.1111 55
      vertex 210 8 55
      vertex 197.411 13.2458 55
    endloop
  endfacet
  facet normal 0 0 1
    outer loop
      vertex 197.131 155.131 55
      vertex 207.657 165.657 55
      vertex 207.075 166.184 55
    endloop
  endfacet
  facet normal -0 0 1
    outer loop
      vertex 197.237 12.985 55
      vertex 210 8 55
      vertex 197.33 13.1111 55
    endloop
  endfacet
  facet normal 0 0 1
    outer loop
      vertex 197.131 155.131 55
      vertex 207.075 166.184 55
      vertex 206.445 166.652 55
    endloop
  endfacet
  facet normal 0 0 1
    outer loop
      vertex 210 8 55
      vertex 197.237 12.985 55
      vertex 209.961 7.21586 55
    endloop
  endfacet
  facet normal 0 0 1
    outer loop
      vertex 197.131 155.131 55
      vertex 206.445 166.652 55
      vertex 205.771 167.055 55
    endloop
  endfacet
  facet normal -0 0 1
    outer loop
      vertex 197.131 12.8686 55
      vertex 209.961 7.21586 55
      vertex 197.237 12.985 55
    endloop
  endfacet
  facet normal 0 0 1
    outer loop
      vertex 197.131 155.131 55
      vertex 205.771 167.055 55
      vertex 205.061 167.391 55
    endloop
  endfacet
  facet normal 0 0 1
    outer loop
      vertex 209.961 7.21586 55
      vertex 197.131 12.8686 55
      vertex 209.846 6.43928 55
    endloop
  endfacet
  facet normal 0 0 1
    outer loop
      vertex 197.131 155.131 55
      vertex 205.061 167.391 55
      vertex 204.322 167.656 55
    endloop
  endfacet
  facet normal 0 0 1
    outer loop
      vertex 209.846 6.43928 55
      vertex 197.131 12.8686 55
      vertex 209.656 5.67772 55
    endloop
  endfacet
  facet normal 0 0 1
    outer loop
      vertex 197.131 155.131 55
      vertex 204.322 167.656 55
      vertex 203.561 167.846 55
    endloop
  endfacet
  facet normal 0 0 1
    outer loop
      vertex 209.656 5.67772 55
      vertex 197.131 12.8686 55
      vertex 209.391 4.93853 55
    endloop
  endfacet
  facet normal 0 0 1
    outer loop
      vertex 197.131 155.131 55
      vertex 203.561 167.846 55
      vertex 202.784 167.961 55
    endloop
  endfacet
  facet normal 0 0 1
    outer loop
      vertex 209.391 4.93853 55
      vertex 197.131 12.8686 55
      vertex 209.055 4.22883 55
    endloop
  endfacet
  facet normal 0 0 1
    outer loop
      vertex 197.131 155.131 55
      vertex 202.784 167.961 55
      vertex 202 168 55
    endloop
  endfacet
  facet normal 0 0 1
    outer loop
      vertex 209.055 4.22883 55
      vertex 197.131 12.8686 55
      vertex 208.652 3.55544 55
    endloop
  endfacet
  facet normal 0 0 1
    outer loop
      vertex 208.652 3.55544 55
      vertex 197.131 12.8686 55
      vertex 208.184 2.92485 55
    endloop
  endfacet
  facet normal 0 0 1
    outer loop
      vertex 210 160 55
      vertex 197.592 154.157 55
      vertex 197.6 154 55
    endloop
  endfacet
  facet normal 0 0 1
    outer loop
      vertex 210 160 55
      vertex 197.569 154.312 55
      vertex 197.592 154.157 55
    endloop
  endfacet
  facet normal 0 0 1
    outer loop
      vertex 210 160 55
      vertex 197.531 154.464 55
      vertex 197.569 154.312 55
    endloop
  endfacet
  facet normal 0 0 1
    outer loop
      vertex 210 160 55
      vertex 197.478 154.612 55
      vertex 197.531 154.464 55
    endloop
  endfacet
  facet normal 0 0 1
    outer loop
      vertex 210 160 55
      vertex 197.411 154.754 55
      vertex 197.478 154.612 55
    endloop
  endfacet
  facet normal 0 0 1
    outer loop
      vertex 210 160 55
      vertex 197.33 154.889 55
      vertex 197.411 154.754 55
    endloop
  endfacet
  facet normal 0 0 1
    outer loop
      vertex 210 160 55
      vertex 197.237 155.015 55
      vertex 197.33 154.889 55
    endloop
  endfacet
  facet normal 0 0 1
    outer loop
      vertex 209.961 160.784 55
      vertex 197.131 155.131 55
      vertex 197.237 155.015 55
    endloop
  endfacet
  facet normal 0 0 1
    outer loop
      vertex 202 168 55
      vertex 197.015 155.237 55
      vertex 197.131 155.131 55
    endloop
  endfacet
  facet normal 0 0 1
    outer loop
      vertex 202 168 55
      vertex 196.889 155.33 55
      vertex 197.015 155.237 55
    endloop
  endfacet
  facet normal 0 0 1
    outer loop
      vertex 202 168 55
      vertex 196.754 155.411 55
      vertex 196.889 155.33 55
    endloop
  endfacet
  facet normal 0 0 1
    outer loop
      vertex 202 168 55
      vertex 196.612 155.478 55
      vertex 196.754 155.411 55
    endloop
  endfacet
  facet normal 0 0 1
    outer loop
      vertex 202 168 55
      vertex 196.464 155.531 55
      vertex 196.612 155.478 55
    endloop
  endfacet
  facet normal 0 0 1
    outer loop
      vertex 202 168 55
      vertex 196.312 155.569 55
      vertex 196.464 155.531 55
    endloop
  endfacet
  facet normal 0 0 1
    outer loop
      vertex 202 168 55
      vertex 196.157 155.592 55
      vertex 196.312 155.569 55
    endloop
  endfacet
  facet normal 0 0 1
    outer loop
      vertex 202 168 55
      vertex 196 155.6 55
      vertex 196.157 155.592 55
    endloop
  endfacet
  facet normal 0 0 1
    outer loop
      vertex 202 168 55
      vertex 195.843 155.592 55
      vertex 196 155.6 55
    endloop
  endfacet
  facet normal 0 0 1
    outer loop
      vertex 202 168 55
      vertex 195.688 155.569 55
      vertex 195.843 155.592 55
    endloop
  endfacet
  facet normal 0 0 1
    outer loop
      vertex 202 168 55
      vertex 195.536 155.531 55
      vertex 195.688 155.569 55
    endloop
  endfacet
  facet normal 0 0 1
    outer loop
      vertex 202 168 55
      vertex 195.388 155.478 55
      vertex 195.536 155.531 55
    endloop
  endfacet
  facet normal 0 0 1
    outer loop
      vertex 202 168 55
      vertex 195.246 155.411 55
      vertex 195.388 155.478 55
    endloop
  endfacet
  facet normal 0 0 1
    outer loop
      vertex 202 168 55
      vertex 195.111 155.33 55
      vertex 195.246 155.411 55
    endloop
  endfacet
  facet normal 0 0 1
    outer loop
      vertex 182.1 154.85 55
      vertex 195.111 155.33 55
      vertex 202 168 55
    endloop
  endfacet
  facet normal 0 0 1
    outer loop
      vertex 195.111 155.33 55
      vertex 182.1 154.85 55
      vertex 194.985 155.237 55
    endloop
  endfacet
  facet normal 0 0 1
    outer loop
      vertex 194.985 155.237 55
      vertex 182.1 154.85 55
      vertex 194.869 155.131 55
    endloop
  endfacet
  facet normal 0 0 1
    outer loop
      vertex 194.869 155.131 55
      vertex 182.1 154.85 55
      vertex 194.763 155.015 55
    endloop
  endfacet
  facet normal 0 0 1
    outer loop
      vertex 194.763 155.015 55
      vertex 182.1 154.85 55
      vertex 194.67 154.889 55
    endloop
  endfacet
  facet normal 0 0 1
    outer loop
      vertex 195.536 152.469 55
      vertex 182.1 154.85 55
      vertex 182.1 57.35 55
    endloop
  endfacet
  facet normal 0 0 1
    outer loop
      vertex 194.408 154.157 55
      vertex 182.1 154.85 55
      vertex 194.4 154 55
    endloop
  endfacet
  facet normal 0 0 1
    outer loop
      vertex 194.431 154.312 55
      vertex 182.1 154.85 55
      vertex 194.408 154.157 55
    endloop
  endfacet
  facet normal 0 0 1
    outer loop
      vertex 194.469 154.464 55
      vertex 182.1 154.85 55
      vertex 194.431 154.312 55
    endloop
  endfacet
  facet normal 0 0 1
    outer loop
      vertex 194.522 154.612 55
      vertex 182.1 154.85 55
      vertex 194.469 154.464 55
    endloop
  endfacet
  facet normal 0 0 1
    outer loop
      vertex 194.589 154.754 55
      vertex 182.1 154.85 55
      vertex 194.522 154.612 55
    endloop
  endfacet
  facet normal 0 0 1
    outer loop
      vertex 194.67 154.889 55
      vertex 182.1 154.85 55
      vertex 194.589 154.754 55
    endloop
  endfacet
  facet normal 0 0 1
    outer loop
      vertex 202 168 55
      vertex 27.9 154.85 55
      vertex 182.1 154.85 55
    endloop
  endfacet
  facet normal 0 0 1
    outer loop
      vertex 15.5923 153.843 55
      vertex 27.9 154.85 55
      vertex 15.6 154 55
    endloop
  endfacet
  facet normal -0 0 1
    outer loop
      vertex 8 168 55
      vertex 27.9 154.85 55
      vertex 202 168 55
    endloop
  endfacet
  facet normal 0 0 1
    outer loop
      vertex 27.9 154.85 55
      vertex 15.5923 154.157 55
      vertex 15.6 154 55
    endloop
  endfacet
  facet normal 0 0 1
    outer loop
      vertex 27.9 154.85 55
      vertex 15.5693 154.312 55
      vertex 15.5923 154.157 55
    endloop
  endfacet
  facet normal 0 0 1
    outer loop
      vertex 27.9 154.85 55
      vertex 15.5311 154.464 55
      vertex 15.5693 154.312 55
    endloop
  endfacet
  facet normal 0 0 1
    outer loop
      vertex 27.9 154.85 55
      vertex 15.4782 154.612 55
      vertex 15.5311 154.464 55
    endloop
  endfacet
  facet normal 0 0 1
    outer loop
      vertex 27.9 154.85 55
      vertex 15.4111 154.754 55
      vertex 15.4782 154.612 55
    endloop
  endfacet
  facet normal 0 0 1
    outer loop
      vertex 27.9 154.85 55
      vertex 15.3304 154.889 55
      vertex 15.4111 154.754 55
    endloop
  endfacet
  facet normal -0 -0 1
    outer loop
      vertex 14.8889 155.33 55
      vertex 27.9 154.85 55
      vertex 8 168 55
    endloop
  endfacet
  facet normal 0 0 1
    outer loop
      vertex 27.9 154.85 55
      vertex 15.2368 155.015 55
      vertex 15.3304 154.889 55
    endloop
  endfacet
  facet normal 0 0 1
    outer loop
      vertex 27.9 154.85 55
      vertex 15.1314 155.131 55
      vertex 15.2368 155.015 55
    endloop
  endfacet
  facet normal 0 0 1
    outer loop
      vertex 27.9 154.85 55
      vertex 15.015 155.237 55
      vertex 15.1314 155.131 55
    endloop
  endfacet
  facet normal 0 0 1
    outer loop
      vertex 27.9 154.85 55
      vertex 14.8889 155.33 55
      vertex 15.015 155.237 55
    endloop
  endfacet
  facet normal 0 0 1
    outer loop
      vertex 14.8889 155.33 55
      vertex 8 168 55
      vertex 14.7542 155.411 55
    endloop
  endfacet
  facet normal 0 0 1
    outer loop
      vertex 14.7542 155.411 55
      vertex 8 168 55
      vertex 14.6123 155.478 55
    endloop
  endfacet
  facet normal 0 0 1
    outer loop
      vertex 14.6123 155.478 55
      vertex 8 168 55
      vertex 14.4645 155.531 55
    endloop
  endfacet
  facet normal 0 0 1
    outer loop
      vertex 14.4645 155.531 55
      vertex 8 168 55
      vertex 14.3121 155.569 55
    endloop
  endfacet
  facet normal 0 0 1
    outer loop
      vertex 14.3121 155.569 55
      vertex 8 168 55
      vertex 14.1568 155.592 55
    endloop
  endfacet
  facet normal 0 0 1
    outer loop
      vertex 14.1568 155.592 55
      vertex 8 168 55
      vertex 14 155.6 55
    endloop
  endfacet
  facet normal -0 0 1
    outer loop
      vertex 1.81592 165.075 55
      vertex 12.8686 155.131 55
      vertex 2.34315 165.657 55
    endloop
  endfacet
  facet normal -0 0 1
    outer loop
      vertex 2.34315 165.657 55
      vertex 12.8686 155.131 55
      vertex 2.92485 166.184 55
    endloop
  endfacet
  facet normal -0 0 1
    outer loop
      vertex 2.92485 166.184 55
      vertex 12.8686 155.131 55
      vertex 3.55544 166.652 55
    endloop
  endfacet
  facet normal -0 0 1
    outer loop
      vertex 3.55544 166.652 55
      vertex 12.8686 155.131 55
      vertex 4.22883 167.055 55
    endloop
  endfacet
  facet normal -0 0 1
    outer loop
      vertex 4.22883 167.055 55
      vertex 12.8686 155.131 55
      vertex 4.93853 167.391 55
    endloop
  endfacet
  facet normal -0 0 1
    outer loop
      vertex 4.93853 167.391 55
      vertex 12.8686 155.131 55
      vertex 5.67772 167.656 55
    endloop
  endfacet
  facet normal -0 0 1
    outer loop
      vertex 5.67772 167.656 55
      vertex 12.8686 155.131 55
      vertex 6.43928 167.846 55
    endloop
  endfacet
  facet normal -0 0 1
    outer loop
      vertex 6.43928 167.846 55
      vertex 12.8686 155.131 55
      vertex 7.21586 167.961 55
    endloop
  endfacet
  facet normal -0 0 1
    outer loop
      vertex 7.21586 167.961 55
      vertex 12.8686 155.131 55
      vertex 8 168 55
    endloop
  endfacet
  facet normal 0 0 1
    outer loop
      vertex 12.985 155.237 55
      vertex 8 168 55
      vertex 12.8686 155.131 55
    endloop
  endfacet
  facet normal 0 0 1
    outer loop
      vertex 13.1111 155.33 55
      vertex 8 168 55
      vertex 12.985 155.237 55
    endloop
  endfacet
  facet normal 0 0 1
    outer loop
      vertex 13.2458 155.411 55
      vertex 8 168 55
      vertex 13.1111 155.33 55
    endloop
  endfacet
  facet normal 0 0 1
    outer loop
      vertex 13.3877 155.478 55
      vertex 8 168 55
      vertex 13.2458 155.411 55
    endloop
  endfacet
  facet normal 0 0 1
    outer loop
      vertex 13.5355 155.531 55
      vertex 8 168 55
      vertex 13.3877 155.478 55
    endloop
  endfacet
  facet normal 0 0 1
    outer loop
      vertex 13.6879 155.569 55
      vertex 8 168 55
      vertex 13.5355 155.531 55
    endloop
  endfacet
  facet normal 0 0 1
    outer loop
      vertex 13.8432 155.592 55
      vertex 8 168 55
      vertex 13.6879 155.569 55
    endloop
  endfacet
  facet normal 0 0 1
    outer loop
      vertex 14 155.6 55
      vertex 8 168 55
      vertex 13.8432 155.592 55
    endloop
  endfacet
  facet normal 0 0 1
    outer loop
      vertex 208.184 2.92485 55
      vertex 197.131 12.8686 55
      vertex 207.657 2.34315 55
    endloop
  endfacet
  facet normal 0 0 1
    outer loop
      vertex 207.657 2.34315 55
      vertex 197.131 12.8686 55
      vertex 207.075 1.81592 55
    endloop
  endfacet
  facet normal 0 0 1
    outer loop
      vertex 207.075 1.81592 55
      vertex 197.131 12.8686 55
      vertex 206.445 1.34824 55
    endloop
  endfacet
  facet normal 0 0 1
    outer loop
      vertex 206.445 1.34824 55
      vertex 197.131 12.8686 55
      vertex 205.771 0.94463 55
    endloop
  endfacet
  facet normal 0 0 1
    outer loop
      vertex 205.771 0.94463 55
      vertex 197.131 12.8686 55
      vertex 205.061 0.608963 55
    endloop
  endfacet
  facet normal 0 0 1
    outer loop
      vertex 205.061 0.608963 55
      vertex 197.131 12.8686 55
      vertex 204.322 0.344477 55
    endloop
  endfacet
  facet normal 0 0 1
    outer loop
      vertex 204.322 0.344477 55
      vertex 197.131 12.8686 55
      vertex 203.561 0.153717 55
    endloop
  endfacet
  facet normal 0 0 1
    outer loop
      vertex 203.561 0.153717 55
      vertex 197.131 12.8686 55
      vertex 202.784 0.0385218 55
    endloop
  endfacet
  facet normal 0 0 1
    outer loop
      vertex 202.784 0.0385218 55
      vertex 197.131 12.8686 55
      vertex 202 0 55
    endloop
  endfacet
  facet normal -0 0 1
    outer loop
      vertex 197.015 12.7632 55
      vertex 202 0 55
      vertex 197.131 12.8686 55
    endloop
  endfacet
  facet normal -0 0 1
    outer loop
      vertex 196.889 12.6696 55
      vertex 202 0 55
      vertex 197.015 12.7632 55
    endloop
  endfacet
  facet normal -0 0 1
    outer loop
      vertex 196.754 12.5889 55
      vertex 202 0 55
      vertex 196.889 12.6696 55
    endloop
  endfacet
  facet normal -0 0 1
    outer loop
      vertex 196.612 12.5218 55
      vertex 202 0 55
      vertex 196.754 12.5889 55
    endloop
  endfacet
  facet normal -0 0 1
    outer loop
      vertex 196.464 12.4689 55
      vertex 202 0 55
      vertex 196.612 12.5218 55
    endloop
  endfacet
  facet normal -0 0 1
    outer loop
      vertex 196.312 12.4307 55
      vertex 202 0 55
      vertex 196.464 12.4689 55
    endloop
  endfacet
  facet normal -0 0 1
    outer loop
      vertex 196.157 12.4077 55
      vertex 202 0 55
      vertex 196.312 12.4307 55
    endloop
  endfacet
  facet normal -0 0 1
    outer loop
      vertex 196 12.4 55
      vertex 202 0 55
      vertex 196.157 12.4077 55
    endloop
  endfacet
  facet normal 0 0 1
    outer loop
      vertex 195.843 12.4077 55
      vertex 202 0 55
      vertex 196 12.4 55
    endloop
  endfacet
  facet normal 0 0 1
    outer loop
      vertex 195.688 12.4307 55
      vertex 202 0 55
      vertex 195.843 12.4077 55
    endloop
  endfacet
  facet normal 0 0 1
    outer loop
      vertex 195.536 12.4689 55
      vertex 202 0 55
      vertex 195.688 12.4307 55
    endloop
  endfacet
  facet normal 0 0 1
    outer loop
      vertex 195.388 12.5218 55
      vertex 202 0 55
      vertex 195.536 12.4689 55
    endloop
  endfacet
  facet normal 0 0 1
    outer loop
      vertex 195.246 12.5889 55
      vertex 202 0 55
      vertex 195.388 12.5218 55
    endloop
  endfacet
  facet normal 0 0 1
    outer loop
      vertex 195.111 12.6696 55
      vertex 202 0 55
      vertex 195.246 12.5889 55
    endloop
  endfacet
  facet normal 0 0 1
    outer loop
      vertex 194.985 12.7632 55
      vertex 202 0 55
      vertex 195.111 12.6696 55
    endloop
  endfacet
  facet normal 0 0 1
    outer loop
      vertex 194.869 12.8686 55
      vertex 202 0 55
      vertex 194.985 12.7632 55
    endloop
  endfacet
  facet normal 0 0 1
    outer loop
      vertex 194.763 12.985 55
      vertex 202 0 55
      vertex 194.869 12.8686 55
    endloop
  endfacet
  facet normal 0 0 1
    outer loop
      vertex 120.699 13.7499 55
      vertex 194.763 12.985 55
      vertex 194.67 13.1111 55
    endloop
  endfacet
  facet normal 0 0 1
    outer loop
      vertex 120.699 13.7499 55
      vertex 194.67 13.1111 55
      vertex 194.589 13.2458 55
    endloop
  endfacet
  facet normal -0 0 1
    outer loop
      vertex 122.981 22.3228 55
      vertex 194.431 14.3121 55
      vertex 123 22.7247 55
    endloop
  endfacet
  facet normal -0 0 1
    outer loop
      vertex 122.913 20.9209 55
      vertex 194.431 14.3121 55
      vertex 122.981 22.3228 55
    endloop
  endfacet
  facet normal 0 0 1
    outer loop
      vertex 194.431 14.3121 55
      vertex 122.913 20.9209 55
      vertex 194.408 14.1568 55
    endloop
  endfacet
  facet normal 0 0 1
    outer loop
      vertex 194.408 14.1568 55
      vertex 122.913 20.9209 55
      vertex 194.4 14 55
    endloop
  endfacet
  facet normal -0 0 1
    outer loop
      vertex 122.654 19.1346 55
      vertex 194.4 14 55
      vertex 122.913 20.9209 55
    endloop
  endfacet
  facet normal 0 0 1
    outer loop
      vertex 194.4 14 55
      vertex 122.654 19.1346 55
      vertex 194.408 13.8432 55
    endloop
  endfacet
  facet normal -0 0 1
    outer loop
      vertex 122.225 17.3828 55
      vertex 194.408 13.8432 55
      vertex 122.654 19.1346 55
    endloop
  endfacet
  facet normal 0 0 1
    outer loop
      vertex 194.408 13.8432 55
      vertex 122.225 17.3828 55
      vertex 194.431 13.6879 55
    endloop
  endfacet
  facet normal -0 0 1
    outer loop
      vertex 122.171 17.2291 55
      vertex 194.431 13.6879 55
      vertex 122.225 17.3828 55
    endloop
  endfacet
  facet normal 0 0 1
    outer loop
      vertex 194.431 13.6879 55
      vertex 122.171 17.2291 55
      vertex 194.469 13.5355 55
    endloop
  endfacet
  facet normal -0 0 1
    outer loop
      vertex 121.63 15.6825 55
      vertex 194.469 13.5355 55
      vertex 122.171 17.2291 55
    endloop
  endfacet
  facet normal 0 0 1
    outer loop
      vertex 194.469 13.5355 55
      vertex 121.63 15.6825 55
      vertex 194.522 13.3877 55
    endloop
  endfacet
  facet normal -0 0 1
    outer loop
      vertex 120.881 14.0632 55
      vertex 194.522 13.3877 55
      vertex 121.63 15.6825 55
    endloop
  endfacet
  facet normal -0 0 1
    outer loop
      vertex 120.875 14.05 55
      vertex 194.522 13.3877 55
      vertex 120.881 14.0632 55
    endloop
  endfacet
  facet normal 0 0 1
    outer loop
      vertex 194.522 13.3877 55
      vertex 120.875 14.05 55
      vertex 194.589 13.2458 55
    endloop
  endfacet
  facet normal -0 0 1
    outer loop
      vertex 120.868 14.0383 55
      vertex 194.589 13.2458 55
      vertex 120.875 14.05 55
    endloop
  endfacet
  facet normal -0 0 1
    outer loop
      vertex 120.699 13.7499 55
      vertex 194.589 13.2458 55
      vertex 120.868 14.0383 55
    endloop
  endfacet
  facet normal 0 0 1
    outer loop
      vertex 194.763 12.985 55
      vertex 120.699 13.7499 55
      vertex 202 0 55
    endloop
  endfacet
  facet normal 0 0 1
    outer loop
      vertex 112.278 10.9514 55
      vertex 120.699 13.7499 55
      vertex 120.619 13.7499 55
    endloop
  endfacet
  facet normal 0 0 1
    outer loop
      vertex 112.278 10.9514 55
      vertex 120.619 13.7499 55
      vertex 120.544 13.7499 55
    endloop
  endfacet
  facet normal 0 0 1
    outer loop
      vertex 112.278 10.9514 55
      vertex 120.544 13.7499 55
      vertex 120.472 13.7499 55
    endloop
  endfacet
  facet normal 0 0 1
    outer loop
      vertex 113.311 11.7343 55
      vertex 120.472 13.7499 55
      vertex 118.332 13.7499 55
    endloop
  endfacet
  facet normal 0 0 1
    outer loop
      vertex 114.263 12.6169 55
      vertex 118.332 13.7499 55
      vertex 116.236 13.7499 55
    endloop
  endfacet
  facet normal 0 0 1
    outer loop
      vertex 115.126 13.5908 55
      vertex 116.236 13.7499 55
      vertex 115.242 13.7499 55
    endloop
  endfacet
  facet normal 0 0 1
    outer loop
      vertex 114.263 12.6169 55
      vertex 116.236 13.7499 55
      vertex 115.126 13.5908 55
    endloop
  endfacet
  facet normal 0 0 1
    outer loop
      vertex 118.332 13.7499 55
      vertex 114.263 12.6169 55
      vertex 113.311 11.7343 55
    endloop
  endfacet
  facet normal 0 0 1
    outer loop
      vertex 120.472 13.7499 55
      vertex 113.311 11.7343 55
      vertex 112.77 11.3246 55
    endloop
  endfacet
  facet normal 0 0 1
    outer loop
      vertex 120.472 13.7499 55
      vertex 112.77 11.3246 55
      vertex 112.278 10.9514 55
    endloop
  endfacet
  facet normal 0 0 1
    outer loop
      vertex 120.699 13.7499 55
      vertex 112.278 10.9514 55
      vertex 111.175 10.2757 55
    endloop
  endfacet
  facet normal 0 0 1
    outer loop
      vertex 120.699 13.7499 55
      vertex 111.175 10.2757 55
      vertex 110.608 10.0015 55
    endloop
  endfacet
  facet normal 0 0 1
    outer loop
      vertex 120.699 13.7499 55
      vertex 110.608 10.0015 55
      vertex 110.013 9.71378 55
    endloop
  endfacet
  facet normal 0 0 1
    outer loop
      vertex 120.699 13.7499 55
      vertex 110.013 9.71378 55
      vertex 202 0 55
    endloop
  endfacet
  facet normal -0 0 1
    outer loop
      vertex 108.803 9.27101 55
      vertex 202 0 55
      vertex 110.013 9.71378 55
    endloop
  endfacet
  facet normal -0 0 1
    outer loop
      vertex 107.556 8.95166 55
      vertex 202 0 55
      vertex 108.803 9.27101 55
    endloop
  endfacet
  facet normal -0 0 1
    outer loop
      vertex 106.284 8.75882 55
      vertex 202 0 55
      vertex 107.556 8.95166 55
    endloop
  endfacet
  facet normal -0 0 1
    outer loop
      vertex 105 8.69433 55
      vertex 202 0 55
      vertex 106.284 8.75882 55
    endloop
  endfacet
  facet normal 0 0 1
    outer loop
      vertex 8 0 55
      vertex 105 8.69433 55
      vertex 103.716 8.75882 55
    endloop
  endfacet
  facet normal 0 0 1
    outer loop
      vertex 89.5275 13.7499 55
      vertex 97.2299 11.3246 55
      vertex 96.6894 11.7343 55
    endloop
  endfacet
  facet normal -0 0 1
    outer loop
      vertex 93.7637 13.7499 55
      vertex 94.8736 13.5908 55
      vertex 94.7581 13.7499 55
    endloop
  endfacet
  facet normal 0 0 1
    outer loop
      vertex 93.7637 13.7499 55
      vertex 95.7369 12.6169 55
      vertex 94.8736 13.5908 55
    endloop
  endfacet
  facet normal -0 0 1
    outer loop
      vertex 91.6684 13.7499 55
      vertex 95.7369 12.6169 55
      vertex 93.7637 13.7499 55
    endloop
  endfacet
  facet normal 0 0 1
    outer loop
      vertex 95.7369 12.6169 55
      vertex 91.6684 13.7499 55
      vertex 96.6894 11.7343 55
    endloop
  endfacet
  facet normal -0 0 1
    outer loop
      vertex 89.5275 13.7499 55
      vertex 96.6894 11.7343 55
      vertex 91.6684 13.7499 55
    endloop
  endfacet
  facet normal 0 0 1
    outer loop
      vertex 97.2299 11.3246 55
      vertex 89.5275 13.7499 55
      vertex 97.722 10.9514 55
    endloop
  endfacet
  facet normal -0 0 1
    outer loop
      vertex 89.4558 13.7499 55
      vertex 97.722 10.9514 55
      vertex 89.5275 13.7499 55
    endloop
  endfacet
  facet normal -0 0 1
    outer loop
      vertex 89.3806 13.7499 55
      vertex 97.722 10.9514 55
      vertex 89.4558 13.7499 55
    endloop
  endfacet
  facet normal -0 0 1
    outer loop
      vertex 89.3013 13.7499 55
      vertex 97.722 10.9514 55
      vertex 89.3806 13.7499 55
    endloop
  endfacet
  facet normal 0 0 1
    outer loop
      vertex 97.722 10.9514 55
      vertex 89.3013 13.7499 55
      vertex 98.8247 10.2757 55
    endloop
  endfacet
  facet normal 0 0 1
    outer loop
      vertex 98.8247 10.2757 55
      vertex 89.3013 13.7499 55
      vertex 99.3919 10.0015 55
    endloop
  endfacet
  facet normal 0 0 1
    outer loop
      vertex 99.3919 10.0015 55
      vertex 89.3013 13.7499 55
      vertex 99.9868 9.71378 55
    endloop
  endfacet
  facet normal 0 0 1
    outer loop
      vertex 15.5693 13.6879 55
      vertex 87.8289 17.2291 55
      vertex 87.7751 17.3828 55
    endloop
  endfacet
  facet normal 0 0 1
    outer loop
      vertex 87.0867 24.5284 55
      vertex 15.6 14 55
      vertex 87 22.7247 55
    endloop
  endfacet
  facet normal 0 0 1
    outer loop
      vertex 87 22.7247 55
      vertex 15.6 14 55
      vertex 87.0193 22.3228 55
    endloop
  endfacet
  facet normal 0 0 1
    outer loop
      vertex 87.0193 22.3228 55
      vertex 15.6 14 55
      vertex 87.0867 20.9209 55
    endloop
  endfacet
  facet normal 0 0 1
    outer loop
      vertex 87.0867 20.9209 55
      vertex 15.6 14 55
      vertex 87.3459 19.1346 55
    endloop
  endfacet
  facet normal 0 0 1
    outer loop
      vertex 15.5923 13.8432 55
      vertex 87.3459 19.1346 55
      vertex 15.6 14 55
    endloop
  endfacet
  facet normal 0 0 1
    outer loop
      vertex 87.3459 19.1346 55
      vertex 15.5923 13.8432 55
      vertex 87.7751 17.3828 55
    endloop
  endfacet
  facet normal 0 0 1
    outer loop
      vertex 15.5693 13.6879 55
      vertex 87.7751 17.3828 55
      vertex 15.5923 13.8432 55
    endloop
  endfacet
  facet normal 0 0 1
    outer loop
      vertex 87.8289 17.2291 55
      vertex 15.5693 13.6879 55
      vertex 15.5311 13.5355 55
    endloop
  endfacet
  facet normal 0 0 1
    outer loop
      vertex 87.8289 17.2291 55
      vertex 15.5311 13.5355 55
      vertex 88.3702 15.6825 55
    endloop
  endfacet
  facet normal 0 0 1
    outer loop
      vertex 15.5693 153.688 55
      vertex 27.9 154.85 55
      vertex 15.5923 153.843 55
    endloop
  endfacet
  facet normal 0 0 1
    outer loop
      vertex 15.4782 13.3877 55
      vertex 88.3702 15.6825 55
      vertex 15.5311 13.5355 55
    endloop
  endfacet
  facet normal 0 0 1
    outer loop
      vertex 88.3702 15.6825 55
      vertex 15.4782 13.3877 55
      vertex 89.1193 14.0632 55
    endloop
  endfacet
  facet normal 0 0 1
    outer loop
      vertex 89.1193 14.0632 55
      vertex 15.4782 13.3877 55
      vertex 89.1254 14.05 55
    endloop
  endfacet
  facet normal 0 0 1
    outer loop
      vertex 15.4111 13.2458 55
      vertex 89.1254 14.05 55
      vertex 15.4782 13.3877 55
    endloop
  endfacet
  facet normal 0 0 1
    outer loop
      vertex 89.1254 14.05 55
      vertex 15.4111 13.2458 55
      vertex 89.1322 14.0383 55
    endloop
  endfacet
  facet normal 0 0 1
    outer loop
      vertex 89.1322 14.0383 55
      vertex 15.4111 13.2458 55
      vertex 89.3013 13.7499 55
    endloop
  endfacet
  facet normal 0 0 1
    outer loop
      vertex 15.3304 13.1111 55
      vertex 89.3013 13.7499 55
      vertex 15.4111 13.2458 55
    endloop
  endfacet
  facet normal 0 0 1
    outer loop
      vertex 15.2368 12.985 55
      vertex 89.3013 13.7499 55
      vertex 15.3304 13.1111 55
    endloop
  endfacet
  facet normal 0 0 1
    outer loop
      vertex 8 0 55
      vertex 89.3013 13.7499 55
      vertex 15.2368 12.985 55
    endloop
  endfacet
  facet normal 0 0 1
    outer loop
      vertex 89.3013 13.7499 55
      vertex 8 0 55
      vertex 99.9868 9.71378 55
    endloop
  endfacet
  facet normal 0 0 1
    outer loop
      vertex 99.9868 9.71378 55
      vertex 8 0 55
      vertex 101.197 9.27101 55
    endloop
  endfacet
  facet normal 0 0 1
    outer loop
      vertex 101.197 9.27101 55
      vertex 8 0 55
      vertex 102.444 8.95166 55
    endloop
  endfacet
  facet normal 0 0 1
    outer loop
      vertex 102.444 8.95166 55
      vertex 8 0 55
      vertex 103.716 8.75882 55
    endloop
  endfacet
  facet normal 0 0 1
    outer loop
      vertex 8 0 55
      vertex 15.2368 12.985 55
      vertex 15.1314 12.8686 55
    endloop
  endfacet
  facet normal 0 0 1
    outer loop
      vertex 8 0 55
      vertex 15.1314 12.8686 55
      vertex 15.015 12.7632 55
    endloop
  endfacet
  facet normal 0 0 1
    outer loop
      vertex 8 0 55
      vertex 15.015 12.7632 55
      vertex 14.8889 12.6696 55
    endloop
  endfacet
  facet normal 0 0 1
    outer loop
      vertex 8 0 55
      vertex 14.8889 12.6696 55
      vertex 14.7542 12.5889 55
    endloop
  endfacet
  facet normal 0 0 1
    outer loop
      vertex 8 0 55
      vertex 14.7542 12.5889 55
      vertex 14.6123 12.5218 55
    endloop
  endfacet
  facet normal 0 0 1
    outer loop
      vertex 8 0 55
      vertex 14.6123 12.5218 55
      vertex 14.4645 12.4689 55
    endloop
  endfacet
  facet normal 0 0 1
    outer loop
      vertex 8 0 55
      vertex 14.4645 12.4689 55
      vertex 14.3121 12.4307 55
    endloop
  endfacet
  facet normal 0 0 1
    outer loop
      vertex 8 0 55
      vertex 14.3121 12.4307 55
      vertex 14.1568 12.4077 55
    endloop
  endfacet
  facet normal 0 0 1
    outer loop
      vertex 8 0 55
      vertex 14.1568 12.4077 55
      vertex 14 12.4 55
    endloop
  endfacet
  facet normal 0 0 1
    outer loop
      vertex 8 0 55
      vertex 14 12.4 55
      vertex 13.8432 12.4077 55
    endloop
  endfacet
  facet normal 0 0 1
    outer loop
      vertex 105 8.69433 55
      vertex 8 0 55
      vertex 202 0 55
    endloop
  endfacet
  facet normal 0 0 1
    outer loop
      vertex 13.6879 12.4307 55
      vertex 8 0 55
      vertex 13.8432 12.4077 55
    endloop
  endfacet
  facet normal 0 0 1
    outer loop
      vertex 13.5355 12.4689 55
      vertex 8 0 55
      vertex 13.6879 12.4307 55
    endloop
  endfacet
  facet normal 0 0 1
    outer loop
      vertex 13.3877 12.5218 55
      vertex 8 0 55
      vertex 13.5355 12.4689 55
    endloop
  endfacet
  facet normal 0 0 1
    outer loop
      vertex 13.2458 12.5889 55
      vertex 8 0 55
      vertex 13.3877 12.5218 55
    endloop
  endfacet
  facet normal 0 0 1
    outer loop
      vertex 13.1111 12.6696 55
      vertex 8 0 55
      vertex 13.2458 12.5889 55
    endloop
  endfacet
  facet normal 0 0 1
    outer loop
      vertex 12.985 12.7632 55
      vertex 8 0 55
      vertex 13.1111 12.6696 55
    endloop
  endfacet
  facet normal 0 0 1
    outer loop
      vertex 12.8686 12.8686 55
      vertex 8 0 55
      vertex 12.985 12.7632 55
    endloop
  endfacet
  facet normal 0 0 1
    outer loop
      vertex 0.153717 6.43928 55
      vertex 12.8686 12.8686 55
      vertex 12.7632 12.985 55
    endloop
  endfacet
  facet normal 0 0 1
    outer loop
      vertex 0 8 55
      vertex 12.7632 12.985 55
      vertex 12.6696 13.1111 55
    endloop
  endfacet
  facet normal 0 0 1
    outer loop
      vertex 0 8 55
      vertex 12.6696 13.1111 55
      vertex 12.5889 13.2458 55
    endloop
  endfacet
  facet normal 0 0 1
    outer loop
      vertex 0 8 55
      vertex 12.5889 13.2458 55
      vertex 12.5218 13.3877 55
    endloop
  endfacet
  facet normal 0 0 1
    outer loop
      vertex 0 8 55
      vertex 12.5218 13.3877 55
      vertex 12.4689 13.5355 55
    endloop
  endfacet
  facet normal 0 0 1
    outer loop
      vertex 0 8 55
      vertex 12.4689 13.5355 55
      vertex 12.4307 13.6879 55
    endloop
  endfacet
  facet normal 0 0 1
    outer loop
      vertex 0 8 55
      vertex 12.4307 13.6879 55
      vertex 12.4077 13.8432 55
    endloop
  endfacet
  facet normal 0 0 1
    outer loop
      vertex 0 8 55
      vertex 12.4077 13.8432 55
      vertex 12.4 14 55
    endloop
  endfacet
  facet normal 0 0 1
    outer loop
      vertex 12.4307 14.3121 55
      vertex 0 8 55
      vertex 12.4077 14.1568 55
    endloop
  endfacet
  facet normal -0 0 1
    outer loop
      vertex 1.34824 164.445 55
      vertex 12.8686 155.131 55
      vertex 1.81592 165.075 55
    endloop
  endfacet
  facet normal 0 0 1
    outer loop
      vertex 12.4077 14.1568 55
      vertex 0 8 55
      vertex 12.4 14 55
    endloop
  endfacet
  facet normal -0 0 1
    outer loop
      vertex 0.94463 163.771 55
      vertex 12.8686 155.131 55
      vertex 1.34824 164.445 55
    endloop
  endfacet
  facet normal 0 0 1
    outer loop
      vertex 12.7632 12.985 55
      vertex 0 8 55
      vertex 0.153717 6.43928 55
    endloop
  endfacet
  facet normal -0 0 1
    outer loop
      vertex 0.608963 163.061 55
      vertex 12.8686 155.131 55
      vertex 0.94463 163.771 55
    endloop
  endfacet
  facet normal 0 0 1
    outer loop
      vertex 12.8686 12.8686 55
      vertex 7.21586 0.0385218 55
      vertex 8 0 55
    endloop
  endfacet
  facet normal -0 0 1
    outer loop
      vertex 0.344477 162.322 55
      vertex 12.8686 155.131 55
      vertex 0.608963 163.061 55
    endloop
  endfacet
  facet normal 0 0 1
    outer loop
      vertex 12.8686 12.8686 55
      vertex 6.43928 0.153717 55
      vertex 7.21586 0.0385218 55
    endloop
  endfacet
  facet normal -0 0 1
    outer loop
      vertex 0.153717 161.561 55
      vertex 12.8686 155.131 55
      vertex 0.344477 162.322 55
    endloop
  endfacet
  facet normal 0 0 1
    outer loop
      vertex 12.8686 12.8686 55
      vertex 5.67772 0.344477 55
      vertex 6.43928 0.153717 55
    endloop
  endfacet
  facet normal 0 0 1
    outer loop
      vertex 12.8686 155.131 55
      vertex 0.153717 161.561 55
      vertex 12.7632 155.015 55
    endloop
  endfacet
  facet normal 0 0 1
    outer loop
      vertex 12.8686 12.8686 55
      vertex 4.93853 0.608963 55
      vertex 5.67772 0.344477 55
    endloop
  endfacet
  facet normal -0 0 1
    outer loop
      vertex 0 160 55
      vertex 12.7632 155.015 55
      vertex 0.153717 161.561 55
    endloop
  endfacet
  facet normal 0 0 1
    outer loop
      vertex 12.8686 12.8686 55
      vertex 4.22883 0.94463 55
      vertex 4.93853 0.608963 55
    endloop
  endfacet
  facet normal 0 0 1
    outer loop
      vertex 12.7632 155.015 55
      vertex 0 160 55
      vertex 12.6696 154.889 55
    endloop
  endfacet
  facet normal 0 0 1
    outer loop
      vertex 12.8686 12.8686 55
      vertex 3.55544 1.34824 55
      vertex 4.22883 0.94463 55
    endloop
  endfacet
  facet normal 0 0 1
    outer loop
      vertex 12.6696 154.889 55
      vertex 0 160 55
      vertex 12.5889 154.754 55
    endloop
  endfacet
  facet normal 0 0 1
    outer loop
      vertex 12.8686 12.8686 55
      vertex 2.92485 1.81592 55
      vertex 3.55544 1.34824 55
    endloop
  endfacet
  facet normal 0 0 1
    outer loop
      vertex 12.5218 154.612 55
      vertex 0 160 55
      vertex 12.4689 154.464 55
    endloop
  endfacet
  facet normal 0 0 1
    outer loop
      vertex 12.8686 12.8686 55
      vertex 2.34315 2.34315 55
      vertex 2.92485 1.81592 55
    endloop
  endfacet
  facet normal 0 0 1
    outer loop
      vertex 12.4689 154.464 55
      vertex 0 160 55
      vertex 12.4307 154.312 55
    endloop
  endfacet
  facet normal 0 0 1
    outer loop
      vertex 12.8686 12.8686 55
      vertex 1.81592 2.92485 55
      vertex 2.34315 2.34315 55
    endloop
  endfacet
  facet normal 0 0 1
    outer loop
      vertex 12.4077 154.157 55
      vertex 0 160 55
      vertex 12.4 154 55
    endloop
  endfacet
  facet normal 0 0 1
    outer loop
      vertex 12.8686 12.8686 55
      vertex 1.34824 3.55544 55
      vertex 1.81592 2.92485 55
    endloop
  endfacet
  facet normal 0 0 1
    outer loop
      vertex 12.4307 154.312 55
      vertex 0 160 55
      vertex 12.4077 154.157 55
    endloop
  endfacet
  facet normal 0 0 1
    outer loop
      vertex 12.8686 12.8686 55
      vertex 0.94463 4.22883 55
      vertex 1.34824 3.55544 55
    endloop
  endfacet
  facet normal 0 0 1
    outer loop
      vertex 12.5889 154.754 55
      vertex 0 160 55
      vertex 12.5218 154.612 55
    endloop
  endfacet
  facet normal 0 0 1
    outer loop
      vertex 12.8686 12.8686 55
      vertex 0.608963 4.93853 55
      vertex 0.94463 4.22883 55
    endloop
  endfacet
  facet normal 0 0 1
    outer loop
      vertex 0 160 55
      vertex 0.153717 161.561 55
      vertex 0.0385218 160.784 55
    endloop
  endfacet
  facet normal 0 0 1
    outer loop
      vertex 12.8686 12.8686 55
      vertex 0.344477 5.67772 55
      vertex 0.608963 4.93853 55
    endloop
  endfacet
  facet normal 0 0 1
    outer loop
      vertex 12.8686 12.8686 55
      vertex 0.153717 6.43928 55
      vertex 0.344477 5.67772 55
    endloop
  endfacet
  facet normal 0 0 1
    outer loop
      vertex 0.153717 6.43928 55
      vertex 0 8 55
      vertex 0.0385218 7.21586 55
    endloop
  endfacet
  facet normal 0.0496835 0.998765 -0
    outer loop
      vertex 202.784 167.961 0
      vertex 202 168 55
      vertex 202.784 167.961 55
    endloop
  endfacet
  facet normal 0.0496835 0.998765 0
    outer loop
      vertex 202 168 55
      vertex 202.784 167.961 0
      vertex 202 168 0
    endloop
  endfacet
  facet normal 0 1 -0
    outer loop
      vertex 202 168 0
      vertex 8 168 55
      vertex 202 168 55
    endloop
  endfacet
  facet normal 0 1 0
    outer loop
      vertex 8 168 55
      vertex 202 168 0
      vertex 8 168 0
    endloop
  endfacet
  facet normal -0.998795 0.0490757 3.57083e-21
    outer loop
      vertex 0 160 0
      vertex 0.0385218 160.784 55
      vertex 0.0385218 160.784 0
    endloop
  endfacet
  facet normal -0.998795 0.0490757 3.57083e-21
    outer loop
      vertex 0.0385218 160.784 55
      vertex 0 160 0
      vertex 0 160 55
    endloop
  endfacet
  facet normal 1 0 0
    outer loop
      vertex 210 160 55
      vertex 210 78 28
      vertex 210 160 0
    endloop
  endfacet
  facet normal 1 -0 0
    outer loop
      vertex 210 8 55
      vertex 210 78 28
      vertex 210 160 55
    endloop
  endfacet
  facet normal 1 0 0
    outer loop
      vertex 210 8 0
      vertex 210 42 28
      vertex 210 8 55
    endloop
  endfacet
  facet normal 1 0 0
    outer loop
      vertex 210 78 28
      vertex 210 8 55
      vertex 210 42 28
    endloop
  endfacet
  facet normal 1 -0 0
    outer loop
      vertex 210 78 12
      vertex 210 160 0
      vertex 210 78 28
    endloop
  endfacet
  facet normal 1 0 0
    outer loop
      vertex 210 8 0
      vertex 210 78 12
      vertex 210 42 12
    endloop
  endfacet
  facet normal 1 0 0
    outer loop
      vertex 210 78 12
      vertex 210 8 0
      vertex 210 160 0
    endloop
  endfacet
  facet normal 1 0 0
    outer loop
      vertex 210 42 28
      vertex 210 8 0
      vertex 210 42 12
    endloop
  endfacet
  facet normal 0 -1 0
    outer loop
      vertex 8 0 55
      vertex 70 0 24
      vertex 202 0 55
    endloop
  endfacet
  facet normal 0 -1 0
    outer loop
      vertex 8 0 0
      vertex 70 0 24
      vertex 8 0 55
    endloop
  endfacet
  facet normal 0 -1 -0
    outer loop
      vertex 70 0 10
      vertex 8 0 0
      vertex 140 0 10
    endloop
  endfacet
  facet normal 0 -1 -0
    outer loop
      vertex 70 0 24
      vertex 8 0 0
      vertex 70 0 10
    endloop
  endfacet
  facet normal 0 -1 0
    outer loop
      vertex 140 0 24
      vertex 202 0 55
      vertex 70 0 24
    endloop
  endfacet
  facet normal 0 -1 0
    outer loop
      vertex 202 0 0
      vertex 140 0 24
      vertex 140 0 10
    endloop
  endfacet
  facet normal 0 -1 0
    outer loop
      vertex 140 0 24
      vertex 202 0 0
      vertex 202 0 55
    endloop
  endfacet
  facet normal 0 -1 0
    outer loop
      vertex 202 0 0
      vertex 140 0 10
      vertex 8 0 0
    endloop
  endfacet
  facet normal 0.741264 0.671213 4.61972e-19
    outer loop
      vertex 208.184 165.075 55
      vertex 207.657 165.657 0
      vertex 207.657 165.657 55
    endloop
  endfacet
  facet normal 0.741264 0.671213 4.61972e-19
    outer loop
      vertex 207.657 165.657 0
      vertex 208.184 165.075 55
      vertex 208.184 165.075 0
    endloop
  endfacet
  facet normal -0.857936 0.513756 -5.99082e-19
    outer loop
      vertex 0.94463 163.771 0
      vertex 1.34824 164.445 55
      vertex 1.34824 164.445 0
    endloop
  endfacet
  facet normal -0.857936 0.513756 -5.99082e-19
    outer loop
      vertex 1.34824 164.445 55
      vertex 0.94463 163.771 0
      vertex 0.94463 163.771 55
    endloop
  endfacet
  facet normal 0.941309 0.337546 2.71809e-19
    outer loop
      vertex 209.656 162.322 55
      vertex 209.391 163.061 0
      vertex 209.391 163.061 55
    endloop
  endfacet
  facet normal 0.941309 0.337546 2.71809e-19
    outer loop
      vertex 209.391 163.061 0
      vertex 209.656 162.322 55
      vertex 209.656 162.322 0
    endloop
  endfacet
  facet normal 0.989224 0.14641 5.61545e-20
    outer loop
      vertex 209.961 160.784 55
      vertex 209.846 161.561 0
      vertex 209.846 161.561 55
    endloop
  endfacet
  facet normal 0.989224 0.14641 5.61545e-20
    outer loop
      vertex 209.846 161.561 0
      vertex 209.961 160.784 55
      vertex 209.961 160.784 0
    endloop
  endfacet
  facet normal 0.427758 0.903893 -0
    outer loop
      vertex 205.771 167.055 0
      vertex 205.061 167.391 55
      vertex 205.771 167.055 55
    endloop
  endfacet
  facet normal 0.427758 0.903893 0
    outer loop
      vertex 205.061 167.391 55
      vertex 205.771 167.055 0
      vertex 205.061 167.391 0
    endloop
  endfacet
  facet normal 0.596324 0.802744 -0
    outer loop
      vertex 207.075 166.184 0
      vertex 206.445 166.652 55
      vertex 207.075 166.184 55
    endloop
  endfacet
  facet normal 0.596324 0.802744 0
    outer loop
      vertex 206.445 166.652 55
      vertex 207.075 166.184 0
      vertex 206.445 166.652 0
    endloop
  endfacet
  facet normal -0.242068 0.970259 0
    outer loop
      vertex 6.43928 167.846 0
      vertex 5.67772 167.656 55
      vertex 6.43928 167.846 55
    endloop
  endfacet
  facet normal -0.242068 0.970259 0
    outer loop
      vertex 5.67772 167.656 55
      vertex 6.43928 167.846 0
      vertex 5.67772 167.656 0
    endloop
  endfacet
  facet normal -0.33747 0.941336 0
    outer loop
      vertex 5.67772 167.656 0
      vertex 4.93853 167.391 55
      vertex 5.67772 167.656 55
    endloop
  endfacet
  facet normal -0.33747 0.941336 0
    outer loop
      vertex 4.93853 167.391 55
      vertex 5.67772 167.656 0
      vertex 4.93853 167.391 0
    endloop
  endfacet
  facet normal -0.671404 0.741092 0
    outer loop
      vertex 2.92485 166.184 0
      vertex 2.34315 165.657 55
      vertex 2.92485 166.184 55
    endloop
  endfacet
  facet normal -0.671404 0.741092 0
    outer loop
      vertex 2.34315 165.657 55
      vertex 2.92485 166.184 0
      vertex 2.34315 165.657 0
    endloop
  endfacet
  facet normal -0.595964 0.803011 0
    outer loop
      vertex 3.55544 166.652 0
      vertex 2.92485 166.184 55
      vertex 3.55544 166.652 55
    endloop
  endfacet
  facet normal -0.595964 0.803011 0
    outer loop
      vertex 2.92485 166.184 55
      vertex 3.55544 166.652 0
      vertex 2.92485 166.184 0
    endloop
  endfacet
  facet normal -0.741118 0.671374 1.40572e-19
    outer loop
      vertex 1.81592 165.075 0
      vertex 2.34315 165.657 55
      vertex 2.34315 165.657 0
    endloop
  endfacet
  facet normal -0.741118 0.671374 1.40572e-19
    outer loop
      vertex 2.34315 165.657 55
      vertex 1.81592 165.075 0
      vertex 1.81592 165.075 55
    endloop
  endfacet
  facet normal -0.969989 0.243147 -2.22997e-20
    outer loop
      vertex 0.153717 161.561 0
      vertex 0.344477 162.322 55
      vertex 0.344477 162.322 0
    endloop
  endfacet
  facet normal -0.969989 0.243147 -2.22997e-20
    outer loop
      vertex 0.344477 162.322 55
      vertex 0.153717 161.561 0
      vertex 0.153717 161.561 55
    endloop
  endfacet
  facet normal -0.989188 0.146653 6.54066e-20
    outer loop
      vertex 0.0385218 160.784 0
      vertex 0.153717 161.561 55
      vertex 0.153717 161.561 0
    endloop
  endfacet
  facet normal -0.989188 0.146653 6.54066e-20
    outer loop
      vertex 0.153717 161.561 55
      vertex 0.0385218 160.784 0
      vertex 0.0385218 160.784 55
    endloop
  endfacet
  facet normal -0.904057 0.427412 -3.08111e-19
    outer loop
      vertex 0.608963 163.061 0
      vertex 0.94463 163.771 55
      vertex 0.94463 163.771 0
    endloop
  endfacet
  facet normal -0.904057 0.427412 -3.08111e-19
    outer loop
      vertex 0.94463 163.771 55
      vertex 0.608963 163.061 0
      vertex 0.608963 163.061 55
    endloop
  endfacet
  facet normal 0.596061 -0.802939 0
    outer loop
      vertex 206.445 1.34824 0
      vertex 207.075 1.81592 55
      vertex 206.445 1.34824 55
    endloop
  endfacet
  facet normal 0.596061 -0.802939 0
    outer loop
      vertex 207.075 1.81592 55
      vertex 206.445 1.34824 0
      vertex 207.075 1.81592 0
    endloop
  endfacet
  facet normal 0.858074 -0.513527 4.89824e-20
    outer loop
      vertex 208.652 3.55544 55
      vertex 209.055 4.22883 0
      vertex 209.055 4.22883 55
    endloop
  endfacet
  facet normal 0.858074 -0.513527 4.89824e-20
    outer loop
      vertex 209.055 4.22883 0
      vertex 208.652 3.55544 55
      vertex 208.652 3.55544 0
    endloop
  endfacet
  facet normal 0.741092 -0.671404 6.34135e-20
    outer loop
      vertex 207.657 2.34315 55
      vertex 208.184 2.92485 0
      vertex 208.184 2.92485 55
    endloop
  endfacet
  facet normal 0.741092 -0.671404 6.34135e-20
    outer loop
      vertex 208.184 2.92485 0
      vertex 207.657 2.34315 55
      vertex 207.657 2.34315 0
    endloop
  endfacet
  facet normal 0.989212 -0.146488 -4.48846e-20
    outer loop
      vertex 209.846 6.43928 55
      vertex 209.961 7.21586 0
      vertex 209.961 7.21586 55
    endloop
  endfacet
  facet normal 0.989212 -0.146488 -4.48846e-20
    outer loop
      vertex 209.961 7.21586 0
      vertex 209.846 6.43928 55
      vertex 209.846 6.43928 0
    endloop
  endfacet
  facet normal 0.970259 -0.242068 -8.53906e-20
    outer loop
      vertex 209.656 5.67772 55
      vertex 209.846 6.43928 0
      vertex 209.846 6.43928 55
    endloop
  endfacet
  facet normal 0.970259 -0.242068 -8.53906e-20
    outer loop
      vertex 209.846 6.43928 0
      vertex 209.656 5.67772 55
      vertex 209.656 5.67772 0
    endloop
  endfacet
  facet normal 0.903823 -0.427906 1.51884e-19
    outer loop
      vertex 209.055 4.22883 55
      vertex 209.391 4.93853 0
      vertex 209.391 4.93853 55
    endloop
  endfacet
  facet normal 0.903823 -0.427906 1.51884e-19
    outer loop
      vertex 209.391 4.93853 0
      vertex 209.055 4.22883 55
      vertex 209.055 4.22883 0
    endloop
  endfacet
  facet normal 0.336966 -0.941517 0
    outer loop
      vertex 204.322 0.344477 0
      vertex 205.061 0.608963 55
      vertex 204.322 0.344477 55
    endloop
  endfacet
  facet normal 0.336966 -0.941517 0
    outer loop
      vertex 205.061 0.608963 55
      vertex 204.322 0.344477 0
      vertex 205.061 0.608963 0
    endloop
  endfacet
  facet normal 0.513756 -0.857936 0
    outer loop
      vertex 205.771 0.94463 0
      vertex 206.445 1.34824 55
      vertex 205.771 0.94463 55
    endloop
  endfacet
  facet normal 0.513756 -0.857936 0
    outer loop
      vertex 206.445 1.34824 55
      vertex 205.771 0.94463 0
      vertex 206.445 1.34824 0
    endloop
  endfacet
  facet normal -0.514099 -0.857731 0
    outer loop
      vertex 3.55544 1.34824 0
      vertex 4.22883 0.94463 55
      vertex 3.55544 1.34824 55
    endloop
  endfacet
  facet normal -0.514099 -0.857731 -0
    outer loop
      vertex 4.22883 0.94463 55
      vertex 3.55544 1.34824 0
      vertex 4.22883 0.94463 0
    endloop
  endfacet
  facet normal -0.595701 -0.803206 0
    outer loop
      vertex 2.92485 1.81592 0
      vertex 3.55544 1.34824 55
      vertex 2.92485 1.81592 55
    endloop
  endfacet
  facet normal -0.595701 -0.803206 -0
    outer loop
      vertex 3.55544 1.34824 55
      vertex 2.92485 1.81592 0
      vertex 3.55544 1.34824 0
    endloop
  endfacet
  facet normal -0.049067 -0.998795 0
    outer loop
      vertex 7.21586 0.0385218 0
      vertex 8 0 55
      vertex 7.21586 0.0385218 55
    endloop
  endfacet
  facet normal -0.049067 -0.998795 -0
    outer loop
      vertex 8 0 55
      vertex 7.21586 0.0385218 0
      vertex 8 0 0
    endloop
  endfacet
  facet normal -0.671564 -0.740946 0
    outer loop
      vertex 2.34315 2.34315 0
      vertex 2.92485 1.81592 55
      vertex 2.34315 2.34315 55
    endloop
  endfacet
  facet normal -0.671564 -0.740946 -0
    outer loop
      vertex 2.92485 1.81592 55
      vertex 2.34315 2.34315 0
      vertex 2.92485 1.81592 0
    endloop
  endfacet
  facet normal 0.970217 0.242236 1.40741e-19
    outer loop
      vertex 209.846 161.561 55
      vertex 209.656 162.322 0
      vertex 209.656 162.322 55
    endloop
  endfacet
  facet normal 0.970217 0.242236 1.40741e-19
    outer loop
      vertex 209.656 162.322 0
      vertex 209.846 161.561 55
      vertex 209.846 161.561 0
    endloop
  endfacet
  facet normal 0.858278 0.513184 3.47041e-19
    outer loop
      vertex 209.055 163.771 55
      vertex 208.652 164.445 0
      vertex 208.652 164.445 55
    endloop
  endfacet
  facet normal 0.858278 0.513184 3.47041e-19
    outer loop
      vertex 208.652 164.445 0
      vertex 209.055 163.771 55
      vertex 209.055 163.771 0
    endloop
  endfacet
  facet normal 0.802744 0.596324 -5.89644e-19
    outer loop
      vertex 208.652 164.445 55
      vertex 208.184 165.075 0
      vertex 208.184 165.075 55
    endloop
  endfacet
  facet normal 0.802744 0.596324 -5.89644e-19
    outer loop
      vertex 208.184 165.075 0
      vertex 208.652 164.445 55
      vertex 208.652 164.445 0
    endloop
  endfacet
  facet normal 0.903893 0.427758 9.88159e-20
    outer loop
      vertex 209.391 163.061 55
      vertex 209.055 163.771 0
      vertex 209.055 163.771 55
    endloop
  endfacet
  facet normal 0.903893 0.427758 9.88159e-20
    outer loop
      vertex 209.055 163.771 0
      vertex 209.391 163.061 55
      vertex 209.391 163.061 0
    endloop
  endfacet
  facet normal 0.242236 0.970217 -0
    outer loop
      vertex 204.322 167.656 0
      vertex 203.561 167.846 55
      vertex 204.322 167.656 55
    endloop
  endfacet
  facet normal 0.242236 0.970217 0
    outer loop
      vertex 203.561 167.846 55
      vertex 204.322 167.656 0
      vertex 203.561 167.846 0
    endloop
  endfacet
  facet normal 0.337546 0.941309 -0
    outer loop
      vertex 205.061 167.391 0
      vertex 204.322 167.656 55
      vertex 205.061 167.391 55
    endloop
  endfacet
  facet normal 0.337546 0.941309 0
    outer loop
      vertex 204.322 167.656 55
      vertex 205.061 167.391 0
      vertex 204.322 167.656 0
    endloop
  endfacet
  facet normal 0.14641 0.989224 -0
    outer loop
      vertex 203.561 167.846 0
      vertex 202.784 167.961 55
      vertex 203.561 167.846 55
    endloop
  endfacet
  facet normal 0.14641 0.989224 0
    outer loop
      vertex 202.784 167.961 55
      vertex 203.561 167.846 0
      vertex 202.784 167.961 0
    endloop
  endfacet
  facet normal 0.513184 0.858278 -0
    outer loop
      vertex 206.445 166.652 0
      vertex 205.771 167.055 55
      vertex 206.445 166.652 55
    endloop
  endfacet
  facet normal 0.513184 0.858278 0
    outer loop
      vertex 205.771 167.055 55
      vertex 206.445 166.652 0
      vertex 205.771 167.055 0
    endloop
  endfacet
  facet normal 0.671213 0.741264 -0
    outer loop
      vertex 207.657 165.657 0
      vertex 207.075 166.184 55
      vertex 207.657 165.657 55
    endloop
  endfacet
  facet normal 0.671213 0.741264 0
    outer loop
      vertex 207.075 166.184 55
      vertex 207.657 165.657 0
      vertex 207.075 166.184 0
    endloop
  endfacet
  facet normal -0.146488 0.989212 0
    outer loop
      vertex 7.21586 167.961 0
      vertex 6.43928 167.846 55
      vertex 7.21586 167.961 55
    endloop
  endfacet
  facet normal -0.146488 0.989212 0
    outer loop
      vertex 6.43928 167.846 55
      vertex 7.21586 167.961 0
      vertex 6.43928 167.846 0
    endloop
  endfacet
  facet normal -0.0496746 0.998765 0
    outer loop
      vertex 8 168 0
      vertex 7.21586 167.961 55
      vertex 8 168 55
    endloop
  endfacet
  facet normal -0.0496746 0.998765 0
    outer loop
      vertex 7.21586 167.961 55
      vertex 8 168 0
      vertex 7.21586 167.961 0
    endloop
  endfacet
  facet normal -0.427906 0.903823 0
    outer loop
      vertex 4.93853 167.391 0
      vertex 4.22883 167.055 55
      vertex 4.93853 167.391 55
    endloop
  endfacet
  facet normal -0.427906 0.903823 0
    outer loop
      vertex 4.22883 167.055 55
      vertex 4.93853 167.391 0
      vertex 4.22883 167.055 0
    endloop
  endfacet
  facet normal -0.802939 0.596061 1.95968e-19
    outer loop
      vertex 1.34824 164.445 0
      vertex 1.81592 165.075 55
      vertex 1.81592 165.075 0
    endloop
  endfacet
  facet normal -0.802939 0.596061 1.95968e-19
    outer loop
      vertex 1.81592 165.075 55
      vertex 1.34824 164.445 0
      vertex 1.34824 164.445 55
    endloop
  endfacet
  facet normal -0.941517 0.336966 6.3729e-20
    outer loop
      vertex 0.344477 162.322 0
      vertex 0.608963 163.061 55
      vertex 0.608963 163.061 0
    endloop
  endfacet
  facet normal -0.941517 0.336966 6.3729e-20
    outer loop
      vertex 0.608963 163.061 55
      vertex 0.344477 162.322 0
      vertex 0.344477 162.322 55
    endloop
  endfacet
  facet normal 0.671374 -0.741118 0
    outer loop
      vertex 207.075 1.81592 0
      vertex 207.657 2.34315 55
      vertex 207.075 1.81592 55
    endloop
  endfacet
  facet normal 0.671374 -0.741118 0
    outer loop
      vertex 207.657 2.34315 55
      vertex 207.075 1.81592 0
      vertex 207.657 2.34315 0
    endloop
  endfacet
  facet normal 0.803011 -0.595964 9.79009e-20
    outer loop
      vertex 208.184 2.92485 55
      vertex 208.652 3.55544 0
      vertex 208.652 3.55544 55
    endloop
  endfacet
  facet normal 0.803011 -0.595964 9.79009e-20
    outer loop
      vertex 208.652 3.55544 0
      vertex 208.184 2.92485 55
      vertex 208.184 2.92485 0
    endloop
  endfacet
  facet normal 0.998765 -0.0496746 5.10013e-22
    outer loop
      vertex 209.961 7.21586 55
      vertex 210 8 0
      vertex 210 8 55
    endloop
  endfacet
  facet normal 0.998765 -0.0496746 5.10013e-22
    outer loop
      vertex 210 8 0
      vertex 209.961 7.21586 55
      vertex 209.961 7.21586 0
    endloop
  endfacet
  facet normal 0.941336 -0.33747 -7.9704e-20
    outer loop
      vertex 209.391 4.93853 55
      vertex 209.656 5.67772 0
      vertex 209.656 5.67772 55
    endloop
  endfacet
  facet normal 0.941336 -0.33747 -7.9704e-20
    outer loop
      vertex 209.656 5.67772 0
      vertex 209.391 4.93853 55
      vertex 209.391 4.93853 0
    endloop
  endfacet
  facet normal 0.243147 -0.969989 0
    outer loop
      vertex 203.561 0.153717 0
      vertex 204.322 0.344477 55
      vertex 203.561 0.153717 55
    endloop
  endfacet
  facet normal 0.243147 -0.969989 0
    outer loop
      vertex 204.322 0.344477 55
      vertex 203.561 0.153717 0
      vertex 204.322 0.344477 0
    endloop
  endfacet
  facet normal 0.0490757 -0.998795 0
    outer loop
      vertex 202 0 0
      vertex 202.784 0.0385218 55
      vertex 202 0 55
    endloop
  endfacet
  facet normal 0.0490757 -0.998795 0
    outer loop
      vertex 202.784 0.0385218 55
      vertex 202 0 0
      vertex 202.784 0.0385218 0
    endloop
  endfacet
  facet normal 0.146653 -0.989188 0
    outer loop
      vertex 202.784 0.0385218 0
      vertex 203.561 0.153717 55
      vertex 202.784 0.0385218 55
    endloop
  endfacet
  facet normal 0.146653 -0.989188 0
    outer loop
      vertex 203.561 0.153717 55
      vertex 202.784 0.0385218 0
      vertex 203.561 0.153717 0
    endloop
  endfacet
  facet normal 0.427412 -0.904057 0
    outer loop
      vertex 205.061 0.608963 0
      vertex 205.771 0.94463 55
      vertex 205.061 0.608963 55
    endloop
  endfacet
  facet normal 0.427412 -0.904057 0
    outer loop
      vertex 205.771 0.94463 55
      vertex 205.061 0.608963 0
      vertex 205.771 0.94463 0
    endloop
  endfacet
  facet normal -0.242979 -0.970032 0
    outer loop
      vertex 5.67772 0.344477 0
      vertex 6.43928 0.153717 55
      vertex 5.67772 0.344477 55
    endloop
  endfacet
  facet normal -0.242979 -0.970032 -0
    outer loop
      vertex 6.43928 0.153717 55
      vertex 5.67772 0.344477 0
      vertex 6.43928 0.153717 0
    endloop
  endfacet
  facet normal -0.336889 -0.941544 0
    outer loop
      vertex 4.93853 0.608963 0
      vertex 5.67772 0.344477 55
      vertex 4.93853 0.608963 55
    endloop
  endfacet
  facet normal -0.336889 -0.941544 -0
    outer loop
      vertex 5.67772 0.344477 55
      vertex 4.93853 0.608963 0
      vertex 5.67772 0.344477 0
    endloop
  endfacet
  facet normal -0.146731 -0.989176 0
    outer loop
      vertex 6.43928 0.153717 0
      vertex 7.21586 0.0385218 55
      vertex 6.43928 0.153717 55
    endloop
  endfacet
  facet normal -0.146731 -0.989176 -0
    outer loop
      vertex 7.21586 0.0385218 55
      vertex 6.43928 0.153717 0
      vertex 7.21586 0.0385218 0
    endloop
  endfacet
  facet normal -0.803206 -0.595701 -3.50897e-19
    outer loop
      vertex 1.81592 2.92485 0
      vertex 1.34824 3.55544 55
      vertex 1.34824 3.55544 0
    endloop
  endfacet
  facet normal -0.803206 -0.595701 -3.50897e-19
    outer loop
      vertex 1.34824 3.55544 55
      vertex 1.81592 2.92485 0
      vertex 1.81592 2.92485 55
    endloop
  endfacet
  facet normal -0.857731 -0.514099 -8.97652e-20
    outer loop
      vertex 1.34824 3.55544 0
      vertex 0.94463 4.22883 55
      vertex 0.94463 4.22883 0
    endloop
  endfacet
  facet normal -0.857731 -0.514099 -8.97652e-20
    outer loop
      vertex 0.94463 4.22883 55
      vertex 1.34824 3.55544 0
      vertex 1.34824 3.55544 55
    endloop
  endfacet
  facet normal -0.740946 -0.671564 2.12174e-19
    outer loop
      vertex 2.34315 2.34315 0
      vertex 1.81592 2.92485 55
      vertex 1.81592 2.92485 0
    endloop
  endfacet
  facet normal -0.740946 -0.671564 2.12174e-19
    outer loop
      vertex 1.81592 2.92485 55
      vertex 2.34315 2.34315 0
      vertex 2.34315 2.34315 55
    endloop
  endfacet
  facet normal -0.903987 -0.427559 -8.25469e-20
    outer loop
      vertex 0.94463 4.22883 0
      vertex 0.608963 4.93853 55
      vertex 0.608963 4.93853 0
    endloop
  endfacet
  facet normal -0.903987 -0.427559 -8.25469e-20
    outer loop
      vertex 0.608963 4.93853 55
      vertex 0.94463 4.22883 0
      vertex 0.94463 4.22883 55
    endloop
  endfacet
  facet normal -0.970032 -0.242979 2.50776e-19
    outer loop
      vertex 0.344477 5.67772 0
      vertex 0.153717 6.43928 55
      vertex 0.153717 6.43928 0
    endloop
  endfacet
  facet normal -0.970032 -0.242979 2.50776e-19
    outer loop
      vertex 0.153717 6.43928 55
      vertex 0.344477 5.67772 0
      vertex 0.344477 5.67772 55
    endloop
  endfacet
  facet normal -0.427559 -0.903987 0
    outer loop
      vertex 4.22883 0.94463 0
      vertex 4.93853 0.608963 55
      vertex 4.22883 0.94463 55
    endloop
  endfacet
  facet normal -0.427559 -0.903987 -0
    outer loop
      vertex 4.93853 0.608963 55
      vertex 4.22883 0.94463 0
      vertex 4.93853 0.608963 0
    endloop
  endfacet
  facet normal -0.941544 -0.336889 -1.84552e-19
    outer loop
      vertex 0.608963 4.93853 0
      vertex 0.344477 5.67772 55
      vertex 0.344477 5.67772 0
    endloop
  endfacet
  facet normal -0.941544 -0.336889 -1.84552e-19
    outer loop
      vertex 0.344477 5.67772 55
      vertex 0.608963 4.93853 0
      vertex 0.608963 4.93853 55
    endloop
  endfacet
  facet normal 0.998786 0.0481756 0.0102395
    outer loop
      vertex 122.913 24.0625 57.192
      vertex 123 22.7247 55
      vertex 122.913 24.5284 55
    endloop
  endfacet
  facet normal 0.998786 0.0481737 0.0102407
    outer loop
      vertex 123 22.7247 55
      vertex 122.913 24.0625 57.192
      vertex 123 22.3367 56.8252
    endloop
  endfacet
  facet normal -0.0490826 0.97697 0.207656
    outer loop
      vertex 105 41.1268 55
      vertex 103.748 41.0639 55
      vertex 105 39.9434 60.5676
    endloop
  endfacet
  facet normal 5.3819e-18 -0.207917 0.978146
    outer loop
      vertex 122.654 18.9018 56.0951
      vertex 116.236 13.7499 55
      vertex 118.332 13.7499 55
    endloop
  endfacet
  facet normal -0.146662 0.967571 0.205663
    outer loop
      vertex 103.236 41.0382 55
      vertex 101.488 39.6051 60.4957
      vertex 103.236 39.8586 60.5496
    endloop
  endfacet
  facet normal -0.146685 0.967569 0.205655
    outer loop
      vertex 101.488 39.6051 60.4957
      vertex 103.236 41.0382 55
      vertex 101.488 40.7732 55
    endloop
  endfacet
  facet normal -0.000171972 -0.208111 0.978105
    outer loop
      vertex 117.728 34.7865 59.4715
      vertex 115 36.9761 59.9369
      vertex 118.914 33.5062 59.1993
    endloop
  endfacet
  facet normal -9.30809e-05 -0.2079 0.97815
    outer loop
      vertex 122.913 24.0625 57.192
      vertex 122.654 18.9018 56.0951
      vertex 123 22.3367 56.8252
    endloop
  endfacet
  facet normal 0.969934 0.238049 0.0506023
    outer loop
      vertex 122.225 28.0665 55
      vertex 122.225 27.4476 57.9115
      vertex 122.378 27.4431 55
    endloop
  endfacet
  facet normal 0.000220643 -0.208018 0.978125
    outer loop
      vertex 120.619 13.7499 55
      vertex 120.875 14.037 55.061
      vertex 121.63 15.5989 55.393
    endloop
  endfacet
  facet normal -5.67798e-17 -0.20783 0.978165
    outer loop
      vertex 120.875 14.037 55.061
      vertex 120.619 13.7499 55
      vertex 120.699 13.7499 55
    endloop
  endfacet
  facet normal -0.970009 0.237756 0.0505401
    outer loop
      vertex 87.7751 28.0665 55
      vertex 87.6223 27.4431 55
      vertex 87.7751 27.4476 57.9115
    endloop
  endfacet
  facet normal -0.595716 0.785643 0.166998
    outer loop
      vertex 94.9997 38.0255 55
      vertex 93.5809 35.9468 59.7181
      vertex 94.9997 36.9761 59.9369
    endloop
  endfacet
  facet normal -0.595712 0.785645 0.167
    outer loop
      vertex 93.5809 35.9468 59.7181
      vertex 94.9997 38.0255 55
      vertex 93.5809 36.9497 55
    endloop
  endfacet
  facet normal -4.01746e-05 -0.207905 0.978149
    outer loop
      vertex 123 22.3367 56.8252
      vertex 122.654 18.9018 56.0951
      vertex 122.913 20.611 56.4584
    endloop
  endfacet
  facet normal -0.941543 -0.329534 -0.0700358
    outer loop
      vertex 88.3702 15.6825 55
      vertex 87.7751 17.2258 55.7388
      vertex 87.8289 17.2291 55
    endloop
  endfacet
  facet normal -0.941547 -0.329508 -0.0700938
    outer loop
      vertex 87.7751 17.2258 55.7388
      vertex 88.3702 15.6825 55
      vertex 88.3702 15.5989 55.393
    endloop
  endfacet
  facet normal 0.000157825 -0.207718 0.978189
    outer loop
      vertex 116.419 35.9468 59.7181
      vertex 115 36.9761 59.9369
      vertex 117.728 34.7865 59.4715
    endloop
  endfacet
  facet normal 0.989144 0.14374 0.0305503
    outer loop
      vertex 122.654 26.3147 55
      vertex 122.654 25.7716 57.5553
      vertex 122.735 25.7573 55
    endloop
  endfacet
  facet normal 2.44692e-05 -0.20785 0.978161
    outer loop
      vertex 111.888 38.6031 60.2827
      vertex 108.512 39.6051 60.4957
      vertex 115 36.9761 59.9369
    endloop
  endfacet
  facet normal 0.000830084 -0.208456 0.978031
    outer loop
      vertex 90.0335 32.1184 58.9044
      vertex 89.1254 30.6364 58.5893
      vertex 91.0858 33.5062 59.1993
    endloop
  endfacet
  facet normal -0.803179 0.582719 0.123862
    outer loop
      vertex 90.5791 33.7004 55
      vertex 91.0858 33.5062 59.1993
      vertex 91.0858 34.3988 55
    endloop
  endfacet
  facet normal -0.803192 0.582701 0.123863
    outer loop
      vertex 91.0858 33.5062 59.1993
      vertex 90.5791 33.7004 55
      vertex 90.0335 32.1184 58.9044
    endloop
  endfacet
  facet normal -0.857726 0.502873 0.106888
    outer loop
      vertex 89.1254 31.3994 55
      vertex 90.0335 32.1184 58.9044
      vertex 90.0335 32.9483 55
    endloop
  endfacet
  facet normal -0.857737 0.502853 0.106895
    outer loop
      vertex 90.0335 32.1184 58.9044
      vertex 89.1254 31.3994 55
      vertex 89.1254 30.6364 58.5893
    endloop
  endfacet
  facet normal -0.970033 -0.237663 -0.0505232
    outer loop
      vertex 87.7751 17.3828 55
      vertex 87.3459 18.9018 56.0951
      vertex 87.3459 19.1346 55
    endloop
  endfacet
  facet normal -0.970031 -0.237674 -0.0505073
    outer loop
      vertex 87.3459 18.9018 56.0951
      vertex 87.7751 17.3828 55
      vertex 87.7751 17.2258 55.7388
    endloop
  endfacet
  facet normal 7.21994e-06 -0.207909 0.978148
    outer loop
      vertex 120.875 30.6364 58.5893
      vertex 118.914 33.5062 59.1993
      vertex 122.225 27.4476 57.9115
    endloop
  endfacet
  facet normal 0.24309 0.948805 0.201684
    outer loop
      vertex 109.028 40.6411 55
      vertex 108.512 39.6051 60.4957
      vertex 110.225 39.1852 60.4064
    endloop
  endfacet
  facet normal 0.242913 0.948852 0.201677
    outer loop
      vertex 108.512 39.6051 60.4957
      vertex 109.028 40.6411 55
      vertex 108.512 40.7732 55
    endloop
  endfacet
  facet normal -0.0490844 0.97697 0.207656
    outer loop
      vertex 103.748 41.0639 55
      vertex 103.236 39.8586 60.5496
      vertex 105 39.9434 60.5676
    endloop
  endfacet
  facet normal -0.0490394 0.976971 0.207661
    outer loop
      vertex 103.236 39.8586 60.5496
      vertex 103.748 41.0639 55
      vertex 103.236 41.0382 55
    endloop
  endfacet
  facet normal 0.000130608 -0.207508 0.978233
    outer loop
      vertex 110.225 39.1852 60.4064
      vertex 108.512 39.6051 60.4957
      vertex 111.888 38.6031 60.2827
    endloop
  endfacet
  facet normal 0.243106 0.948802 0.20168
    outer loop
      vertex 110.225 40.3344 55
      vertex 109.028 40.6411 55
      vertex 110.225 39.1852 60.4064
    endloop
  endfacet
  facet normal 1.1313e-05 -0.207915 0.978147
    outer loop
      vertex 96.5149 37.8644 60.1257
      vertex 94.9997 36.9761 59.9369
      vertex 98.1117 38.6031 60.2827
    endloop
  endfacet
  facet normal -0.242913 0.948852 0.201677
    outer loop
      vertex 100.972 40.6411 55
      vertex 101.488 39.6051 60.4957
      vertex 101.488 40.7732 55
    endloop
  endfacet
  facet normal -0.243077 0.948808 0.201684
    outer loop
      vertex 101.488 39.6051 60.4957
      vertex 100.972 40.6411 55
      vertex 99.7749 39.1852 60.4064
    endloop
  endfacet
  facet normal 1.36254e-05 -0.20794 0.978142
    outer loop
      vertex 94.9997 36.9761 59.9369
      vertex 91.0858 33.5062 59.1993
      vertex 101.488 39.6051 60.4957
    endloop
  endfacet
  facet normal 0 -0.207844 0.978162
    outer loop
      vertex 91.0858 33.5062 59.1993
      vertex 99.3542 33.2723 59.1496
      vertex 99.86 33.5062 59.1993
    endloop
  endfacet
  facet normal 1.66137e-05 -0.207809 0.978169
    outer loop
      vertex 91.0858 33.5062 59.1993
      vertex 97.2516 32.0395 58.8876
      vertex 97.722 32.3808 58.9601
    endloop
  endfacet
  facet normal 1.52826e-05 -0.20786 0.978159
    outer loop
      vertex 91.0858 33.5062 59.1993
      vertex 96.1709 31.172 58.7032
      vertex 96.6894 31.6318 58.8009
    endloop
  endfacet
  facet normal 9.63598e-05 -0.207999 0.978129
    outer loop
      vertex 87.3459 18.9018 56.0951
      vertex 92.0658 23.6597 57.1064
      vertex 92.1517 24.2264 57.2269
    endloop
  endfacet
  facet normal 7.13936e-05 -0.207989 0.978131
    outer loop
      vertex 87.3459 18.9018 56.0951
      vertex 91.9287 22.2988 56.8171
      vertex 91.9631 22.9826 56.9625
    endloop
  endfacet
  facet normal -3.23088e-05 -0.207877 0.978155
    outer loop
      vertex 92.0658 23.6597 57.1064
      vertex 87.3459 18.9018 56.0951
      vertex 91.9631 22.9826 56.9625
    endloop
  endfacet
  facet normal -0.00010095 -0.207828 0.978165
    outer loop
      vertex 92.4641 25.4462 57.4861
      vertex 87.3459 18.9018 56.0951
      vertex 92.1517 24.2264 57.2269
    endloop
  endfacet
  facet normal 7.90101e-06 -0.20791 0.978148
    outer loop
      vertex 87.3459 18.9018 56.0951
      vertex 92.4641 25.4462 57.4861
      vertex 91.0858 33.5062 59.1993
    endloop
  endfacet
  facet normal -5.21658e-05 -0.20792 0.978146
    outer loop
      vertex 92.8972 26.6302 57.7378
      vertex 91.0858 33.5062 59.1993
      vertex 92.4641 25.4462 57.4861
    endloop
  endfacet
  facet normal 3.2101e-05 -0.207898 0.97815
    outer loop
      vertex 93.4468 27.767 57.9794
      vertex 91.0858 33.5062 59.1993
      vertex 92.8972 26.6302 57.7378
    endloop
  endfacet
  facet normal -5.19069e-05 -0.207931 0.978143
    outer loop
      vertex 94.1077 28.8455 58.2087
      vertex 91.0858 33.5062 59.1993
      vertex 93.4468 27.767 57.9794
    endloop
  endfacet
  facet normal -2.16096e-05 -0.207913 0.978147
    outer loop
      vertex 94.8736 29.8555 58.4234
      vertex 91.0858 33.5062 59.1993
      vertex 94.1077 28.8455 58.2087
    endloop
  endfacet
  facet normal 2.12318e-05 -0.20787 0.978156
    outer loop
      vertex 95.7369 30.7873 58.6214
      vertex 91.0858 33.5062 59.1993
      vertex 94.8736 29.8555 58.4234
    endloop
  endfacet
  facet normal -2.89527e-05 -0.207952 0.978139
    outer loop
      vertex 96.1709 31.172 58.7032
      vertex 91.0858 33.5062 59.1993
      vertex 95.7369 30.7873 58.6214
    endloop
  endfacet
  facet normal -2.42602e-05 -0.207973 0.978135
    outer loop
      vertex 97.2516 32.0395 58.8876
      vertex 91.0858 33.5062 59.1993
      vertex 96.6894 31.6318 58.8009
    endloop
  endfacet
  facet normal 2.27063e-06 -0.20789 0.978152
    outer loop
      vertex 98.8247 33.0273 59.0975
      vertex 91.0858 33.5062 59.1993
      vertex 97.722 32.3808 58.9601
    endloop
  endfacet
  facet normal -4.40921e-06 -0.207993 0.97813
    outer loop
      vertex 99.3542 33.2723 59.1496
      vertex 91.0858 33.5062 59.1993
      vertex 98.8247 33.0273 59.0975
    endloop
  endfacet
  facet normal -2.06108e-05 -0.20787 0.978156
    outer loop
      vertex 91.9287 22.2988 56.8171
      vertex 87.3459 18.9018 56.0951
      vertex 91.9 21.7266 56.6955
    endloop
  endfacet
  facet normal -1.52457e-05 -0.207878 0.978155
    outer loop
      vertex 91.9 21.7266 56.6955
      vertex 87.3459 18.9018 56.0951
      vertex 91.9343 21.0429 56.5502
    endloop
  endfacet
  facet normal -1.47052e-19 -0.207679 0.978197
    outer loop
      vertex 92.1517 19.2268 56.1641
      vertex 87.3459 18.9018 56.0951
      vertex 92.2349 18.9018 56.0951
    endloop
  endfacet
  facet normal 1.74612e-05 -0.207926 0.978145
    outer loop
      vertex 91.9631 20.4706 56.4285
      vertex 87.3459 18.9018 56.0951
      vertex 92.1517 19.2268 56.1641
    endloop
  endfacet
  facet normal 4.2996e-05 -0.207998 0.978129
    outer loop
      vertex 91.9343 21.0429 56.5502
      vertex 87.3459 18.9018 56.0951
      vertex 91.9631 20.4706 56.4285
    endloop
  endfacet
  facet normal 2.06182e-05 -0.20787 0.978156
    outer loop
      vertex 122.654 18.9018 56.0951
      vertex 118.071 22.2988 56.8171
      vertex 118.1 21.7266 56.6955
    endloop
  endfacet
  facet normal -7.13582e-05 -0.207989 0.978131
    outer loop
      vertex 122.654 18.9018 56.0951
      vertex 118.037 22.9826 56.9625
      vertex 118.071 22.2988 56.8171
    endloop
  endfacet
  facet normal 3.2325e-05 -0.207877 0.978155
    outer loop
      vertex 122.654 18.9018 56.0951
      vertex 117.934 23.6597 57.1064
      vertex 118.037 22.9826 56.9625
    endloop
  endfacet
  facet normal -9.63777e-05 -0.207999 0.978129
    outer loop
      vertex 122.654 18.9018 56.0951
      vertex 117.848 24.2264 57.2269
      vertex 117.934 23.6597 57.1064
    endloop
  endfacet
  facet normal 0.000100893 -0.207828 0.978165
    outer loop
      vertex 122.654 18.9018 56.0951
      vertex 117.536 25.4462 57.4861
      vertex 117.848 24.2264 57.2269
    endloop
  endfacet
  facet normal 5.21776e-05 -0.20792 0.978146
    outer loop
      vertex 118.914 33.5062 59.1993
      vertex 117.103 26.6302 57.7378
      vertex 117.536 25.4462 57.4861
    endloop
  endfacet
  facet normal -3.20884e-05 -0.207898 0.97815
    outer loop
      vertex 118.914 33.5062 59.1993
      vertex 116.553 27.767 57.9794
      vertex 117.103 26.6302 57.7378
    endloop
  endfacet
  facet normal 5.19022e-05 -0.207931 0.978143
    outer loop
      vertex 118.914 33.5062 59.1993
      vertex 115.892 28.8455 58.2087
      vertex 116.553 27.767 57.9794
    endloop
  endfacet
  facet normal 2.16077e-05 -0.207913 0.978147
    outer loop
      vertex 118.914 33.5062 59.1993
      vertex 115.126 29.8555 58.4234
      vertex 115.892 28.8455 58.2087
    endloop
  endfacet
  facet normal -2.12347e-05 -0.20787 0.978156
    outer loop
      vertex 118.914 33.5062 59.1993
      vertex 114.263 30.7873 58.6214
      vertex 115.126 29.8555 58.4234
    endloop
  endfacet
  facet normal 2.89531e-05 -0.207952 0.978139
    outer loop
      vertex 118.914 33.5062 59.1993
      vertex 113.829 31.172 58.7032
      vertex 114.263 30.7873 58.6214
    endloop
  endfacet
  facet normal -1.52879e-05 -0.20786 0.978159
    outer loop
      vertex 118.914 33.5062 59.1993
      vertex 113.311 31.6318 58.8009
      vertex 113.829 31.172 58.7032
    endloop
  endfacet
  facet normal 2.4251e-05 -0.207973 0.978135
    outer loop
      vertex 118.914 33.5062 59.1993
      vertex 112.748 32.0395 58.8876
      vertex 113.311 31.6318 58.8009
    endloop
  endfacet
  facet normal -1.66167e-05 -0.207809 0.978169
    outer loop
      vertex 118.914 33.5062 59.1993
      vertex 112.278 32.3808 58.9601
      vertex 112.748 32.0395 58.8876
    endloop
  endfacet
  facet normal -2.27054e-06 -0.20789 0.978152
    outer loop
      vertex 118.914 33.5062 59.1993
      vertex 111.175 33.0273 59.0975
      vertex 112.278 32.3808 58.9601
    endloop
  endfacet
  facet normal 4.40966e-06 -0.207993 0.97813
    outer loop
      vertex 118.914 33.5062 59.1993
      vertex 110.646 33.2723 59.1496
      vertex 111.175 33.0273 59.0975
    endloop
  endfacet
  facet normal 6.49994e-20 -0.207844 0.978162
    outer loop
      vertex 110.646 33.2723 59.1496
      vertex 118.914 33.5062 59.1993
      vertex 110.14 33.5062 59.1993
    endloop
  endfacet
  facet normal -7.90157e-06 -0.20791 0.978148
    outer loop
      vertex 117.536 25.4462 57.4861
      vertex 122.654 18.9018 56.0951
      vertex 118.914 33.5062 59.1993
    endloop
  endfacet
  facet normal 1.52501e-05 -0.207878 0.978155
    outer loop
      vertex 118.066 21.0429 56.5502
      vertex 122.654 18.9018 56.0951
      vertex 118.1 21.7266 56.6955
    endloop
  endfacet
  facet normal -4.29928e-05 -0.207998 0.978129
    outer loop
      vertex 118.037 20.4706 56.4285
      vertex 122.654 18.9018 56.0951
      vertex 118.066 21.0429 56.5502
    endloop
  endfacet
  facet normal -1.74601e-05 -0.207926 0.978145
    outer loop
      vertex 117.848 19.2268 56.1641
      vertex 122.654 18.9018 56.0951
      vertex 118.037 20.4706 56.4285
    endloop
  endfacet
  facet normal 0 -0.207679 0.978197
    outer loop
      vertex 122.654 18.9018 56.0951
      vertex 117.848 19.2268 56.1641
      vertex 117.765 18.9018 56.0951
    endloop
  endfacet
  facet normal -1.67592e-05 -0.207904 0.978149
    outer loop
      vertex 87.7751 27.4476 57.9115
      vertex 87.3459 18.9018 56.0951
      vertex 91.0858 33.5062 59.1993
    endloop
  endfacet
  facet normal 0.998834 -0.0472203 -0.0100381
    outer loop
      vertex 123 22.3367 56.8252
      vertex 122.981 22.3228 55
      vertex 123 22.7247 55
    endloop
  endfacet
  facet normal 0.989192 -0.143425 -0.0304769
    outer loop
      vertex 122.913 20.611 56.4584
      vertex 122.654 19.1346 55
      vertex 122.913 20.9209 55
    endloop
  endfacet
  facet normal 0.989193 -0.143415 -0.0304876
    outer loop
      vertex 122.654 19.1346 55
      vertex 122.913 20.611 56.4584
      vertex 122.654 18.9018 56.0951
    endloop
  endfacet
  facet normal 0.998775 -0.0484462 -0.0100281
    outer loop
      vertex 123 22.3367 56.8252
      vertex 122.913 20.9209 55
      vertex 122.981 22.3228 55
    endloop
  endfacet
  facet normal 0.998786 -0.0481772 -0.0102373
    outer loop
      vertex 122.913 20.9209 55
      vertex 123 22.3367 56.8252
      vertex 122.913 20.611 56.4584
    endloop
  endfacet
  facet normal 0.904164 0.417849 0.0888247
    outer loop
      vertex 120.875 31.3994 55
      vertex 120.875 30.6364 58.5893
      vertex 121.207 30.681 55
    endloop
  endfacet
  facet normal -0.000834808 -0.208459 0.978031
    outer loop
      vertex 119.966 32.1184 58.9044
      vertex 118.914 33.5062 59.1993
      vertex 120.875 30.6364 58.5893
    endloop
  endfacet
  facet normal 0.941679 0.329157 0.0699685
    outer loop
      vertex 121.63 29.0745 58.2573
      vertex 121.993 28.7284 55
      vertex 121.63 29.7669 55
    endloop
  endfacet
  facet normal 0.941565 0.329494 0.06992
    outer loop
      vertex 121.993 28.7284 55
      vertex 121.63 29.0745 58.2573
      vertex 122.225 27.4476 57.9115
    endloop
  endfacet
  facet normal 0.671525 0.724791 0.154052
    outer loop
      vertex 116.419 36.9497 55
      vertex 117.728 34.7865 59.4715
      vertex 117.728 35.7369 55
    endloop
  endfacet
  facet normal 0.671499 0.724812 0.154069
    outer loop
      vertex 117.728 34.7865 59.4715
      vertex 116.419 36.9497 55
      vertex 116.419 35.9468 59.7181
    endloop
  endfacet
  facet normal -3.46226e-06 -0.207877 0.978155
    outer loop
      vertex 93.7637 13.7499 55
      vertex 94.4567 14.1475 55.0845
      vertex 94.1077 14.6077 55.1823
    endloop
  endfacet
  facet normal 8.49121e-18 -0.207882 0.978154
    outer loop
      vertex 94.4567 14.1475 55.0845
      vertex 93.7637 13.7499 55
      vertex 94.7581 13.7499 55
    endloop
  endfacet
  facet normal 8.65491e-05 -0.207911 0.978148
    outer loop
      vertex 93.4468 15.6862 55.4116
      vertex 93.7637 13.7499 55
      vertex 94.1077 14.6077 55.1823
    endloop
  endfacet
  facet normal -6.762e-05 -0.207935 0.978143
    outer loop
      vertex 93.1964 16.2042 55.5217
      vertex 93.7637 13.7499 55
      vertex 93.4468 15.6862 55.4116
    endloop
  endfacet
  facet normal 2.9736e-05 -0.207853 0.97816
    outer loop
      vertex 87.3459 18.9018 56.0951
      vertex 93.1964 16.2042 55.5217
      vertex 92.8972 16.823 55.6532
    endloop
  endfacet
  facet normal 1.68316e-05 -0.207886 0.978153
    outer loop
      vertex 87.3459 18.9018 56.0951
      vertex 92.8972 16.823 55.6532
      vertex 92.6614 17.4676 55.7902
    endloop
  endfacet
  facet normal -1.50189e-05 -0.207998 0.978129
    outer loop
      vertex 87.3459 18.9018 56.0951
      vertex 92.6614 17.4676 55.7902
      vertex 92.4641 18.007 55.9049
    endloop
  endfacet
  facet normal -3.22528e-06 -0.207921 0.978146
    outer loop
      vertex 93.1964 16.2042 55.5217
      vertex 87.3459 18.9018 56.0951
      vertex 93.7637 13.7499 55
    endloop
  endfacet
  facet normal 0 -0.207916 0.978147
    outer loop
      vertex 87.3459 18.9018 56.0951
      vertex 92.4641 18.007 55.9049
      vertex 92.2349 18.9018 56.0951
    endloop
  endfacet
  facet normal 4.24235e-19 -0.207916 0.978147
    outer loop
      vertex 117.536 18.007 55.9049
      vertex 122.654 18.9018 56.0951
      vertex 117.765 18.9018 56.0951
    endloop
  endfacet
  facet normal 1.5018e-05 -0.207998 0.978129
    outer loop
      vertex 117.339 17.4676 55.7902
      vertex 122.654 18.9018 56.0951
      vertex 117.536 18.007 55.9049
    endloop
  endfacet
  facet normal -1.68349e-05 -0.207886 0.978153
    outer loop
      vertex 117.103 16.823 55.6532
      vertex 122.654 18.9018 56.0951
      vertex 117.339 17.4676 55.7902
    endloop
  endfacet
  facet normal -2.97335e-05 -0.207853 0.97816
    outer loop
      vertex 116.804 16.2042 55.5217
      vertex 122.654 18.9018 56.0951
      vertex 117.103 16.823 55.6532
    endloop
  endfacet
  facet normal 6.73868e-05 -0.207935 0.978143
    outer loop
      vertex 116.236 13.7499 55
      vertex 116.804 16.2042 55.5217
      vertex 116.553 15.6862 55.4116
    endloop
  endfacet
  facet normal 3.22606e-06 -0.207921 0.978146
    outer loop
      vertex 116.804 16.2042 55.5217
      vertex 116.236 13.7499 55
      vertex 122.654 18.9018 56.0951
    endloop
  endfacet
  facet normal -8.65412e-05 -0.207911 0.978148
    outer loop
      vertex 115.892 14.6077 55.1823
      vertex 116.236 13.7499 55
      vertex 116.553 15.6862 55.4116
    endloop
  endfacet
  facet normal 3.46226e-06 -0.207877 0.978155
    outer loop
      vertex 115.543 14.1475 55.0845
      vertex 116.236 13.7499 55
      vertex 115.892 14.6077 55.1823
    endloop
  endfacet
  facet normal 0 -0.207882 0.978154
    outer loop
      vertex 116.236 13.7499 55
      vertex 115.543 14.1475 55.0845
      vertex 115.242 13.7499 55
    endloop
  endfacet
  facet normal 0.000158442 -0.207981 0.978133
    outer loop
      vertex 120.472 13.7499 55
      vertex 122.225 17.2258 55.7388
      vertex 122.654 18.9018 56.0951
    endloop
  endfacet
  facet normal -1.12719e-16 -0.207905 0.978149
    outer loop
      vertex 122.225 17.2258 55.7388
      vertex 120.472 13.7499 55
      vertex 120.544 13.7499 55
    endloop
  endfacet
  facet normal 0.0490826 0.97697 0.207656
    outer loop
      vertex 105 41.1268 55
      vertex 105 39.9434 60.5676
      vertex 106.252 41.0639 55
    endloop
  endfacet
  facet normal 0 -0.207905 0.978149
    outer loop
      vertex 89.5275 13.7499 55
      vertex 87.7751 17.2258 55.7388
      vertex 89.4558 13.7499 55
    endloop
  endfacet
  facet normal -0.000158629 -0.207981 0.978133
    outer loop
      vertex 87.7751 17.2258 55.7388
      vertex 89.5275 13.7499 55
      vertex 87.3459 18.9018 56.0951
    endloop
  endfacet
  facet normal -7.22837e-06 -0.207909 0.978148
    outer loop
      vertex 89.1254 30.6364 58.5893
      vertex 87.7751 27.4476 57.9115
      vertex 91.0858 33.5062 59.1993
    endloop
  endfacet
  facet normal 0 -0.207917 0.978146
    outer loop
      vertex 93.7637 13.7499 55
      vertex 87.3459 18.9018 56.0951
      vertex 91.6684 13.7499 55
    endloop
  endfacet
  facet normal -1.36268e-05 -0.20794 0.978142
    outer loop
      vertex 115 36.9761 59.9369
      vertex 108.512 39.6051 60.4957
      vertex 118.914 33.5062 59.1993
    endloop
  endfacet
  facet normal -0.998797 -0.0479641 -0.0101962
    outer loop
      vertex 87.0193 22.3228 55
      vertex 87 22.3367 56.8252
      vertex 87 22.7247 55
    endloop
  endfacet
  facet normal 9.32061e-05 -0.2079 0.97815
    outer loop
      vertex 87.0867 24.0625 57.192
      vertex 87 22.3367 56.8252
      vertex 87.3459 18.9018 56.0951
    endloop
  endfacet
  facet normal -0.000157839 -0.207718 0.978189
    outer loop
      vertex 93.5809 35.9468 59.7181
      vertex 92.2721 34.7865 59.4715
      vertex 94.9997 36.9761 59.9369
    endloop
  endfacet
  facet normal -0.941531 -0.329567 -0.0700351
    outer loop
      vertex 87.8289 17.2291 55
      vertex 87.7751 17.2258 55.7388
      vertex 87.7751 17.3828 55
    endloop
  endfacet
  facet normal 0.941385 0.329961 0.0701401
    outer loop
      vertex 122.225 28.0665 55
      vertex 121.993 28.7284 55
      vertex 122.225 27.4476 57.9115
    endloop
  endfacet
  facet normal -9.0422e-05 -0.207909 0.978148
    outer loop
      vertex 122.654 25.7716 57.5553
      vertex 122.225 27.4476 57.9115
      vertex 122.654 18.9018 56.0951
    endloop
  endfacet
  facet normal 0.741031 0.656799 0.1396
    outer loop
      vertex 117.728 34.7865 59.4715
      vertex 118.914 34.3988 55
      vertex 117.728 35.7369 55
    endloop
  endfacet
  facet normal 0.741045 0.656782 0.139605
    outer loop
      vertex 118.914 34.3988 55
      vertex 117.728 34.7865 59.4715
      vertex 118.914 33.5062 59.1993
    endloop
  endfacet
  facet normal 8.43432e-05 -0.207877 0.978155
    outer loop
      vertex 121.63 29.0745 58.2573
      vertex 120.875 30.6364 58.5893
      vertex 122.225 27.4476 57.9115
    endloop
  endfacet
  facet normal 0.903954 0.418305 0.088811
    outer loop
      vertex 120.875 30.6364 58.5893
      vertex 121.63 29.7669 55
      vertex 121.207 30.681 55
    endloop
  endfacet
  facet normal 0.904039 0.418108 0.0888766
    outer loop
      vertex 121.63 29.7669 55
      vertex 120.875 30.6364 58.5893
      vertex 121.63 29.0745 58.2573
    endloop
  endfacet
  facet normal 0.146685 0.967569 0.205655
    outer loop
      vertex 106.764 41.0382 55
      vertex 108.512 39.6051 60.4957
      vertex 108.512 40.7732 55
    endloop
  endfacet
  facet normal 0.146662 0.967571 0.205663
    outer loop
      vertex 108.512 39.6051 60.4957
      vertex 106.764 41.0382 55
      vertex 106.764 39.8586 60.5496
    endloop
  endfacet
  facet normal -0.970045 0.237611 0.0505422
    outer loop
      vertex 87.3459 26.3147 55
      vertex 87.7751 27.4476 57.9115
      vertex 87.6223 27.4431 55
    endloop
  endfacet
  facet normal -0.97003 0.237675 0.0505151
    outer loop
      vertex 87.7751 27.4476 57.9115
      vertex 87.3459 26.3147 55
      vertex 87.3459 25.7716 57.5553
    endloop
  endfacet
  facet normal -0.989175 -0.143534 -0.0304999
    outer loop
      vertex 87.3459 19.1346 55
      vertex 87.0867 20.611 56.4584
      vertex 87.0867 20.9209 55
    endloop
  endfacet
  facet normal -0.989177 -0.143523 -0.0305107
    outer loop
      vertex 87.0867 20.611 56.4584
      vertex 87.3459 19.1346 55
      vertex 87.3459 18.9018 56.0951
    endloop
  endfacet
  facet normal -6.11987e-18 -0.207918 0.978146
    outer loop
      vertex 108.512 39.6051 60.4957
      vertex 110.14 33.5062 59.1993
      vertex 118.914 33.5062 59.1993
    endloop
  endfacet
  facet normal 0.000198182 -0.207867 0.978157
    outer loop
      vertex 110.14 33.5062 59.1993
      vertex 108.512 39.6051 60.4957
      vertex 110.013 33.5649 59.2118
    endloop
  endfacet
  facet normal 3.4242e-05 -0.207906 0.978149
    outer loop
      vertex 110.013 33.5649 59.2118
      vertex 108.512 39.6051 60.4957
      vertex 108.803 33.9886 59.3019
    endloop
  endfacet
  facet normal -6.92303e-05 -0.207911 0.978148
    outer loop
      vertex 108.512 39.6051 60.4957
      vertex 108.124 34.1549 59.3372
      vertex 108.803 33.9886 59.3019
    endloop
  endfacet
  facet normal 1.94777e-05 -0.207917 0.978146
    outer loop
      vertex 108.512 39.6051 60.4957
      vertex 107.556 34.2941 59.3668
      vertex 108.124 34.1549 59.3372
    endloop
  endfacet
  facet normal 3.91193e-05 -0.207921 0.978146
    outer loop
      vertex 108.512 39.6051 60.4957
      vertex 106.976 34.3782 59.3847
      vertex 107.556 34.2941 59.3668
    endloop
  endfacet
  facet normal -5.4839e-05 -0.207894 0.978151
    outer loop
      vertex 108.512 39.6051 60.4957
      vertex 106.284 34.4786 59.406
      vertex 106.976 34.3782 59.3847
    endloop
  endfacet
  facet normal -1.12576e-05 -0.207912 0.978147
    outer loop
      vertex 108.512 39.6051 60.4957
      vertex 105 34.5403 59.4191
      vertex 106.284 34.4786 59.406
    endloop
  endfacet
  facet normal 0 -0.20792 0.978146
    outer loop
      vertex 101.488 39.6051 60.4957
      vertex 105 34.5403 59.4191
      vertex 108.512 39.6051 60.4957
    endloop
  endfacet
  facet normal 1.12576e-05 -0.207912 0.978147
    outer loop
      vertex 105 34.5403 59.4191
      vertex 101.488 39.6051 60.4957
      vertex 103.716 34.4786 59.406
    endloop
  endfacet
  facet normal 5.4839e-05 -0.207894 0.978151
    outer loop
      vertex 103.716 34.4786 59.406
      vertex 101.488 39.6051 60.4957
      vertex 103.024 34.3782 59.3847
    endloop
  endfacet
  facet normal -3.91193e-05 -0.207921 0.978146
    outer loop
      vertex 103.024 34.3782 59.3847
      vertex 101.488 39.6051 60.4957
      vertex 102.444 34.2941 59.3668
    endloop
  endfacet
  facet normal -1.94777e-05 -0.207917 0.978146
    outer loop
      vertex 102.444 34.2941 59.3668
      vertex 101.488 39.6051 60.4957
      vertex 101.876 34.1549 59.3372
    endloop
  endfacet
  facet normal 6.92303e-05 -0.207911 0.978148
    outer loop
      vertex 101.488 39.6051 60.4957
      vertex 101.197 33.9886 59.3019
      vertex 101.876 34.1549 59.3372
    endloop
  endfacet
  facet normal -3.42363e-05 -0.207906 0.978149
    outer loop
      vertex 101.488 39.6051 60.4957
      vertex 99.9868 33.5649 59.2118
      vertex 101.197 33.9886 59.3019
    endloop
  endfacet
  facet normal -0.000198539 -0.207867 0.978157
    outer loop
      vertex 101.488 39.6051 60.4957
      vertex 99.86 33.5062 59.1993
      vertex 99.9868 33.5649 59.2118
    endloop
  endfacet
  facet normal 0 -0.207918 0.978146
    outer loop
      vertex 99.86 33.5062 59.1993
      vertex 101.488 39.6051 60.4957
      vertex 91.0858 33.5062 59.1993
    endloop
  endfacet
  facet normal -1.13007e-05 -0.207915 0.978147
    outer loop
      vertex 113.485 37.8644 60.1257
      vertex 111.888 38.6031 60.2827
      vertex 115 36.9761 59.9369
    endloop
  endfacet
  facet normal -0.514089 0.838993 0.178335
    outer loop
      vertex 95.5458 38.3601 55
      vertex 94.9997 36.9761 59.9369
      vertex 96.5149 37.8644 60.1257
    endloop
  endfacet
  facet normal -0.514066 0.839006 0.178341
    outer loop
      vertex 94.9997 36.9761 59.9369
      vertex 95.5458 38.3601 55
      vertex 94.9997 38.0255 55
    endloop
  endfacet
  facet normal -2.44641e-05 -0.20785 0.978161
    outer loop
      vertex 98.1117 38.6031 60.2827
      vertex 94.9997 36.9761 59.9369
      vertex 101.488 39.6051 60.4957
    endloop
  endfacet
  facet normal -0.94157 0.329457 0.0700329
    outer loop
      vertex 87.7751 28.0665 55
      vertex 87.7751 27.4476 57.9115
      vertex 88.0067 28.7284 55
    endloop
  endfacet
  facet normal -0.243087 0.948806 0.201681
    outer loop
      vertex 99.7749 40.3344 55
      vertex 99.7749 39.1852 60.4064
      vertex 100.972 40.6411 55
    endloop
  endfacet
  facet normal -0.857757 -0.502936 -0.106337
    outer loop
      vertex 89.3013 13.7499 55
      vertex 89.1254 14.037 55.061
      vertex 89.1322 14.0383 55
    endloop
  endfacet
  facet normal -0.903992 -0.418193 -0.0889591
    outer loop
      vertex 89.1193 14.0632 55
      vertex 88.3702 15.5989 55.393
      vertex 88.3702 15.6825 55
    endloop
  endfacet
  facet normal -0.903995 -0.418135 -0.0891929
    outer loop
      vertex 88.3702 15.5989 55.393
      vertex 89.1193 14.0632 55
      vertex 89.1254 14.037 55.061
    endloop
  endfacet
  facet normal 0.80301 0.582941 0.12391
    outer loop
      vertex 118.914 33.5062 59.1993
      vertex 119.421 33.7004 55
      vertex 118.914 34.3988 55
    endloop
  endfacet
  facet normal 0.803274 0.582576 0.123924
    outer loop
      vertex 119.421 33.7004 55
      vertex 118.914 33.5062 59.1993
      vertex 119.966 32.1184 58.9044
    endloop
  endfacet
  facet normal 0 -0.207974 0.978134
    outer loop
      vertex 103.236 39.8586 60.5496
      vertex 108.512 39.6051 60.4957
      vertex 106.764 39.8586 60.5496
    endloop
  endfacet
  facet normal 0 -0.207974 0.978134
    outer loop
      vertex 108.512 39.6051 60.4957
      vertex 103.236 39.8586 60.5496
      vertex 101.488 39.6051 60.4957
    endloop
  endfacet
  facet normal 0.0490394 0.976971 0.207661
    outer loop
      vertex 106.252 41.0639 55
      vertex 106.764 39.8586 60.5496
      vertex 106.764 41.0382 55
    endloop
  endfacet
  facet normal 0.0490844 0.97697 0.207656
    outer loop
      vertex 106.764 39.8586 60.5496
      vertex 106.252 41.0639 55
      vertex 105 39.9434 60.5676
    endloop
  endfacet
  facet normal -2.13946e-19 -0.207638 0.978206
    outer loop
      vertex 105 39.9434 60.5676
      vertex 103.236 39.8586 60.5496
      vertex 106.764 39.8586 60.5496
    endloop
  endfacet
  facet normal 0.904014 -0.418147 -0.0889494
    outer loop
      vertex 121.63 15.5989 55.393
      vertex 120.881 14.0632 55
      vertex 121.63 15.6825 55
    endloop
  endfacet
  facet normal 0.904038 -0.41776 -0.0905096
    outer loop
      vertex 120.881 14.0632 55
      vertex 121.63 15.5989 55.393
      vertex 120.875 14.037 55.061
    endloop
  endfacet
  facet normal 0.941582 -0.329365 -0.0702929
    outer loop
      vertex 122.225 17.2258 55.7388
      vertex 121.63 15.6825 55
      vertex 122.171 17.2291 55
    endloop
  endfacet
  facet normal 0.941565 -0.329459 -0.0700833
    outer loop
      vertex 121.63 15.6825 55
      vertex 122.225 17.2258 55.7388
      vertex 121.63 15.5989 55.393
    endloop
  endfacet
  facet normal 1.83405e-05 -0.207913 0.978147
    outer loop
      vertex 120.544 13.7499 55
      vertex 121.63 15.5989 55.393
      vertex 122.225 17.2258 55.7388
    endloop
  endfacet
  facet normal -6.92095e-17 -0.207903 0.978149
    outer loop
      vertex 121.63 15.5989 55.393
      vertex 120.544 13.7499 55
      vertex 120.619 13.7499 55
    endloop
  endfacet
  facet normal 5.27125e-18 -0.207917 0.978146
    outer loop
      vertex 122.654 18.9018 56.0951
      vertex 118.332 13.7499 55
      vertex 120.472 13.7499 55
    endloop
  endfacet
  facet normal -9.36701e-05 -0.207909 0.978148
    outer loop
      vertex 87.3459 25.7716 57.5553
      vertex 87.0867 24.0625 57.192
      vertex 87.3459 18.9018 56.0951
    endloop
  endfacet
  facet normal 9.03799e-05 -0.207909 0.978148
    outer loop
      vertex 87.3459 25.7716 57.5553
      vertex 87.3459 18.9018 56.0951
      vertex 87.7751 27.4476 57.9115
    endloop
  endfacet
  facet normal 4.00594e-05 -0.207905 0.978149
    outer loop
      vertex 87.3459 18.9018 56.0951
      vertex 87 22.3367 56.8252
      vertex 87.0867 20.611 56.4584
    endloop
  endfacet
  facet normal -0.998794 -0.0480196 -0.0101957
    outer loop
      vertex 87.0867 20.9209 55
      vertex 87 22.3367 56.8252
      vertex 87.0193 22.3228 55
    endloop
  endfacet
  facet normal -0.998795 -0.0480115 -0.0102021
    outer loop
      vertex 87 22.3367 56.8252
      vertex 87.0867 20.9209 55
      vertex 87.0867 20.611 56.4584
    endloop
  endfacet
  facet normal -0.803211 0.582678 0.123851
    outer loop
      vertex 90.0335 32.9483 55
      vertex 90.0335 32.1184 58.9044
      vertex 90.5791 33.7004 55
    endloop
  endfacet
  facet normal -0.671555 0.724762 0.154058
    outer loop
      vertex 93.5809 36.9497 55
      vertex 92.2721 34.7865 59.4715
      vertex 93.5809 35.9468 59.7181
    endloop
  endfacet
  facet normal -0.671582 0.724741 0.154041
    outer loop
      vertex 92.2721 34.7865 59.4715
      vertex 93.5809 36.9497 55
      vertex 92.2721 35.7369 55
    endloop
  endfacet
  facet normal 0.514121 0.838975 0.178329
    outer loop
      vertex 113.485 38.9539 55
      vertex 113.485 37.8644 60.1257
      vertex 114.454 38.3601 55
    endloop
  endfacet
  facet normal 0.514135 0.838965 0.178333
    outer loop
      vertex 114.454 38.3601 55
      vertex 115 36.9761 59.9369
      vertex 115 38.0255 55
    endloop
  endfacet
  facet normal 0.514139 0.838963 0.178332
    outer loop
      vertex 115 36.9761 59.9369
      vertex 114.454 38.3601 55
      vertex 113.485 37.8644 60.1257
    endloop
  endfacet
  facet normal 0.595658 0.785684 0.167008
    outer loop
      vertex 115 38.0255 55
      vertex 116.419 35.9468 59.7181
      vertex 116.419 36.9497 55
    endloop
  endfacet
  facet normal 0.595661 0.785682 0.167007
    outer loop
      vertex 116.419 35.9468 59.7181
      vertex 115 38.0255 55
      vertex 115 36.9761 59.9369
    endloop
  endfacet
  facet normal 0.336927 0.920955 0.19576
    outer loop
      vertex 110.225 40.3344 55
      vertex 111.888 38.6031 60.2827
      vertex 111.888 39.726 55
    endloop
  endfacet
  facet normal 0.336924 0.920956 0.195761
    outer loop
      vertex 111.888 38.6031 60.2827
      vertex 110.225 40.3344 55
      vertex 110.225 39.1852 60.4064
    endloop
  endfacet
  facet normal -0.00013062 -0.207508 0.978233
    outer loop
      vertex 99.7749 39.1852 60.4064
      vertex 98.1117 38.6031 60.2827
      vertex 101.488 39.6051 60.4957
    endloop
  endfacet
  facet normal -0.336888 0.920969 0.195764
    outer loop
      vertex 99.7749 40.3344 55
      vertex 98.1117 38.6031 60.2827
      vertex 99.7749 39.1852 60.4064
    endloop
  endfacet
  facet normal -0.336891 0.920968 0.195763
    outer loop
      vertex 98.1117 38.6031 60.2827
      vertex 99.7749 40.3344 55
      vertex 98.1117 39.726 55
    endloop
  endfacet
  facet normal -0.98917 0.143566 0.0305134
    outer loop
      vertex 87.3459 26.3147 55
      vertex 87.265 25.7573 55
      vertex 87.3459 25.7716 57.5553
    endloop
  endfacet
  facet normal -0.904015 0.418157 0.0888903
    outer loop
      vertex 89.1254 31.3994 55
      vertex 88.7931 30.681 55
      vertex 89.1254 30.6364 58.5893
    endloop
  endfacet
  facet normal -8.42955e-05 -0.207877 0.978155
    outer loop
      vertex 88.3702 29.0745 58.2573
      vertex 87.7751 27.4476 57.9115
      vertex 89.1254 30.6364 58.5893
    endloop
  endfacet
  facet normal 0 -0.20783 0.978165
    outer loop
      vertex 89.3806 13.7499 55
      vertex 89.1254 14.037 55.061
      vertex 89.3013 13.7499 55
    endloop
  endfacet
  facet normal -0.000222229 -0.208019 0.978125
    outer loop
      vertex 89.1254 14.037 55.061
      vertex 89.3806 13.7499 55
      vertex 88.3702 15.5989 55.393
    endloop
  endfacet
  facet normal 0 -0.207903 0.978149
    outer loop
      vertex 89.4558 13.7499 55
      vertex 88.3702 15.5989 55.393
      vertex 89.3806 13.7499 55
    endloop
  endfacet
  facet normal -1.83635e-05 -0.207913 0.978147
    outer loop
      vertex 88.3702 15.5989 55.393
      vertex 89.4558 13.7499 55
      vertex 87.7751 17.2258 55.7388
    endloop
  endfacet
  facet normal -0.859667 -0.499635 -0.10648
    outer loop
      vertex 89.1322 14.0383 55
      vertex 89.1254 14.037 55.061
      vertex 89.1254 14.05 55
    endloop
  endfacet
  facet normal -0.904152 -0.417828 -0.0890453
    outer loop
      vertex 89.1254 14.037 55.061
      vertex 89.1193 14.0632 55
      vertex 89.1254 14.05 55
    endloop
  endfacet
  facet normal 1.67567e-05 -0.207904 0.978149
    outer loop
      vertex 122.225 27.4476 57.9115
      vertex 118.914 33.5062 59.1993
      vertex 122.654 18.9018 56.0951
    endloop
  endfacet
  facet normal 0.97012 0.237286 0.0506133
    outer loop
      vertex 122.225 27.4476 57.9115
      vertex 122.654 26.3147 55
      vertex 122.378 27.4431 55
    endloop
  endfacet
  facet normal 0.970057 0.237571 0.050493
    outer loop
      vertex 122.654 26.3147 55
      vertex 122.225 27.4476 57.9115
      vertex 122.654 25.7716 57.5553
    endloop
  endfacet
  facet normal 0.803524 0.582264 0.123763
    outer loop
      vertex 119.966 32.9483 55
      vertex 119.421 33.7004 55
      vertex 119.966 32.1184 58.9044
    endloop
  endfacet
  facet normal 0.857501 0.50324 0.106966
    outer loop
      vertex 119.966 32.1184 58.9044
      vertex 120.875 31.3994 55
      vertex 119.966 32.9483 55
    endloop
  endfacet
  facet normal 0.857512 0.50322 0.106973
    outer loop
      vertex 120.875 31.3994 55
      vertex 119.966 32.1184 58.9044
      vertex 120.875 30.6364 58.5893
    endloop
  endfacet
  facet normal 0.000172197 -0.208111 0.978105
    outer loop
      vertex 92.2721 34.7865 59.4715
      vertex 91.0858 33.5062 59.1993
      vertex 94.9997 36.9761 59.9369
    endloop
  endfacet
  facet normal -0.740946 0.65689 0.139619
    outer loop
      vertex 91.0858 34.3988 55
      vertex 92.2721 34.7865 59.4715
      vertex 92.2721 35.7369 55
    endloop
  endfacet
  facet normal -0.74096 0.656874 0.139625
    outer loop
      vertex 92.2721 34.7865 59.4715
      vertex 91.0858 34.3988 55
      vertex 91.0858 33.5062 59.1993
    endloop
  endfacet
  facet normal 0.857626 -0.502562 -0.109126
    outer loop
      vertex 120.875 14.037 55.061
      vertex 120.699 13.7499 55
      vertex 120.868 14.0383 55
    endloop
  endfacet
  facet normal 0.941133 -0.330652 -0.0702658
    outer loop
      vertex 122.225 17.2258 55.7388
      vertex 122.171 17.2291 55
      vertex 122.225 17.3828 55
    endloop
  endfacet
  facet normal 0.97006 -0.237559 -0.050501
    outer loop
      vertex 122.654 18.9018 56.0951
      vertex 122.225 17.3828 55
      vertex 122.654 19.1346 55
    endloop
  endfacet
  facet normal 0.970058 -0.23757 -0.0504852
    outer loop
      vertex 122.225 17.3828 55
      vertex 122.654 18.9018 56.0951
      vertex 122.225 17.2258 55.7388
    endloop
  endfacet
  facet normal 0 -0.207917 0.978146
    outer loop
      vertex 91.6684 13.7499 55
      vertex 87.3459 18.9018 56.0951
      vertex 89.5275 13.7499 55
    endloop
  endfacet
  facet normal 0.42751 0.884256 0.187954
    outer loop
      vertex 111.888 39.726 55
      vertex 113.485 37.8644 60.1257
      vertex 113.485 38.9539 55
    endloop
  endfacet
  facet normal 0.427497 0.884261 0.18796
    outer loop
      vertex 113.485 37.8644 60.1257
      vertex 111.888 39.726 55
      vertex 111.888 38.6031 60.2827
    endloop
  endfacet
  facet normal -0.427541 0.884241 0.187956
    outer loop
      vertex 98.1117 39.726 55
      vertex 96.5149 37.8644 60.1257
      vertex 98.1117 38.6031 60.2827
    endloop
  endfacet
  facet normal -0.427554 0.884236 0.18795
    outer loop
      vertex 96.5149 37.8644 60.1257
      vertex 98.1117 39.726 55
      vertex 96.5149 38.9539 55
    endloop
  endfacet
  facet normal -0.514082 0.838997 0.178334
    outer loop
      vertex 96.5149 38.9539 55
      vertex 95.5458 38.3601 55
      vertex 96.5149 37.8644 60.1257
    endloop
  endfacet
  facet normal -0.989177 0.143519 0.0305139
    outer loop
      vertex 87.0867 24.5284 55
      vertex 87.3459 25.7716 57.5553
      vertex 87.265 25.7573 55
    endloop
  endfacet
  facet normal -0.989175 0.143532 0.0305072
    outer loop
      vertex 87.3459 25.7716 57.5553
      vertex 87.0867 24.5284 55
      vertex 87.0867 24.0625 57.192
    endloop
  endfacet
  facet normal -0.998795 0.0480099 0.0102043
    outer loop
      vertex 87 22.7247 55
      vertex 87.0867 24.0625 57.192
      vertex 87.0867 24.5284 55
    endloop
  endfacet
  facet normal -0.998795 0.048008 0.0102055
    outer loop
      vertex 87.0867 24.0625 57.192
      vertex 87 22.7247 55
      vertex 87 22.3367 56.8252
    endloop
  endfacet
  facet normal -0.903986 0.418221 0.0888884
    outer loop
      vertex 88.3702 29.7669 55
      vertex 89.1254 30.6364 58.5893
      vertex 88.7931 30.681 55
    endloop
  endfacet
  facet normal -0.903995 0.418198 0.0888959
    outer loop
      vertex 89.1254 30.6364 58.5893
      vertex 88.3702 29.7669 55
      vertex 88.3702 29.0745 58.2573
    endloop
  endfacet
  facet normal -0.941532 0.329559 0.0700539
    outer loop
      vertex 88.0067 28.7284 55
      vertex 88.3702 29.0745 58.2573
      vertex 88.3702 29.7669 55
    endloop
  endfacet
  facet normal -0.941547 0.329515 0.0700603
    outer loop
      vertex 88.3702 29.0745 58.2573
      vertex 88.0067 28.7284 55
      vertex 87.7751 27.4476 57.9115
    endloop
  endfacet
  facet normal 9.37424e-05 -0.207909 0.978148
    outer loop
      vertex 122.654 25.7716 57.5553
      vertex 122.654 18.9018 56.0951
      vertex 122.913 24.0625 57.192
    endloop
  endfacet
  facet normal 0.98921 0.143282 0.030555
    outer loop
      vertex 122.654 25.7716 57.5553
      vertex 122.913 24.5284 55
      vertex 122.735 25.7573 55
    endloop
  endfacet
  facet normal 0.989192 0.143424 0.0304841
    outer loop
      vertex 122.913 24.5284 55
      vertex 122.654 25.7716 57.5553
      vertex 122.913 24.0625 57.192
    endloop
  endfacet
  facet normal 0.853048 -0.510371 -0.108768
    outer loop
      vertex 120.875 14.037 55.061
      vertex 120.868 14.0383 55
      vertex 120.875 14.05 55
    endloop
  endfacet
  facet normal 0.906847 -0.412203 -0.0878466
    outer loop
      vertex 120.881 14.0632 55
      vertex 120.875 14.037 55.061
      vertex 120.875 14.05 55
    endloop
  endfacet
  facet normal -0.85783 -0.513934 1.94194e-19
    outer loop
      vertex 15.4111 14.7542 52
      vertex 15.3304 14.8889 55
      vertex 15.3304 14.8889 52
    endloop
  endfacet
  facet normal -0.85783 -0.513934 1.94194e-19
    outer loop
      vertex 15.3304 14.8889 55
      vertex 15.4111 14.7542 52
      vertex 15.4111 14.7542 55
    endloop
  endfacet
  facet normal -0.336982 -0.941511 0
    outer loop
      vertex 14.4645 15.5311 52
      vertex 14.6123 15.4782 55
      vertex 14.4645 15.5311 55
    endloop
  endfacet
  facet normal -0.336982 -0.941511 -0
    outer loop
      vertex 14.6123 15.4782 55
      vertex 14.4645 15.5311 52
      vertex 14.6123 15.4782 52
    endloop
  endfacet
  facet normal 0.427484 -0.904023 0
    outer loop
      vertex 13.2458 15.4111 52
      vertex 13.3877 15.4782 55
      vertex 13.2458 15.4111 55
    endloop
  endfacet
  facet normal 0.427484 -0.904023 0
    outer loop
      vertex 13.3877 15.4782 55
      vertex 13.2458 15.4111 52
      vertex 13.3877 15.4782 52
    endloop
  endfacet
  facet normal 0.941511 -0.336982 1.05397e-18
    outer loop
      vertex 12.4689 14.4645 55
      vertex 12.5218 14.6123 52
      vertex 12.5218 14.6123 55
    endloop
  endfacet
  facet normal 0.941511 -0.336982 1.05397e-18
    outer loop
      vertex 12.5218 14.6123 52
      vertex 12.4689 14.4645 55
      vertex 12.4689 14.4645 52
    endloop
  endfacet
  facet normal -0.998796 0.049048 -4.02414e-20
    outer loop
      vertex 15.5923 13.8432 52
      vertex 15.6 14 55
      vertex 15.6 14 52
    endloop
  endfacet
  facet normal -0.998796 0.049048 -4.02414e-20
    outer loop
      vertex 15.6 14 55
      vertex 15.5923 13.8432 52
      vertex 15.5923 13.8432 55
    endloop
  endfacet
  facet normal -0.049048 -0.998796 0
    outer loop
      vertex 14 15.6 52
      vertex 14.1568 15.5923 55
      vertex 14 15.6 55
    endloop
  endfacet
  facet normal -0.049048 -0.998796 -0
    outer loop
      vertex 14.1568 15.5923 55
      vertex 14 15.6 52
      vertex 14.1568 15.5923 52
    endloop
  endfacet
  facet normal -0.513934 -0.85783 0
    outer loop
      vertex 14.7542 15.4111 52
      vertex 14.8889 15.3304 55
      vertex 14.7542 15.4111 55
    endloop
  endfacet
  facet normal -0.513934 -0.85783 -0
    outer loop
      vertex 14.8889 15.3304 55
      vertex 14.7542 15.4111 52
      vertex 14.8889 15.3304 52
    endloop
  endfacet
  facet normal 0.998796 -0.049048 -4.02414e-20
    outer loop
      vertex 12.4 14 55
      vertex 12.4077 14.1568 52
      vertex 12.4077 14.1568 55
    endloop
  endfacet
  facet normal 0.998796 -0.049048 -4.02414e-20
    outer loop
      vertex 12.4077 14.1568 52
      vertex 12.4 14 55
      vertex 12.4 14 52
    endloop
  endfacet
  facet normal 0.80297 -0.596019 2.03162e-19
    outer loop
      vertex 12.6696 14.8889 55
      vertex 12.7632 15.015 52
      vertex 12.7632 15.015 55
    endloop
  endfacet
  facet normal 0.80297 -0.596019 2.03162e-19
    outer loop
      vertex 12.7632 15.015 52
      vertex 12.6696 14.8889 55
      vertex 12.6696 14.8889 52
    endloop
  endfacet
  facet normal 0.243135 -0.969993 0
    outer loop
      vertex 13.5355 15.5311 52
      vertex 13.6879 15.5693 55
      vertex 13.5355 15.5311 55
    endloop
  endfacet
  facet normal 0.243135 -0.969993 0
    outer loop
      vertex 13.6879 15.5693 55
      vertex 13.5355 15.5311 52
      vertex 13.6879 15.5693 52
    endloop
  endfacet
  facet normal -0.513934 0.85783 0
    outer loop
      vertex 14.8889 12.6696 52
      vertex 14.7542 12.5889 55
      vertex 14.8889 12.6696 55
    endloop
  endfacet
  facet normal -0.513934 0.85783 0
    outer loop
      vertex 14.7542 12.5889 55
      vertex 14.8889 12.6696 52
      vertex 14.7542 12.5889 52
    endloop
  endfacet
  facet normal 0.596019 0.80297 -0
    outer loop
      vertex 13.1111 12.6696 52
      vertex 12.985 12.7632 55
      vertex 13.1111 12.6696 55
    endloop
  endfacet
  facet normal 0.596019 0.80297 0
    outer loop
      vertex 12.985 12.7632 55
      vertex 13.1111 12.6696 52
      vertex 12.985 12.7632 52
    endloop
  endfacet
  facet normal 0.85783 0.513934 1.94194e-19
    outer loop
      vertex 12.6696 13.1111 55
      vertex 12.5889 13.2458 52
      vertex 12.5889 13.2458 55
    endloop
  endfacet
  facet normal 0.85783 0.513934 1.94194e-19
    outer loop
      vertex 12.5889 13.2458 52
      vertex 12.6696 13.1111 55
      vertex 12.6696 13.1111 52
    endloop
  endfacet
  facet normal -0.98921 -0.146502 4.39269e-19
    outer loop
      vertex 15.5923 14.1568 52
      vertex 15.5693 14.3121 55
      vertex 15.5693 14.3121 52
    endloop
  endfacet
  facet normal -0.98921 -0.146502 4.39269e-19
    outer loop
      vertex 15.5693 14.3121 55
      vertex 15.5923 14.1568 52
      vertex 15.5923 14.1568 55
    endloop
  endfacet
  facet normal -0.80297 -0.596019 -2.03162e-19
    outer loop
      vertex 15.3304 14.8889 52
      vertex 15.2368 15.015 55
      vertex 15.2368 15.015 52
    endloop
  endfacet
  facet normal -0.80297 -0.596019 -2.03162e-19
    outer loop
      vertex 15.2368 15.015 55
      vertex 15.3304 14.8889 52
      vertex 15.3304 14.8889 55
    endloop
  endfacet
  facet normal -0.671213 -0.741264 0
    outer loop
      vertex 15.015 15.2368 52
      vertex 15.1314 15.1314 55
      vertex 15.015 15.2368 55
    endloop
  endfacet
  facet normal -0.671213 -0.741264 -0
    outer loop
      vertex 15.1314 15.1314 55
      vertex 15.015 15.2368 52
      vertex 15.1314 15.1314 52
    endloop
  endfacet
  facet normal 0.049048 -0.998796 0
    outer loop
      vertex 13.8432 15.5923 52
      vertex 14 15.6 55
      vertex 13.8432 15.5923 55
    endloop
  endfacet
  facet normal 0.049048 -0.998796 0
    outer loop
      vertex 14 15.6 55
      vertex 13.8432 15.5923 52
      vertex 14 15.6 52
    endloop
  endfacet
  facet normal -0.243135 -0.969993 0
    outer loop
      vertex 14.3121 15.5693 52
      vertex 14.4645 15.5311 55
      vertex 14.3121 15.5693 55
    endloop
  endfacet
  facet normal -0.243135 -0.969993 -0
    outer loop
      vertex 14.4645 15.5311 55
      vertex 14.3121 15.5693 52
      vertex 14.4645 15.5311 52
    endloop
  endfacet
  facet normal -0.146502 -0.98921 0
    outer loop
      vertex 14.1568 15.5923 52
      vertex 14.3121 15.5693 55
      vertex 14.1568 15.5923 55
    endloop
  endfacet
  facet normal -0.146502 -0.98921 -0
    outer loop
      vertex 14.3121 15.5693 55
      vertex 14.1568 15.5923 52
      vertex 14.3121 15.5693 52
    endloop
  endfacet
  facet normal -0.427484 -0.904023 0
    outer loop
      vertex 14.6123 15.4782 52
      vertex 14.7542 15.4111 55
      vertex 14.6123 15.4782 55
    endloop
  endfacet
  facet normal -0.427484 -0.904023 -0
    outer loop
      vertex 14.7542 15.4111 55
      vertex 14.6123 15.4782 52
      vertex 14.7542 15.4111 52
    endloop
  endfacet
  facet normal -0.596019 -0.80297 0
    outer loop
      vertex 14.8889 15.3304 52
      vertex 15.015 15.2368 55
      vertex 14.8889 15.3304 55
    endloop
  endfacet
  facet normal -0.596019 -0.80297 -0
    outer loop
      vertex 15.015 15.2368 55
      vertex 14.8889 15.3304 52
      vertex 15.015 15.2368 52
    endloop
  endfacet
  facet normal 0.969993 -0.243135 8.35633e-20
    outer loop
      vertex 12.4307 14.3121 55
      vertex 12.4689 14.4645 52
      vertex 12.4689 14.4645 55
    endloop
  endfacet
  facet normal 0.969993 -0.243135 8.35633e-20
    outer loop
      vertex 12.4689 14.4645 52
      vertex 12.4307 14.3121 55
      vertex 12.4307 14.3121 52
    endloop
  endfacet
  facet normal 0.98921 -0.146502 -4.39269e-19
    outer loop
      vertex 12.4077 14.1568 55
      vertex 12.4307 14.3121 52
      vertex 12.4307 14.3121 55
    endloop
  endfacet
  facet normal 0.98921 -0.146502 -4.39269e-19
    outer loop
      vertex 12.4307 14.3121 52
      vertex 12.4077 14.1568 55
      vertex 12.4077 14.1568 52
    endloop
  endfacet
  facet normal 0.904023 -0.427484 -1.58112e-18
    outer loop
      vertex 12.5218 14.6123 55
      vertex 12.5889 14.7542 52
      vertex 12.5889 14.7542 55
    endloop
  endfacet
  facet normal 0.904023 -0.427484 -1.58112e-18
    outer loop
      vertex 12.5889 14.7542 52
      vertex 12.5218 14.6123 55
      vertex 12.5218 14.6123 52
    endloop
  endfacet
  facet normal 0.85783 -0.513934 -1.94194e-19
    outer loop
      vertex 12.5889 14.7542 55
      vertex 12.6696 14.8889 52
      vertex 12.6696 14.8889 55
    endloop
  endfacet
  facet normal 0.85783 -0.513934 -1.94194e-19
    outer loop
      vertex 12.6696 14.8889 52
      vertex 12.5889 14.7542 55
      vertex 12.5889 14.7542 52
    endloop
  endfacet
  facet normal 0.336982 -0.941511 0
    outer loop
      vertex 13.3877 15.4782 52
      vertex 13.5355 15.5311 55
      vertex 13.3877 15.4782 55
    endloop
  endfacet
  facet normal 0.336982 -0.941511 0
    outer loop
      vertex 13.5355 15.5311 55
      vertex 13.3877 15.4782 52
      vertex 13.5355 15.5311 52
    endloop
  endfacet
  facet normal 0.146502 -0.98921 0
    outer loop
      vertex 13.6879 15.5693 52
      vertex 13.8432 15.5923 55
      vertex 13.6879 15.5693 55
    endloop
  endfacet
  facet normal 0.146502 -0.98921 0
    outer loop
      vertex 13.8432 15.5923 55
      vertex 13.6879 15.5693 52
      vertex 13.8432 15.5923 52
    endloop
  endfacet
  facet normal 0.596019 -0.80297 0
    outer loop
      vertex 12.985 15.2368 52
      vertex 13.1111 15.3304 55
      vertex 12.985 15.2368 55
    endloop
  endfacet
  facet normal 0.596019 -0.80297 0
    outer loop
      vertex 13.1111 15.3304 55
      vertex 12.985 15.2368 52
      vertex 13.1111 15.3304 52
    endloop
  endfacet
  facet normal 0.671213 -0.741264 0
    outer loop
      vertex 12.8686 15.1314 52
      vertex 12.985 15.2368 55
      vertex 12.8686 15.1314 55
    endloop
  endfacet
  facet normal 0.671213 -0.741264 0
    outer loop
      vertex 12.985 15.2368 55
      vertex 12.8686 15.1314 52
      vertex 12.985 15.2368 52
    endloop
  endfacet
  facet normal 0.513934 -0.85783 0
    outer loop
      vertex 13.1111 15.3304 52
      vertex 13.2458 15.4111 55
      vertex 13.1111 15.3304 55
    endloop
  endfacet
  facet normal 0.513934 -0.85783 0
    outer loop
      vertex 13.2458 15.4111 55
      vertex 13.1111 15.3304 52
      vertex 13.2458 15.4111 52
    endloop
  endfacet
  facet normal 0.741264 -0.671213 -5.57392e-19
    outer loop
      vertex 12.7632 15.015 55
      vertex 12.8686 15.1314 52
      vertex 12.8686 15.1314 55
    endloop
  endfacet
  facet normal 0.741264 -0.671213 -5.57392e-19
    outer loop
      vertex 12.8686 15.1314 52
      vertex 12.7632 15.015 55
      vertex 12.7632 15.015 52
    endloop
  endfacet
  facet normal -0.998796 -0.049048 4.02414e-20
    outer loop
      vertex 15.6 14 52
      vertex 15.5923 14.1568 55
      vertex 15.5923 14.1568 52
    endloop
  endfacet
  facet normal -0.998796 -0.049048 4.02414e-20
    outer loop
      vertex 15.5923 14.1568 55
      vertex 15.6 14 52
      vertex 15.6 14 55
    endloop
  endfacet
  facet normal -0.969993 0.243135 8.35633e-20
    outer loop
      vertex 15.5311 13.5355 52
      vertex 15.5693 13.6879 55
      vertex 15.5693 13.6879 52
    endloop
  endfacet
  facet normal -0.969993 0.243135 8.35633e-20
    outer loop
      vertex 15.5693 13.6879 55
      vertex 15.5311 13.5355 52
      vertex 15.5311 13.5355 55
    endloop
  endfacet
  facet normal 0.741264 0.671213 5.57392e-19
    outer loop
      vertex 12.8686 12.8686 55
      vertex 12.7632 12.985 52
      vertex 12.7632 12.985 55
    endloop
  endfacet
  facet normal 0.741264 0.671213 5.57392e-19
    outer loop
      vertex 12.7632 12.985 52
      vertex 12.8686 12.8686 55
      vertex 12.8686 12.8686 52
    endloop
  endfacet
  facet normal -0.146502 0.98921 0
    outer loop
      vertex 14.3121 12.4307 52
      vertex 14.1568 12.4077 55
      vertex 14.3121 12.4307 55
    endloop
  endfacet
  facet normal -0.146502 0.98921 0
    outer loop
      vertex 14.1568 12.4077 55
      vertex 14.3121 12.4307 52
      vertex 14.1568 12.4077 52
    endloop
  endfacet
  facet normal -0.904023 -0.427484 1.58112e-18
    outer loop
      vertex 15.4782 14.6123 52
      vertex 15.4111 14.7542 55
      vertex 15.4111 14.7542 52
    endloop
  endfacet
  facet normal -0.904023 -0.427484 1.58112e-18
    outer loop
      vertex 15.4111 14.7542 55
      vertex 15.4782 14.6123 52
      vertex 15.4782 14.6123 55
    endloop
  endfacet
  facet normal -0.941511 -0.336982 -1.05397e-18
    outer loop
      vertex 15.5311 14.4645 52
      vertex 15.4782 14.6123 55
      vertex 15.4782 14.6123 52
    endloop
  endfacet
  facet normal -0.941511 -0.336982 -1.05397e-18
    outer loop
      vertex 15.4782 14.6123 55
      vertex 15.5311 14.4645 52
      vertex 15.5311 14.4645 55
    endloop
  endfacet
  facet normal -0.969993 -0.243135 -8.35633e-20
    outer loop
      vertex 15.5693 14.3121 52
      vertex 15.5311 14.4645 55
      vertex 15.5311 14.4645 52
    endloop
  endfacet
  facet normal -0.969993 -0.243135 -8.35633e-20
    outer loop
      vertex 15.5311 14.4645 55
      vertex 15.5693 14.3121 52
      vertex 15.5693 14.3121 55
    endloop
  endfacet
  facet normal -0.741264 -0.671213 5.57392e-19
    outer loop
      vertex 15.2368 15.015 52
      vertex 15.1314 15.1314 55
      vertex 15.1314 15.1314 52
    endloop
  endfacet
  facet normal -0.741264 -0.671213 5.57392e-19
    outer loop
      vertex 15.1314 15.1314 55
      vertex 15.2368 15.015 52
      vertex 15.2368 15.015 55
    endloop
  endfacet
  facet normal 0.998796 0.049048 4.02414e-20
    outer loop
      vertex 12.4077 13.8432 55
      vertex 12.4 14 52
      vertex 12.4 14 55
    endloop
  endfacet
  facet normal 0.998796 0.049048 4.02414e-20
    outer loop
      vertex 12.4 14 52
      vertex 12.4077 13.8432 55
      vertex 12.4077 13.8432 52
    endloop
  endfacet
  facet normal -0.98921 0.146502 -4.39269e-19
    outer loop
      vertex 15.5693 13.6879 52
      vertex 15.5923 13.8432 55
      vertex 15.5923 13.8432 52
    endloop
  endfacet
  facet normal -0.98921 0.146502 -4.39269e-19
    outer loop
      vertex 15.5923 13.8432 55
      vertex 15.5693 13.6879 52
      vertex 15.5693 13.6879 55
    endloop
  endfacet
  facet normal -0.80297 0.596019 2.03162e-19
    outer loop
      vertex 15.2368 12.985 52
      vertex 15.3304 13.1111 55
      vertex 15.3304 13.1111 52
    endloop
  endfacet
  facet normal -0.80297 0.596019 2.03162e-19
    outer loop
      vertex 15.3304 13.1111 55
      vertex 15.2368 12.985 52
      vertex 15.2368 12.985 55
    endloop
  endfacet
  facet normal -0.904023 0.427484 -1.58112e-18
    outer loop
      vertex 15.4111 13.2458 52
      vertex 15.4782 13.3877 55
      vertex 15.4782 13.3877 52
    endloop
  endfacet
  facet normal -0.904023 0.427484 -1.58112e-18
    outer loop
      vertex 15.4782 13.3877 55
      vertex 15.4111 13.2458 52
      vertex 15.4111 13.2458 55
    endloop
  endfacet
  facet normal -0.85783 0.513934 -1.94194e-19
    outer loop
      vertex 15.3304 13.1111 52
      vertex 15.4111 13.2458 55
      vertex 15.4111 13.2458 52
    endloop
  endfacet
  facet normal -0.85783 0.513934 -1.94194e-19
    outer loop
      vertex 15.4111 13.2458 55
      vertex 15.3304 13.1111 52
      vertex 15.3304 13.1111 55
    endloop
  endfacet
  facet normal 0.049048 0.998796 -0
    outer loop
      vertex 14 12.4 52
      vertex 13.8432 12.4077 55
      vertex 14 12.4 55
    endloop
  endfacet
  facet normal 0.049048 0.998796 0
    outer loop
      vertex 13.8432 12.4077 55
      vertex 14 12.4 52
      vertex 13.8432 12.4077 52
    endloop
  endfacet
  facet normal 0.98921 0.146502 4.39269e-19
    outer loop
      vertex 12.4307 13.6879 55
      vertex 12.4077 13.8432 52
      vertex 12.4077 13.8432 55
    endloop
  endfacet
  facet normal 0.98921 0.146502 4.39269e-19
    outer loop
      vertex 12.4077 13.8432 52
      vertex 12.4307 13.6879 55
      vertex 12.4307 13.6879 52
    endloop
  endfacet
  facet normal 0.941511 0.336982 -1.05397e-18
    outer loop
      vertex 12.5218 13.3877 55
      vertex 12.4689 13.5355 52
      vertex 12.4689 13.5355 55
    endloop
  endfacet
  facet normal 0.941511 0.336982 -1.05397e-18
    outer loop
      vertex 12.4689 13.5355 52
      vertex 12.5218 13.3877 55
      vertex 12.5218 13.3877 52
    endloop
  endfacet
  facet normal 0.671213 0.741264 -0
    outer loop
      vertex 12.985 12.7632 52
      vertex 12.8686 12.8686 55
      vertex 12.985 12.7632 55
    endloop
  endfacet
  facet normal 0.671213 0.741264 0
    outer loop
      vertex 12.8686 12.8686 55
      vertex 12.985 12.7632 52
      vertex 12.8686 12.8686 52
    endloop
  endfacet
  facet normal -0.336982 0.941511 0
    outer loop
      vertex 14.6123 12.5218 52
      vertex 14.4645 12.4689 55
      vertex 14.6123 12.5218 55
    endloop
  endfacet
  facet normal -0.336982 0.941511 0
    outer loop
      vertex 14.4645 12.4689 55
      vertex 14.6123 12.5218 52
      vertex 14.4645 12.4689 52
    endloop
  endfacet
  facet normal -0.243135 0.969993 0
    outer loop
      vertex 14.4645 12.4689 52
      vertex 14.3121 12.4307 55
      vertex 14.4645 12.4689 55
    endloop
  endfacet
  facet normal -0.243135 0.969993 0
    outer loop
      vertex 14.3121 12.4307 55
      vertex 14.4645 12.4689 52
      vertex 14.3121 12.4307 52
    endloop
  endfacet
  facet normal -0.671213 0.741264 0
    outer loop
      vertex 15.1314 12.8686 52
      vertex 15.015 12.7632 55
      vertex 15.1314 12.8686 55
    endloop
  endfacet
  facet normal -0.671213 0.741264 0
    outer loop
      vertex 15.015 12.7632 55
      vertex 15.1314 12.8686 52
      vertex 15.015 12.7632 52
    endloop
  endfacet
  facet normal -0.941511 0.336982 1.05397e-18
    outer loop
      vertex 15.4782 13.3877 52
      vertex 15.5311 13.5355 55
      vertex 15.5311 13.5355 52
    endloop
  endfacet
  facet normal -0.941511 0.336982 1.05397e-18
    outer loop
      vertex 15.5311 13.5355 55
      vertex 15.4782 13.3877 52
      vertex 15.4782 13.3877 55
    endloop
  endfacet
  facet normal -0.049048 0.998796 0
    outer loop
      vertex 14.1568 12.4077 52
      vertex 14 12.4 55
      vertex 14.1568 12.4077 55
    endloop
  endfacet
  facet normal -0.049048 0.998796 0
    outer loop
      vertex 14 12.4 55
      vertex 14.1568 12.4077 52
      vertex 14 12.4 52
    endloop
  endfacet
  facet normal 0.427484 0.904023 -0
    outer loop
      vertex 13.3877 12.5218 52
      vertex 13.2458 12.5889 55
      vertex 13.3877 12.5218 55
    endloop
  endfacet
  facet normal 0.427484 0.904023 0
    outer loop
      vertex 13.2458 12.5889 55
      vertex 13.3877 12.5218 52
      vertex 13.2458 12.5889 52
    endloop
  endfacet
  facet normal 0.243135 0.969993 -0
    outer loop
      vertex 13.6879 12.4307 52
      vertex 13.5355 12.4689 55
      vertex 13.6879 12.4307 55
    endloop
  endfacet
  facet normal 0.243135 0.969993 0
    outer loop
      vertex 13.5355 12.4689 55
      vertex 13.6879 12.4307 52
      vertex 13.5355 12.4689 52
    endloop
  endfacet
  facet normal 0.146502 0.98921 -0
    outer loop
      vertex 13.8432 12.4077 52
      vertex 13.6879 12.4307 55
      vertex 13.8432 12.4077 55
    endloop
  endfacet
  facet normal 0.146502 0.98921 0
    outer loop
      vertex 13.6879 12.4307 55
      vertex 13.8432 12.4077 52
      vertex 13.6879 12.4307 52
    endloop
  endfacet
  facet normal 0.969993 0.243135 -8.35633e-20
    outer loop
      vertex 12.4689 13.5355 55
      vertex 12.4307 13.6879 52
      vertex 12.4307 13.6879 55
    endloop
  endfacet
  facet normal 0.969993 0.243135 -8.35633e-20
    outer loop
      vertex 12.4307 13.6879 52
      vertex 12.4689 13.5355 55
      vertex 12.4689 13.5355 52
    endloop
  endfacet
  facet normal 0.904023 0.427484 1.58112e-18
    outer loop
      vertex 12.5889 13.2458 55
      vertex 12.5218 13.3877 52
      vertex 12.5218 13.3877 55
    endloop
  endfacet
  facet normal 0.904023 0.427484 1.58112e-18
    outer loop
      vertex 12.5218 13.3877 52
      vertex 12.5889 13.2458 55
      vertex 12.5889 13.2458 52
    endloop
  endfacet
  facet normal 0.80297 0.596019 -2.03162e-19
    outer loop
      vertex 12.7632 12.985 55
      vertex 12.6696 13.1111 52
      vertex 12.6696 13.1111 55
    endloop
  endfacet
  facet normal 0.80297 0.596019 -2.03162e-19
    outer loop
      vertex 12.6696 13.1111 52
      vertex 12.7632 12.985 55
      vertex 12.7632 12.985 52
    endloop
  endfacet
  facet normal -0.427484 0.904023 0
    outer loop
      vertex 14.7542 12.5889 52
      vertex 14.6123 12.5218 55
      vertex 14.7542 12.5889 55
    endloop
  endfacet
  facet normal -0.427484 0.904023 0
    outer loop
      vertex 14.6123 12.5218 55
      vertex 14.7542 12.5889 52
      vertex 14.6123 12.5218 52
    endloop
  endfacet
  facet normal -0.741264 0.671213 -5.57392e-19
    outer loop
      vertex 15.1314 12.8686 52
      vertex 15.2368 12.985 55
      vertex 15.2368 12.985 52
    endloop
  endfacet
  facet normal -0.741264 0.671213 -5.57392e-19
    outer loop
      vertex 15.2368 12.985 55
      vertex 15.1314 12.8686 52
      vertex 15.1314 12.8686 55
    endloop
  endfacet
  facet normal -0.596019 0.80297 0
    outer loop
      vertex 15.015 12.7632 52
      vertex 14.8889 12.6696 55
      vertex 15.015 12.7632 55
    endloop
  endfacet
  facet normal -0.596019 0.80297 0
    outer loop
      vertex 14.8889 12.6696 55
      vertex 15.015 12.7632 52
      vertex 14.8889 12.6696 52
    endloop
  endfacet
  facet normal 0.513934 0.85783 -0
    outer loop
      vertex 13.2458 12.5889 52
      vertex 13.1111 12.6696 55
      vertex 13.2458 12.5889 55
    endloop
  endfacet
  facet normal 0.513934 0.85783 0
    outer loop
      vertex 13.1111 12.6696 55
      vertex 13.2458 12.5889 52
      vertex 13.1111 12.6696 52
    endloop
  endfacet
  facet normal 0.336982 0.941511 -0
    outer loop
      vertex 13.5355 12.4689 52
      vertex 13.3877 12.5218 55
      vertex 13.5355 12.4689 55
    endloop
  endfacet
  facet normal 0.336982 0.941511 0
    outer loop
      vertex 13.3877 12.5218 55
      vertex 13.5355 12.4689 52
      vertex 13.3877 12.5218 52
    endloop
  endfacet
  facet normal -0.998701 -0.0509541 2.12427e-19
    outer loop
      vertex 197.6 14 52
      vertex 197.592 14.1568 55
      vertex 197.592 14.1568 52
    endloop
  endfacet
  facet normal -0.998701 -0.0509541 2.12427e-19
    outer loop
      vertex 197.592 14.1568 55
      vertex 197.6 14 52
      vertex 197.6 14 55
    endloop
  endfacet
  facet normal 0.0489857 -0.998799 0
    outer loop
      vertex 195.843 15.5923 52
      vertex 196 15.6 55
      vertex 195.843 15.5923 55
    endloop
  endfacet
  facet normal 0.0489857 -0.998799 0
    outer loop
      vertex 196 15.6 55
      vertex 195.843 15.5923 52
      vertex 196 15.6 52
    endloop
  endfacet
  facet normal -0.0489857 0.998799 0
    outer loop
      vertex 196.157 12.4077 52
      vertex 196 12.4 55
      vertex 196.157 12.4077 55
    endloop
  endfacet
  facet normal -0.0489857 0.998799 0
    outer loop
      vertex 196 12.4 55
      vertex 196.157 12.4077 52
      vertex 196 12.4 52
    endloop
  endfacet
  facet normal -0.672482 -0.740113 0
    outer loop
      vertex 197.015 15.2368 52
      vertex 197.131 15.1314 55
      vertex 197.015 15.2368 55
    endloop
  endfacet
  facet normal -0.672482 -0.740113 -0
    outer loop
      vertex 197.131 15.1314 55
      vertex 197.015 15.2368 52
      vertex 197.131 15.1314 52
    endloop
  endfacet
  facet normal 0.739365 -0.673305 -1.45985e-18
    outer loop
      vertex 194.763 15.015 55
      vertex 194.869 15.1314 52
      vertex 194.869 15.1314 55
    endloop
  endfacet
  facet normal 0.739365 -0.673305 -1.45985e-18
    outer loop
      vertex 194.869 15.1314 52
      vertex 194.763 15.015 55
      vertex 194.763 15.015 52
    endloop
  endfacet
  facet normal 0.427238 -0.904139 0
    outer loop
      vertex 195.246 15.4111 52
      vertex 195.388 15.4782 55
      vertex 195.246 15.4111 55
    endloop
  endfacet
  facet normal 0.427238 -0.904139 0
    outer loop
      vertex 195.388 15.4782 55
      vertex 195.246 15.4111 52
      vertex 195.388 15.4782 52
    endloop
  endfacet
  facet normal -0.904269 -0.426963 1.90722e-19
    outer loop
      vertex 197.478 14.6123 52
      vertex 197.411 14.7542 55
      vertex 197.411 14.7542 52
    endloop
  endfacet
  facet normal -0.904269 -0.426963 1.90722e-19
    outer loop
      vertex 197.411 14.7542 55
      vertex 197.478 14.6123 52
      vertex 197.478 14.6123 55
    endloop
  endfacet
  facet normal -0.336578 -0.941656 0
    outer loop
      vertex 196.464 15.5311 52
      vertex 196.612 15.4782 55
      vertex 196.464 15.5311 55
    endloop
  endfacet
  facet normal -0.336578 -0.941656 -0
    outer loop
      vertex 196.612 15.4782 55
      vertex 196.464 15.5311 52
      vertex 196.612 15.4782 52
    endloop
  endfacet
  facet normal -0.513093 -0.858333 0
    outer loop
      vertex 196.754 15.4111 52
      vertex 196.889 15.3304 55
      vertex 196.754 15.4111 55
    endloop
  endfacet
  facet normal -0.513093 -0.858333 -0
    outer loop
      vertex 196.889 15.3304 55
      vertex 196.754 15.4111 52
      vertex 196.889 15.3304 52
    endloop
  endfacet
  facet normal 0.904269 -0.426963 -1.90722e-19
    outer loop
      vertex 194.522 14.6123 55
      vertex 194.589 14.7542 52
      vertex 194.589 14.7542 55
    endloop
  endfacet
  facet normal 0.904269 -0.426963 -1.90722e-19
    outer loop
      vertex 194.589 14.7542 52
      vertex 194.522 14.6123 55
      vertex 194.522 14.6123 52
    endloop
  endfacet
  facet normal 0.856987 -0.515338 -1.05085e-18
    outer loop
      vertex 194.589 14.7542 55
      vertex 194.67 14.8889 52
      vertex 194.67 14.8889 55
    endloop
  endfacet
  facet normal 0.856987 -0.515338 -1.05085e-18
    outer loop
      vertex 194.67 14.8889 52
      vertex 194.589 14.7542 55
      vertex 194.589 14.7542 52
    endloop
  endfacet
  facet normal 0.243736 -0.969841 0
    outer loop
      vertex 195.536 15.5311 52
      vertex 195.688 15.5693 55
      vertex 195.536 15.5311 55
    endloop
  endfacet
  facet normal 0.243736 -0.969841 0
    outer loop
      vertex 195.688 15.5693 55
      vertex 195.536 15.5311 52
      vertex 195.688 15.5693 52
    endloop
  endfacet
  facet normal -0.14678 0.989169 0
    outer loop
      vertex 196.312 12.4307 52
      vertex 196.157 12.4077 55
      vertex 196.312 12.4307 55
    endloop
  endfacet
  facet normal -0.14678 0.989169 0
    outer loop
      vertex 196.157 12.4077 55
      vertex 196.312 12.4307 52
      vertex 196.157 12.4077 52
    endloop
  endfacet
  facet normal -0.970292 -0.241936 -2.87618e-20
    outer loop
      vertex 197.569 14.3121 52
      vertex 197.531 14.4645 55
      vertex 197.531 14.4645 52
    endloop
  endfacet
  facet normal -0.970292 -0.241936 -2.87618e-20
    outer loop
      vertex 197.531 14.4645 55
      vertex 197.569 14.3121 52
      vertex 197.569 14.3121 55
    endloop
  endfacet
  facet normal -0.98921 -0.146502 0
    outer loop
      vertex 197.592 14.1568 52
      vertex 197.569 14.3121 55
      vertex 197.569 14.3121 52
    endloop
  endfacet
  facet normal -0.98921 -0.146502 0
    outer loop
      vertex 197.569 14.3121 55
      vertex 197.592 14.1568 52
      vertex 197.592 14.1568 55
    endloop
  endfacet
  facet normal -0.941309 -0.337546 -8.45152e-19
    outer loop
      vertex 197.531 14.4645 52
      vertex 197.478 14.6123 55
      vertex 197.478 14.6123 52
    endloop
  endfacet
  facet normal -0.941309 -0.337546 -8.45152e-19
    outer loop
      vertex 197.478 14.6123 55
      vertex 197.531 14.4645 52
      vertex 197.531 14.4645 55
    endloop
  endfacet
  facet normal -0.804799 -0.593547 1.82361e-18
    outer loop
      vertex 197.33 14.8889 52
      vertex 197.237 15.015 55
      vertex 197.237 15.015 52
    endloop
  endfacet
  facet normal -0.804799 -0.593547 1.82361e-18
    outer loop
      vertex 197.237 15.015 55
      vertex 197.33 14.8889 52
      vertex 197.33 14.8889 55
    endloop
  endfacet
  facet normal -0.739365 -0.673305 1.45985e-18
    outer loop
      vertex 197.237 15.015 52
      vertex 197.131 15.1314 55
      vertex 197.131 15.1314 52
    endloop
  endfacet
  facet normal -0.739365 -0.673305 1.45985e-18
    outer loop
      vertex 197.131 15.1314 55
      vertex 197.237 15.015 52
      vertex 197.237 15.015 55
    endloop
  endfacet
  facet normal -0.14678 -0.989169 0
    outer loop
      vertex 196.157 15.5923 52
      vertex 196.312 15.5693 55
      vertex 196.157 15.5923 55
    endloop
  endfacet
  facet normal -0.14678 -0.989169 -0
    outer loop
      vertex 196.312 15.5693 55
      vertex 196.157 15.5923 52
      vertex 196.312 15.5693 52
    endloop
  endfacet
  facet normal -0.0489857 -0.998799 0
    outer loop
      vertex 196 15.6 52
      vertex 196.157 15.5923 55
      vertex 196 15.6 55
    endloop
  endfacet
  facet normal -0.0489857 -0.998799 -0
    outer loop
      vertex 196.157 15.5923 55
      vertex 196 15.6 52
      vertex 196.157 15.5923 52
    endloop
  endfacet
  facet normal -0.427238 -0.904139 0
    outer loop
      vertex 196.612 15.4782 52
      vertex 196.754 15.4111 55
      vertex 196.612 15.4782 55
    endloop
  endfacet
  facet normal -0.427238 -0.904139 -0
    outer loop
      vertex 196.754 15.4111 55
      vertex 196.612 15.4782 52
      vertex 196.754 15.4111 52
    endloop
  endfacet
  facet normal -0.596324 -0.802744 0
    outer loop
      vertex 196.889 15.3304 52
      vertex 197.015 15.2368 55
      vertex 196.889 15.3304 55
    endloop
  endfacet
  facet normal -0.596324 -0.802744 -0
    outer loop
      vertex 197.015 15.2368 55
      vertex 196.889 15.3304 52
      vertex 197.015 15.2368 52
    endloop
  endfacet
  facet normal 0.98921 -0.146502 0
    outer loop
      vertex 194.408 14.1568 55
      vertex 194.431 14.3121 52
      vertex 194.431 14.3121 55
    endloop
  endfacet
  facet normal 0.98921 -0.146502 0
    outer loop
      vertex 194.431 14.3121 52
      vertex 194.408 14.1568 55
      vertex 194.408 14.1568 52
    endloop
  endfacet
  facet normal 0.941309 -0.337546 8.45152e-19
    outer loop
      vertex 194.469 14.4645 55
      vertex 194.522 14.6123 52
      vertex 194.522 14.6123 55
    endloop
  endfacet
  facet normal 0.941309 -0.337546 8.45152e-19
    outer loop
      vertex 194.522 14.6123 52
      vertex 194.469 14.4645 55
      vertex 194.469 14.4645 52
    endloop
  endfacet
  facet normal 0.998701 -0.0509541 -2.12427e-19
    outer loop
      vertex 194.4 14 55
      vertex 194.408 14.1568 52
      vertex 194.408 14.1568 55
    endloop
  endfacet
  facet normal 0.998701 -0.0509541 -2.12427e-19
    outer loop
      vertex 194.408 14.1568 52
      vertex 194.4 14 55
      vertex 194.4 14 52
    endloop
  endfacet
  facet normal 0.596324 -0.802744 0
    outer loop
      vertex 194.985 15.2368 52
      vertex 195.111 15.3304 55
      vertex 194.985 15.2368 55
    endloop
  endfacet
  facet normal 0.596324 -0.802744 0
    outer loop
      vertex 195.111 15.3304 55
      vertex 194.985 15.2368 52
      vertex 195.111 15.3304 52
    endloop
  endfacet
  facet normal 0.14678 -0.989169 0
    outer loop
      vertex 195.688 15.5693 52
      vertex 195.843 15.5923 55
      vertex 195.688 15.5693 55
    endloop
  endfacet
  facet normal 0.14678 -0.989169 0
    outer loop
      vertex 195.843 15.5923 55
      vertex 195.688 15.5693 52
      vertex 195.843 15.5923 52
    endloop
  endfacet
  facet normal -0.998701 0.0509541 -2.12427e-19
    outer loop
      vertex 197.592 13.8432 52
      vertex 197.6 14 55
      vertex 197.6 14 52
    endloop
  endfacet
  facet normal -0.998701 0.0509541 -2.12427e-19
    outer loop
      vertex 197.6 14 55
      vertex 197.592 13.8432 52
      vertex 197.592 13.8432 55
    endloop
  endfacet
  facet normal -0.739365 0.673305 -1.45985e-18
    outer loop
      vertex 197.131 12.8686 52
      vertex 197.237 12.985 55
      vertex 197.237 12.985 52
    endloop
  endfacet
  facet normal -0.739365 0.673305 -1.45985e-18
    outer loop
      vertex 197.237 12.985 55
      vertex 197.131 12.8686 52
      vertex 197.131 12.8686 55
    endloop
  endfacet
  facet normal 0.336578 0.941656 -0
    outer loop
      vertex 195.536 12.4689 52
      vertex 195.388 12.5218 55
      vertex 195.536 12.4689 55
    endloop
  endfacet
  facet normal 0.336578 0.941656 0
    outer loop
      vertex 195.388 12.5218 55
      vertex 195.536 12.4689 52
      vertex 195.388 12.5218 52
    endloop
  endfacet
  facet normal 0.739365 0.673305 1.45985e-18
    outer loop
      vertex 194.869 12.8686 55
      vertex 194.763 12.985 52
      vertex 194.763 12.985 55
    endloop
  endfacet
  facet normal 0.739365 0.673305 1.45985e-18
    outer loop
      vertex 194.763 12.985 52
      vertex 194.869 12.8686 55
      vertex 194.869 12.8686 52
    endloop
  endfacet
  facet normal -0.336578 0.941656 0
    outer loop
      vertex 196.612 12.5218 52
      vertex 196.464 12.4689 55
      vertex 196.612 12.5218 55
    endloop
  endfacet
  facet normal -0.336578 0.941656 0
    outer loop
      vertex 196.464 12.4689 55
      vertex 196.612 12.5218 52
      vertex 196.464 12.4689 52
    endloop
  endfacet
  facet normal -0.856987 -0.515338 1.05085e-18
    outer loop
      vertex 197.411 14.7542 52
      vertex 197.33 14.8889 55
      vertex 197.33 14.8889 52
    endloop
  endfacet
  facet normal -0.856987 -0.515338 1.05085e-18
    outer loop
      vertex 197.33 14.8889 55
      vertex 197.411 14.7542 52
      vertex 197.411 14.7542 55
    endloop
  endfacet
  facet normal -0.243736 -0.969841 0
    outer loop
      vertex 196.312 15.5693 52
      vertex 196.464 15.5311 55
      vertex 196.312 15.5693 55
    endloop
  endfacet
  facet normal -0.243736 -0.969841 -0
    outer loop
      vertex 196.464 15.5311 55
      vertex 196.312 15.5693 52
      vertex 196.464 15.5311 52
    endloop
  endfacet
  facet normal 0.804799 -0.593547 -1.82361e-18
    outer loop
      vertex 194.67 14.8889 55
      vertex 194.763 15.015 52
      vertex 194.763 15.015 55
    endloop
  endfacet
  facet normal 0.804799 -0.593547 -1.82361e-18
    outer loop
      vertex 194.763 15.015 52
      vertex 194.67 14.8889 55
      vertex 194.67 14.8889 52
    endloop
  endfacet
  facet normal 0.970292 -0.241936 2.87618e-20
    outer loop
      vertex 194.431 14.3121 55
      vertex 194.469 14.4645 52
      vertex 194.469 14.4645 55
    endloop
  endfacet
  facet normal 0.970292 -0.241936 2.87618e-20
    outer loop
      vertex 194.469 14.4645 52
      vertex 194.431 14.3121 55
      vertex 194.431 14.3121 52
    endloop
  endfacet
  facet normal 0.998701 0.0509541 2.12427e-19
    outer loop
      vertex 194.408 13.8432 55
      vertex 194.4 14 52
      vertex 194.4 14 55
    endloop
  endfacet
  facet normal 0.998701 0.0509541 2.12427e-19
    outer loop
      vertex 194.4 14 52
      vertex 194.408 13.8432 55
      vertex 194.408 13.8432 52
    endloop
  endfacet
  facet normal 0.672482 -0.740113 0
    outer loop
      vertex 194.869 15.1314 52
      vertex 194.985 15.2368 55
      vertex 194.869 15.1314 55
    endloop
  endfacet
  facet normal 0.672482 -0.740113 0
    outer loop
      vertex 194.985 15.2368 55
      vertex 194.869 15.1314 52
      vertex 194.985 15.2368 52
    endloop
  endfacet
  facet normal 0.513093 -0.858333 0
    outer loop
      vertex 195.111 15.3304 52
      vertex 195.246 15.4111 55
      vertex 195.111 15.3304 55
    endloop
  endfacet
  facet normal 0.513093 -0.858333 0
    outer loop
      vertex 195.246 15.4111 55
      vertex 195.111 15.3304 52
      vertex 195.246 15.4111 52
    endloop
  endfacet
  facet normal 0.336578 -0.941656 0
    outer loop
      vertex 195.388 15.4782 52
      vertex 195.536 15.5311 55
      vertex 195.388 15.4782 55
    endloop
  endfacet
  facet normal 0.336578 -0.941656 0
    outer loop
      vertex 195.536 15.5311 55
      vertex 195.388 15.4782 52
      vertex 195.536 15.5311 52
    endloop
  endfacet
  facet normal -0.941309 0.337546 8.45152e-19
    outer loop
      vertex 197.478 13.3877 52
      vertex 197.531 13.5355 55
      vertex 197.531 13.5355 52
    endloop
  endfacet
  facet normal -0.941309 0.337546 8.45152e-19
    outer loop
      vertex 197.531 13.5355 55
      vertex 197.478 13.3877 52
      vertex 197.478 13.3877 55
    endloop
  endfacet
  facet normal -0.970292 0.241936 2.87618e-20
    outer loop
      vertex 197.531 13.5355 52
      vertex 197.569 13.6879 55
      vertex 197.569 13.6879 52
    endloop
  endfacet
  facet normal -0.970292 0.241936 2.87618e-20
    outer loop
      vertex 197.569 13.6879 55
      vertex 197.531 13.5355 52
      vertex 197.531 13.5355 55
    endloop
  endfacet
  facet normal -0.672482 0.740113 0
    outer loop
      vertex 197.131 12.8686 52
      vertex 197.015 12.7632 55
      vertex 197.131 12.8686 55
    endloop
  endfacet
  facet normal -0.672482 0.740113 0
    outer loop
      vertex 197.015 12.7632 55
      vertex 197.131 12.8686 52
      vertex 197.015 12.7632 52
    endloop
  endfacet
  facet normal -0.904269 0.426963 -1.90722e-19
    outer loop
      vertex 197.411 13.2458 52
      vertex 197.478 13.3877 55
      vertex 197.478 13.3877 52
    endloop
  endfacet
  facet normal -0.904269 0.426963 -1.90722e-19
    outer loop
      vertex 197.478 13.3877 55
      vertex 197.411 13.2458 52
      vertex 197.411 13.2458 55
    endloop
  endfacet
  facet normal -0.804799 0.593547 -1.82361e-18
    outer loop
      vertex 197.237 12.985 52
      vertex 197.33 13.1111 55
      vertex 197.33 13.1111 52
    endloop
  endfacet
  facet normal -0.804799 0.593547 -1.82361e-18
    outer loop
      vertex 197.33 13.1111 55
      vertex 197.237 12.985 52
      vertex 197.237 12.985 55
    endloop
  endfacet
  facet normal 0.243736 0.969841 -0
    outer loop
      vertex 195.688 12.4307 52
      vertex 195.536 12.4689 55
      vertex 195.688 12.4307 55
    endloop
  endfacet
  facet normal 0.243736 0.969841 0
    outer loop
      vertex 195.536 12.4689 55
      vertex 195.688 12.4307 52
      vertex 195.536 12.4689 52
    endloop
  endfacet
  facet normal 0.596324 0.802744 -0
    outer loop
      vertex 195.111 12.6696 52
      vertex 194.985 12.7632 55
      vertex 195.111 12.6696 55
    endloop
  endfacet
  facet normal 0.596324 0.802744 0
    outer loop
      vertex 194.985 12.7632 55
      vertex 195.111 12.6696 52
      vertex 194.985 12.7632 52
    endloop
  endfacet
  facet normal 0.672482 0.740113 -0
    outer loop
      vertex 194.985 12.7632 52
      vertex 194.869 12.8686 55
      vertex 194.985 12.7632 55
    endloop
  endfacet
  facet normal 0.672482 0.740113 0
    outer loop
      vertex 194.869 12.8686 55
      vertex 194.985 12.7632 52
      vertex 194.869 12.8686 52
    endloop
  endfacet
  facet normal 0.856987 0.515338 1.05085e-18
    outer loop
      vertex 194.67 13.1111 55
      vertex 194.589 13.2458 52
      vertex 194.589 13.2458 55
    endloop
  endfacet
  facet normal 0.856987 0.515338 1.05085e-18
    outer loop
      vertex 194.589 13.2458 52
      vertex 194.67 13.1111 55
      vertex 194.67 13.1111 52
    endloop
  endfacet
  facet normal 0.941309 0.337546 -8.45152e-19
    outer loop
      vertex 194.522 13.3877 55
      vertex 194.469 13.5355 52
      vertex 194.469 13.5355 55
    endloop
  endfacet
  facet normal 0.941309 0.337546 -8.45152e-19
    outer loop
      vertex 194.469 13.5355 52
      vertex 194.522 13.3877 55
      vertex 194.522 13.3877 52
    endloop
  endfacet
  facet normal 0.904269 0.426963 1.90722e-19
    outer loop
      vertex 194.589 13.2458 55
      vertex 194.522 13.3877 52
      vertex 194.522 13.3877 55
    endloop
  endfacet
  facet normal 0.904269 0.426963 1.90722e-19
    outer loop
      vertex 194.522 13.3877 52
      vertex 194.589 13.2458 55
      vertex 194.589 13.2458 52
    endloop
  endfacet
  facet normal 0.98921 0.146502 0
    outer loop
      vertex 194.431 13.6879 55
      vertex 194.408 13.8432 52
      vertex 194.408 13.8432 55
    endloop
  endfacet
  facet normal 0.98921 0.146502 0
    outer loop
      vertex 194.408 13.8432 52
      vertex 194.431 13.6879 55
      vertex 194.431 13.6879 52
    endloop
  endfacet
  facet normal -0.243736 0.969841 0
    outer loop
      vertex 196.464 12.4689 52
      vertex 196.312 12.4307 55
      vertex 196.464 12.4689 55
    endloop
  endfacet
  facet normal -0.243736 0.969841 0
    outer loop
      vertex 196.312 12.4307 55
      vertex 196.464 12.4689 52
      vertex 196.312 12.4307 52
    endloop
  endfacet
  facet normal -0.98921 0.146502 0
    outer loop
      vertex 197.569 13.6879 52
      vertex 197.592 13.8432 55
      vertex 197.592 13.8432 52
    endloop
  endfacet
  facet normal -0.98921 0.146502 0
    outer loop
      vertex 197.592 13.8432 55
      vertex 197.569 13.6879 52
      vertex 197.569 13.6879 55
    endloop
  endfacet
  facet normal -0.856987 0.515338 -1.05085e-18
    outer loop
      vertex 197.33 13.1111 52
      vertex 197.411 13.2458 55
      vertex 197.411 13.2458 52
    endloop
  endfacet
  facet normal -0.856987 0.515338 -1.05085e-18
    outer loop
      vertex 197.411 13.2458 55
      vertex 197.33 13.1111 52
      vertex 197.33 13.1111 55
    endloop
  endfacet
  facet normal 0.427238 0.904139 -0
    outer loop
      vertex 195.388 12.5218 52
      vertex 195.246 12.5889 55
      vertex 195.388 12.5218 55
    endloop
  endfacet
  facet normal 0.427238 0.904139 0
    outer loop
      vertex 195.246 12.5889 55
      vertex 195.388 12.5218 52
      vertex 195.246 12.5889 52
    endloop
  endfacet
  facet normal 0.804799 0.593547 1.82361e-18
    outer loop
      vertex 194.763 12.985 55
      vertex 194.67 13.1111 52
      vertex 194.67 13.1111 55
    endloop
  endfacet
  facet normal 0.804799 0.593547 1.82361e-18
    outer loop
      vertex 194.67 13.1111 52
      vertex 194.763 12.985 55
      vertex 194.763 12.985 52
    endloop
  endfacet
  facet normal 0.970292 0.241936 -2.87618e-20
    outer loop
      vertex 194.469 13.5355 55
      vertex 194.431 13.6879 52
      vertex 194.431 13.6879 55
    endloop
  endfacet
  facet normal 0.970292 0.241936 -2.87618e-20
    outer loop
      vertex 194.431 13.6879 52
      vertex 194.469 13.5355 55
      vertex 194.469 13.5355 52
    endloop
  endfacet
  facet normal -0.427238 0.904139 0
    outer loop
      vertex 196.754 12.5889 52
      vertex 196.612 12.5218 55
      vertex 196.754 12.5889 55
    endloop
  endfacet
  facet normal -0.427238 0.904139 0
    outer loop
      vertex 196.612 12.5218 55
      vertex 196.754 12.5889 52
      vertex 196.612 12.5218 52
    endloop
  endfacet
  facet normal -0.596324 0.802744 0
    outer loop
      vertex 197.015 12.7632 52
      vertex 196.889 12.6696 55
      vertex 197.015 12.7632 55
    endloop
  endfacet
  facet normal -0.596324 0.802744 0
    outer loop
      vertex 196.889 12.6696 55
      vertex 197.015 12.7632 52
      vertex 196.889 12.6696 52
    endloop
  endfacet
  facet normal -0.513093 0.858333 0
    outer loop
      vertex 196.889 12.6696 52
      vertex 196.754 12.5889 55
      vertex 196.889 12.6696 55
    endloop
  endfacet
  facet normal -0.513093 0.858333 0
    outer loop
      vertex 196.754 12.5889 55
      vertex 196.889 12.6696 52
      vertex 196.754 12.5889 52
    endloop
  endfacet
  facet normal 0.14678 0.989169 -0
    outer loop
      vertex 195.843 12.4077 52
      vertex 195.688 12.4307 55
      vertex 195.843 12.4077 55
    endloop
  endfacet
  facet normal 0.14678 0.989169 0
    outer loop
      vertex 195.688 12.4307 55
      vertex 195.843 12.4077 52
      vertex 195.688 12.4307 52
    endloop
  endfacet
  facet normal 0.0489857 0.998799 -0
    outer loop
      vertex 196 12.4 52
      vertex 195.843 12.4077 55
      vertex 196 12.4 55
    endloop
  endfacet
  facet normal 0.0489857 0.998799 0
    outer loop
      vertex 195.843 12.4077 55
      vertex 196 12.4 52
      vertex 195.843 12.4077 52
    endloop
  endfacet
  facet normal 0.513093 0.858333 -0
    outer loop
      vertex 195.246 12.5889 52
      vertex 195.111 12.6696 55
      vertex 195.246 12.5889 55
    endloop
  endfacet
  facet normal 0.513093 0.858333 0
    outer loop
      vertex 195.111 12.6696 55
      vertex 195.246 12.5889 52
      vertex 195.111 12.6696 52
    endloop
  endfacet
  facet normal -0.998799 -0.0489857 7.18485e-21
    outer loop
      vertex 15.6 154 52
      vertex 15.5923 154.157 55
      vertex 15.5923 154.157 52
    endloop
  endfacet
  facet normal -0.998799 -0.0489857 7.18485e-21
    outer loop
      vertex 15.5923 154.157 55
      vertex 15.6 154 52
      vertex 15.6 154 55
    endloop
  endfacet
  facet normal 0.0509541 -0.998701 0
    outer loop
      vertex 13.8432 155.592 52
      vertex 14 155.6 55
      vertex 13.8432 155.592 55
    endloop
  endfacet
  facet normal 0.0509541 -0.998701 0
    outer loop
      vertex 14 155.6 55
      vertex 13.8432 155.592 52
      vertex 14 155.6 52
    endloop
  endfacet
  facet normal -0.0509541 0.998701 0
    outer loop
      vertex 14.1568 152.408 52
      vertex 14 152.4 55
      vertex 14.1568 152.408 55
    endloop
  endfacet
  facet normal -0.0509541 0.998701 0
    outer loop
      vertex 14 152.4 55
      vertex 14.1568 152.408 52
      vertex 14 152.4 52
    endloop
  endfacet
  facet normal -0.673305 -0.739365 0
    outer loop
      vertex 15.015 155.237 52
      vertex 15.1314 155.131 55
      vertex 15.015 155.237 55
    endloop
  endfacet
  facet normal -0.673305 -0.739365 -0
    outer loop
      vertex 15.1314 155.131 55
      vertex 15.015 155.237 52
      vertex 15.1314 155.131 52
    endloop
  endfacet
  facet normal 0.740113 -0.672482 1.46637e-18
    outer loop
      vertex 12.7632 155.015 55
      vertex 12.8686 155.131 52
      vertex 12.8686 155.131 55
    endloop
  endfacet
  facet normal 0.740113 -0.672482 1.46637e-18
    outer loop
      vertex 12.8686 155.131 52
      vertex 12.7632 155.015 55
      vertex 12.7632 155.015 52
    endloop
  endfacet
  facet normal 0.426963 -0.904269 0
    outer loop
      vertex 13.2458 155.411 52
      vertex 13.3877 155.478 55
      vertex 13.2458 155.411 55
    endloop
  endfacet
  facet normal 0.426963 -0.904269 0
    outer loop
      vertex 13.3877 155.478 55
      vertex 13.2458 155.411 52
      vertex 13.3877 155.478 52
    endloop
  endfacet
  facet normal -0.904139 -0.427238 9.25834e-19
    outer loop
      vertex 15.4782 154.612 52
      vertex 15.4111 154.754 55
      vertex 15.4111 154.754 52
    endloop
  endfacet
  facet normal -0.904139 -0.427238 9.25834e-19
    outer loop
      vertex 15.4111 154.754 55
      vertex 15.4782 154.612 52
      vertex 15.4782 154.612 55
    endloop
  endfacet
  facet normal -0.337546 -0.941309 0
    outer loop
      vertex 14.4645 155.531 52
      vertex 14.6123 155.478 55
      vertex 14.4645 155.531 55
    endloop
  endfacet
  facet normal -0.337546 -0.941309 -0
    outer loop
      vertex 14.6123 155.478 55
      vertex 14.4645 155.531 52
      vertex 14.6123 155.478 52
    endloop
  endfacet
  facet normal -0.515338 -0.856987 0
    outer loop
      vertex 14.7542 155.411 52
      vertex 14.8889 155.33 55
      vertex 14.7542 155.411 55
    endloop
  endfacet
  facet normal -0.515338 -0.856987 -0
    outer loop
      vertex 14.8889 155.33 55
      vertex 14.7542 155.411 52
      vertex 14.8889 155.33 52
    endloop
  endfacet
  facet normal 0.904139 -0.427238 -9.25834e-19
    outer loop
      vertex 12.5218 154.612 55
      vertex 12.5889 154.754 52
      vertex 12.5889 154.754 55
    endloop
  endfacet
  facet normal 0.904139 -0.427238 -9.25834e-19
    outer loop
      vertex 12.5889 154.754 52
      vertex 12.5218 154.612 55
      vertex 12.5218 154.612 52
    endloop
  endfacet
  facet normal 0.858333 -0.513093 -3.24923e-19
    outer loop
      vertex 12.5889 154.754 55
      vertex 12.6696 154.889 52
      vertex 12.6696 154.889 55
    endloop
  endfacet
  facet normal 0.858333 -0.513093 -3.24923e-19
    outer loop
      vertex 12.6696 154.889 52
      vertex 12.5889 154.754 55
      vertex 12.5889 154.754 52
    endloop
  endfacet
  facet normal 0.241936 -0.970292 0
    outer loop
      vertex 13.5355 155.531 52
      vertex 13.6879 155.569 55
      vertex 13.5355 155.531 55
    endloop
  endfacet
  facet normal 0.241936 -0.970292 0
    outer loop
      vertex 13.6879 155.569 55
      vertex 13.5355 155.531 52
      vertex 13.6879 155.569 52
    endloop
  endfacet
  facet normal -0.146502 0.98921 0
    outer loop
      vertex 14.3121 152.431 52
      vertex 14.1568 152.408 55
      vertex 14.3121 152.431 55
    endloop
  endfacet
  facet normal -0.146502 0.98921 0
    outer loop
      vertex 14.1568 152.408 55
      vertex 14.3121 152.431 52
      vertex 14.1568 152.408 52
    endloop
  endfacet
  facet normal -0.969841 -0.243736 -7.0529e-19
    outer loop
      vertex 15.5693 154.312 52
      vertex 15.5311 154.464 55
      vertex 15.5311 154.464 52
    endloop
  endfacet
  facet normal -0.969841 -0.243736 -7.0529e-19
    outer loop
      vertex 15.5311 154.464 55
      vertex 15.5693 154.312 52
      vertex 15.5693 154.312 55
    endloop
  endfacet
  facet normal -0.989169 -0.14678 4.54966e-19
    outer loop
      vertex 15.5923 154.157 52
      vertex 15.5693 154.312 55
      vertex 15.5693 154.312 52
    endloop
  endfacet
  facet normal -0.989169 -0.14678 4.54966e-19
    outer loop
      vertex 15.5693 154.312 55
      vertex 15.5923 154.157 52
      vertex 15.5923 154.157 55
    endloop
  endfacet
  facet normal -0.941656 -0.336578 -1.82876e-18
    outer loop
      vertex 15.5311 154.464 52
      vertex 15.4782 154.612 55
      vertex 15.4782 154.612 52
    endloop
  endfacet
  facet normal -0.941656 -0.336578 -1.82876e-18
    outer loop
      vertex 15.4782 154.612 55
      vertex 15.5311 154.464 52
      vertex 15.5311 154.464 55
    endloop
  endfacet
  facet normal -0.802744 -0.596324 -1.07389e-18
    outer loop
      vertex 15.3304 154.889 52
      vertex 15.2368 155.015 55
      vertex 15.2368 155.015 52
    endloop
  endfacet
  facet normal -0.802744 -0.596324 -1.07389e-18
    outer loop
      vertex 15.2368 155.015 55
      vertex 15.3304 154.889 52
      vertex 15.3304 154.889 55
    endloop
  endfacet
  facet normal -0.740113 -0.672482 -1.46637e-18
    outer loop
      vertex 15.2368 155.015 52
      vertex 15.1314 155.131 55
      vertex 15.1314 155.131 52
    endloop
  endfacet
  facet normal -0.740113 -0.672482 -1.46637e-18
    outer loop
      vertex 15.1314 155.131 55
      vertex 15.2368 155.015 52
      vertex 15.2368 155.015 55
    endloop
  endfacet
  facet normal -0.146502 -0.98921 0
    outer loop
      vertex 14.1568 155.592 52
      vertex 14.3121 155.569 55
      vertex 14.1568 155.592 55
    endloop
  endfacet
  facet normal -0.146502 -0.98921 -0
    outer loop
      vertex 14.3121 155.569 55
      vertex 14.1568 155.592 52
      vertex 14.3121 155.569 52
    endloop
  endfacet
  facet normal -0.0509541 -0.998701 0
    outer loop
      vertex 14 155.6 52
      vertex 14.1568 155.592 55
      vertex 14 155.6 55
    endloop
  endfacet
  facet normal -0.0509541 -0.998701 -0
    outer loop
      vertex 14.1568 155.592 55
      vertex 14 155.6 52
      vertex 14.1568 155.592 52
    endloop
  endfacet
  facet normal -0.593547 -0.804799 0
    outer loop
      vertex 14.8889 155.33 52
      vertex 15.015 155.237 55
      vertex 14.8889 155.33 55
    endloop
  endfacet
  facet normal -0.593547 -0.804799 -0
    outer loop
      vertex 15.015 155.237 55
      vertex 14.8889 155.33 52
      vertex 15.015 155.237 52
    endloop
  endfacet
  facet normal 0.989169 -0.14678 -4.54966e-19
    outer loop
      vertex 12.4077 154.157 55
      vertex 12.4307 154.312 52
      vertex 12.4307 154.312 55
    endloop
  endfacet
  facet normal 0.989169 -0.14678 -4.54966e-19
    outer loop
      vertex 12.4307 154.312 52
      vertex 12.4077 154.157 55
      vertex 12.4077 154.157 52
    endloop
  endfacet
  facet normal 0.941656 -0.336578 1.82876e-18
    outer loop
      vertex 12.4689 154.464 55
      vertex 12.5218 154.612 52
      vertex 12.5218 154.612 55
    endloop
  endfacet
  facet normal 0.941656 -0.336578 1.82876e-18
    outer loop
      vertex 12.5218 154.612 52
      vertex 12.4689 154.464 55
      vertex 12.4689 154.464 52
    endloop
  endfacet
  facet normal 0.998799 -0.0489857 -7.18485e-21
    outer loop
      vertex 12.4 154 55
      vertex 12.4077 154.157 52
      vertex 12.4077 154.157 55
    endloop
  endfacet
  facet normal 0.998799 -0.0489857 -7.18485e-21
    outer loop
      vertex 12.4077 154.157 52
      vertex 12.4 154 55
      vertex 12.4 154 52
    endloop
  endfacet
  facet normal 0.593547 -0.804799 0
    outer loop
      vertex 12.985 155.237 52
      vertex 13.1111 155.33 55
      vertex 12.985 155.237 55
    endloop
  endfacet
  facet normal 0.593547 -0.804799 0
    outer loop
      vertex 13.1111 155.33 55
      vertex 12.985 155.237 52
      vertex 13.1111 155.33 52
    endloop
  endfacet
  facet normal 0.146502 -0.98921 0
    outer loop
      vertex 13.6879 155.569 52
      vertex 13.8432 155.592 55
      vertex 13.6879 155.569 55
    endloop
  endfacet
  facet normal 0.146502 -0.98921 0
    outer loop
      vertex 13.8432 155.592 55
      vertex 13.6879 155.569 52
      vertex 13.8432 155.592 52
    endloop
  endfacet
  facet normal -0.998799 0.0489857 -7.18485e-21
    outer loop
      vertex 15.5923 153.843 52
      vertex 15.6 154 55
      vertex 15.6 154 52
    endloop
  endfacet
  facet normal -0.998799 0.0489857 -7.18485e-21
    outer loop
      vertex 15.6 154 55
      vertex 15.5923 153.843 52
      vertex 15.5923 153.843 55
    endloop
  endfacet
  facet normal -0.740113 0.672482 1.46637e-18
    outer loop
      vertex 15.1314 152.869 52
      vertex 15.2368 152.985 55
      vertex 15.2368 152.985 52
    endloop
  endfacet
  facet normal -0.740113 0.672482 1.46637e-18
    outer loop
      vertex 15.2368 152.985 55
      vertex 15.1314 152.869 52
      vertex 15.1314 152.869 55
    endloop
  endfacet
  facet normal 0.740113 0.672482 -1.46637e-18
    outer loop
      vertex 12.8686 152.869 55
      vertex 12.7632 152.985 52
      vertex 12.7632 152.985 55
    endloop
  endfacet
  facet normal 0.740113 0.672482 -1.46637e-18
    outer loop
      vertex 12.7632 152.985 52
      vertex 12.8686 152.869 55
      vertex 12.8686 152.869 52
    endloop
  endfacet
  facet normal -0.337546 0.941309 0
    outer loop
      vertex 14.6123 152.522 52
      vertex 14.4645 152.469 55
      vertex 14.6123 152.522 55
    endloop
  endfacet
  facet normal -0.337546 0.941309 0
    outer loop
      vertex 14.4645 152.469 55
      vertex 14.6123 152.522 52
      vertex 14.4645 152.469 52
    endloop
  endfacet
  facet normal -0.858333 -0.513093 3.24923e-19
    outer loop
      vertex 15.4111 154.754 52
      vertex 15.3304 154.889 55
      vertex 15.3304 154.889 52
    endloop
  endfacet
  facet normal -0.858333 -0.513093 3.24923e-19
    outer loop
      vertex 15.3304 154.889 55
      vertex 15.4111 154.754 52
      vertex 15.4111 154.754 55
    endloop
  endfacet
  facet normal -0.241936 -0.970292 0
    outer loop
      vertex 14.3121 155.569 52
      vertex 14.4645 155.531 55
      vertex 14.3121 155.569 55
    endloop
  endfacet
  facet normal -0.241936 -0.970292 -0
    outer loop
      vertex 14.4645 155.531 55
      vertex 14.3121 155.569 52
      vertex 14.4645 155.531 52
    endloop
  endfacet
  facet normal -0.426963 -0.904269 0
    outer loop
      vertex 14.6123 155.478 52
      vertex 14.7542 155.411 55
      vertex 14.6123 155.478 55
    endloop
  endfacet
  facet normal -0.426963 -0.904269 -0
    outer loop
      vertex 14.7542 155.411 55
      vertex 14.6123 155.478 52
      vertex 14.7542 155.411 52
    endloop
  endfacet
  facet normal 0.802744 -0.596324 1.07389e-18
    outer loop
      vertex 12.6696 154.889 55
      vertex 12.7632 155.015 52
      vertex 12.7632 155.015 55
    endloop
  endfacet
  facet normal 0.802744 -0.596324 1.07389e-18
    outer loop
      vertex 12.7632 155.015 52
      vertex 12.6696 154.889 55
      vertex 12.6696 154.889 52
    endloop
  endfacet
  facet normal 0.969841 -0.243736 7.0529e-19
    outer loop
      vertex 12.4307 154.312 55
      vertex 12.4689 154.464 52
      vertex 12.4689 154.464 55
    endloop
  endfacet
  facet normal 0.969841 -0.243736 7.0529e-19
    outer loop
      vertex 12.4689 154.464 52
      vertex 12.4307 154.312 55
      vertex 12.4307 154.312 52
    endloop
  endfacet
  facet normal 0.998799 0.0489857 7.18485e-21
    outer loop
      vertex 12.4077 153.843 55
      vertex 12.4 154 52
      vertex 12.4 154 55
    endloop
  endfacet
  facet normal 0.998799 0.0489857 7.18485e-21
    outer loop
      vertex 12.4 154 52
      vertex 12.4077 153.843 55
      vertex 12.4077 153.843 52
    endloop
  endfacet
  facet normal 0.673305 -0.739365 0
    outer loop
      vertex 12.8686 155.131 52
      vertex 12.985 155.237 55
      vertex 12.8686 155.131 55
    endloop
  endfacet
  facet normal 0.673305 -0.739365 0
    outer loop
      vertex 12.985 155.237 55
      vertex 12.8686 155.131 52
      vertex 12.985 155.237 52
    endloop
  endfacet
  facet normal 0.515338 -0.856987 0
    outer loop
      vertex 13.1111 155.33 52
      vertex 13.2458 155.411 55
      vertex 13.1111 155.33 55
    endloop
  endfacet
  facet normal 0.515338 -0.856987 0
    outer loop
      vertex 13.2458 155.411 55
      vertex 13.1111 155.33 52
      vertex 13.2458 155.411 52
    endloop
  endfacet
  facet normal 0.337546 -0.941309 0
    outer loop
      vertex 13.3877 155.478 52
      vertex 13.5355 155.531 55
      vertex 13.3877 155.478 55
    endloop
  endfacet
  facet normal 0.337546 -0.941309 0
    outer loop
      vertex 13.5355 155.531 55
      vertex 13.3877 155.478 52
      vertex 13.5355 155.531 52
    endloop
  endfacet
  facet normal -0.969841 0.243736 7.0529e-19
    outer loop
      vertex 15.5311 153.536 52
      vertex 15.5693 153.688 55
      vertex 15.5693 153.688 52
    endloop
  endfacet
  facet normal -0.969841 0.243736 7.0529e-19
    outer loop
      vertex 15.5693 153.688 55
      vertex 15.5311 153.536 52
      vertex 15.5311 153.536 55
    endloop
  endfacet
  facet normal -0.989169 0.14678 -4.54966e-19
    outer loop
      vertex 15.5693 153.688 52
      vertex 15.5923 153.843 55
      vertex 15.5923 153.843 52
    endloop
  endfacet
  facet normal -0.989169 0.14678 -4.54966e-19
    outer loop
      vertex 15.5923 153.843 55
      vertex 15.5693 153.688 52
      vertex 15.5693 153.688 55
    endloop
  endfacet
  facet normal -0.673305 0.739365 0
    outer loop
      vertex 15.1314 152.869 52
      vertex 15.015 152.763 55
      vertex 15.1314 152.869 55
    endloop
  endfacet
  facet normal -0.673305 0.739365 0
    outer loop
      vertex 15.015 152.763 55
      vertex 15.1314 152.869 52
      vertex 15.015 152.763 52
    endloop
  endfacet
  facet normal -0.904139 0.427238 -9.25834e-19
    outer loop
      vertex 15.4111 153.246 52
      vertex 15.4782 153.388 55
      vertex 15.4782 153.388 52
    endloop
  endfacet
  facet normal -0.904139 0.427238 -9.25834e-19
    outer loop
      vertex 15.4782 153.388 55
      vertex 15.4111 153.246 52
      vertex 15.4111 153.246 55
    endloop
  endfacet
  facet normal -0.802744 0.596324 1.07389e-18
    outer loop
      vertex 15.2368 152.985 52
      vertex 15.3304 153.111 55
      vertex 15.3304 153.111 52
    endloop
  endfacet
  facet normal -0.802744 0.596324 1.07389e-18
    outer loop
      vertex 15.3304 153.111 55
      vertex 15.2368 152.985 52
      vertex 15.2368 152.985 55
    endloop
  endfacet
  facet normal 0.241936 0.970292 -0
    outer loop
      vertex 13.6879 152.431 52
      vertex 13.5355 152.469 55
      vertex 13.6879 152.431 55
    endloop
  endfacet
  facet normal 0.241936 0.970292 0
    outer loop
      vertex 13.5355 152.469 55
      vertex 13.6879 152.431 52
      vertex 13.5355 152.469 52
    endloop
  endfacet
  facet normal 0.515338 0.856987 -0
    outer loop
      vertex 13.2458 152.589 52
      vertex 13.1111 152.67 55
      vertex 13.2458 152.589 55
    endloop
  endfacet
  facet normal 0.515338 0.856987 0
    outer loop
      vertex 13.1111 152.67 55
      vertex 13.2458 152.589 52
      vertex 13.1111 152.67 52
    endloop
  endfacet
  facet normal 0.858333 0.513093 3.24923e-19
    outer loop
      vertex 12.6696 153.111 55
      vertex 12.5889 153.246 52
      vertex 12.5889 153.246 55
    endloop
  endfacet
  facet normal 0.858333 0.513093 3.24923e-19
    outer loop
      vertex 12.5889 153.246 52
      vertex 12.6696 153.111 55
      vertex 12.6696 153.111 52
    endloop
  endfacet
  facet normal 0.941656 0.336578 -1.82876e-18
    outer loop
      vertex 12.5218 153.388 55
      vertex 12.4689 153.536 52
      vertex 12.4689 153.536 55
    endloop
  endfacet
  facet normal 0.941656 0.336578 -1.82876e-18
    outer loop
      vertex 12.4689 153.536 52
      vertex 12.5218 153.388 55
      vertex 12.5218 153.388 52
    endloop
  endfacet
  facet normal 0.904139 0.427238 9.25834e-19
    outer loop
      vertex 12.5889 153.246 55
      vertex 12.5218 153.388 52
      vertex 12.5218 153.388 55
    endloop
  endfacet
  facet normal 0.904139 0.427238 9.25834e-19
    outer loop
      vertex 12.5218 153.388 52
      vertex 12.5889 153.246 55
      vertex 12.5889 153.246 52
    endloop
  endfacet
  facet normal 0.989169 0.14678 4.54966e-19
    outer loop
      vertex 12.4307 153.688 55
      vertex 12.4077 153.843 52
      vertex 12.4077 153.843 55
    endloop
  endfacet
  facet normal 0.989169 0.14678 4.54966e-19
    outer loop
      vertex 12.4077 153.843 52
      vertex 12.4307 153.688 55
      vertex 12.4307 153.688 52
    endloop
  endfacet
  facet normal -0.426963 0.904269 0
    outer loop
      vertex 14.7542 152.589 52
      vertex 14.6123 152.522 55
      vertex 14.7542 152.589 55
    endloop
  endfacet
  facet normal -0.426963 0.904269 0
    outer loop
      vertex 14.6123 152.522 55
      vertex 14.7542 152.589 52
      vertex 14.6123 152.522 52
    endloop
  endfacet
  facet normal -0.241936 0.970292 0
    outer loop
      vertex 14.4645 152.469 52
      vertex 14.3121 152.431 55
      vertex 14.4645 152.469 55
    endloop
  endfacet
  facet normal -0.241936 0.970292 0
    outer loop
      vertex 14.3121 152.431 55
      vertex 14.4645 152.469 52
      vertex 14.3121 152.431 52
    endloop
  endfacet
  facet normal -0.515338 0.856987 0
    outer loop
      vertex 14.8889 152.67 52
      vertex 14.7542 152.589 55
      vertex 14.8889 152.67 55
    endloop
  endfacet
  facet normal -0.515338 0.856987 0
    outer loop
      vertex 14.7542 152.589 55
      vertex 14.8889 152.67 52
      vertex 14.7542 152.589 52
    endloop
  endfacet
  facet normal -0.593547 0.804799 0
    outer loop
      vertex 15.015 152.763 52
      vertex 14.8889 152.67 55
      vertex 15.015 152.763 55
    endloop
  endfacet
  facet normal -0.593547 0.804799 0
    outer loop
      vertex 14.8889 152.67 55
      vertex 15.015 152.763 52
      vertex 14.8889 152.67 52
    endloop
  endfacet
  facet normal -0.941656 0.336578 1.82876e-18
    outer loop
      vertex 15.4782 153.388 52
      vertex 15.5311 153.536 55
      vertex 15.5311 153.536 52
    endloop
  endfacet
  facet normal -0.941656 0.336578 1.82876e-18
    outer loop
      vertex 15.5311 153.536 55
      vertex 15.4782 153.388 52
      vertex 15.4782 153.388 55
    endloop
  endfacet
  facet normal -0.858333 0.513093 -3.24923e-19
    outer loop
      vertex 15.3304 153.111 52
      vertex 15.4111 153.246 55
      vertex 15.4111 153.246 52
    endloop
  endfacet
  facet normal -0.858333 0.513093 -3.24923e-19
    outer loop
      vertex 15.4111 153.246 55
      vertex 15.3304 153.111 52
      vertex 15.3304 153.111 55
    endloop
  endfacet
  facet normal 0.426963 0.904269 -0
    outer loop
      vertex 13.3877 152.522 52
      vertex 13.2458 152.589 55
      vertex 13.3877 152.522 55
    endloop
  endfacet
  facet normal 0.426963 0.904269 0
    outer loop
      vertex 13.2458 152.589 55
      vertex 13.3877 152.522 52
      vertex 13.2458 152.589 52
    endloop
  endfacet
  facet normal 0.593547 0.804799 -0
    outer loop
      vertex 13.1111 152.67 52
      vertex 12.985 152.763 55
      vertex 13.1111 152.67 55
    endloop
  endfacet
  facet normal 0.593547 0.804799 0
    outer loop
      vertex 12.985 152.763 55
      vertex 13.1111 152.67 52
      vertex 12.985 152.763 52
    endloop
  endfacet
  facet normal 0.673305 0.739365 -0
    outer loop
      vertex 12.985 152.763 52
      vertex 12.8686 152.869 55
      vertex 12.985 152.763 55
    endloop
  endfacet
  facet normal 0.673305 0.739365 0
    outer loop
      vertex 12.8686 152.869 55
      vertex 12.985 152.763 52
      vertex 12.8686 152.869 52
    endloop
  endfacet
  facet normal 0.802744 0.596324 -1.07389e-18
    outer loop
      vertex 12.7632 152.985 55
      vertex 12.6696 153.111 52
      vertex 12.6696 153.111 55
    endloop
  endfacet
  facet normal 0.802744 0.596324 -1.07389e-18
    outer loop
      vertex 12.6696 153.111 52
      vertex 12.7632 152.985 55
      vertex 12.7632 152.985 52
    endloop
  endfacet
  facet normal 0.969841 0.243736 -7.0529e-19
    outer loop
      vertex 12.4689 153.536 55
      vertex 12.4307 153.688 52
      vertex 12.4307 153.688 55
    endloop
  endfacet
  facet normal 0.969841 0.243736 -7.0529e-19
    outer loop
      vertex 12.4307 153.688 52
      vertex 12.4689 153.536 55
      vertex 12.4689 153.536 52
    endloop
  endfacet
  facet normal 0.146502 0.98921 -0
    outer loop
      vertex 13.8432 152.408 52
      vertex 13.6879 152.431 55
      vertex 13.8432 152.408 55
    endloop
  endfacet
  facet normal 0.146502 0.98921 0
    outer loop
      vertex 13.6879 152.431 55
      vertex 13.8432 152.408 52
      vertex 13.6879 152.431 52
    endloop
  endfacet
  facet normal 0.0509541 0.998701 -0
    outer loop
      vertex 14 152.4 52
      vertex 13.8432 152.408 55
      vertex 14 152.4 55
    endloop
  endfacet
  facet normal 0.0509541 0.998701 0
    outer loop
      vertex 13.8432 152.408 55
      vertex 14 152.4 52
      vertex 13.8432 152.408 52
    endloop
  endfacet
  facet normal 0.337546 0.941309 -0
    outer loop
      vertex 13.5355 152.469 52
      vertex 13.3877 152.522 55
      vertex 13.5355 152.469 55
    endloop
  endfacet
  facet normal 0.337546 0.941309 0
    outer loop
      vertex 13.3877 152.522 55
      vertex 13.5355 152.469 52
      vertex 13.3877 152.522 52
    endloop
  endfacet
  facet normal -0.998704 -0.0508894 4.80441e-20
    outer loop
      vertex 197.6 154 52
      vertex 197.592 154.157 55
      vertex 197.592 154.157 52
    endloop
  endfacet
  facet normal -0.998704 -0.0508894 4.80441e-20
    outer loop
      vertex 197.592 154.157 55
      vertex 197.6 154 52
      vertex 197.6 154 55
    endloop
  endfacet
  facet normal 0.0508894 -0.998704 0
    outer loop
      vertex 195.843 155.592 52
      vertex 196 155.6 55
      vertex 195.843 155.592 55
    endloop
  endfacet
  facet normal 0.0508894 -0.998704 0
    outer loop
      vertex 196 155.6 55
      vertex 195.843 155.592 52
      vertex 196 155.6 52
    endloop
  endfacet
  facet normal -0.0508894 0.998704 0
    outer loop
      vertex 196.157 152.408 52
      vertex 196 152.4 55
      vertex 196.157 152.408 55
    endloop
  endfacet
  facet normal -0.0508894 0.998704 0
    outer loop
      vertex 196 152.4 55
      vertex 196.157 152.408 52
      vertex 196 152.4 52
    endloop
  endfacet
  facet normal -0.674571 -0.73821 0
    outer loop
      vertex 197.015 155.237 52
      vertex 197.131 155.131 55
      vertex 197.015 155.237 55
    endloop
  endfacet
  facet normal -0.674571 -0.73821 -0
    outer loop
      vertex 197.131 155.131 55
      vertex 197.015 155.237 52
      vertex 197.131 155.131 52
    endloop
  endfacet
  facet normal 0.73821 -0.674571 6.79192e-19
    outer loop
      vertex 194.763 155.015 55
      vertex 194.869 155.131 52
      vertex 194.869 155.131 55
    endloop
  endfacet
  facet normal 0.73821 -0.674571 6.79192e-19
    outer loop
      vertex 194.869 155.131 52
      vertex 194.763 155.015 55
      vertex 194.763 155.015 52
    endloop
  endfacet
  facet normal 0.426717 -0.904385 0
    outer loop
      vertex 195.246 155.411 52
      vertex 195.388 155.478 55
      vertex 195.246 155.411 55
    endloop
  endfacet
  facet normal 0.426717 -0.904385 0
    outer loop
      vertex 195.388 155.478 55
      vertex 195.246 155.411 52
      vertex 195.388 155.478 52
    endloop
  endfacet
  facet normal -0.904385 -0.426717 -1.53568e-18
    outer loop
      vertex 197.478 154.612 52
      vertex 197.411 154.754 55
      vertex 197.411 154.754 52
    endloop
  endfacet
  facet normal -0.904385 -0.426717 -1.53568e-18
    outer loop
      vertex 197.411 154.754 55
      vertex 197.478 154.612 52
      vertex 197.478 154.612 55
    endloop
  endfacet
  facet normal -0.337142 -0.941454 0
    outer loop
      vertex 196.464 155.531 52
      vertex 196.612 155.478 55
      vertex 196.464 155.531 55
    endloop
  endfacet
  facet normal -0.337142 -0.941454 -0
    outer loop
      vertex 196.612 155.478 55
      vertex 196.464 155.531 52
      vertex 196.612 155.478 52
    endloop
  endfacet
  facet normal -0.514496 -0.857493 0
    outer loop
      vertex 196.754 155.411 52
      vertex 196.889 155.33 55
      vertex 196.754 155.411 55
    endloop
  endfacet
  facet normal -0.514496 -0.857493 -0
    outer loop
      vertex 196.889 155.33 55
      vertex 196.754 155.411 52
      vertex 196.889 155.33 52
    endloop
  endfacet
  facet normal 0.904385 -0.426717 1.53568e-18
    outer loop
      vertex 194.522 154.612 55
      vertex 194.589 154.754 52
      vertex 194.589 154.754 55
    endloop
  endfacet
  facet normal 0.904385 -0.426717 1.53568e-18
    outer loop
      vertex 194.589 154.754 52
      vertex 194.522 154.612 55
      vertex 194.522 154.612 52
    endloop
  endfacet
  facet normal 0.857493 -0.514496 -8.48276e-19
    outer loop
      vertex 194.589 154.754 55
      vertex 194.67 154.889 52
      vertex 194.67 154.889 55
    endloop
  endfacet
  facet normal 0.857493 -0.514496 -8.48276e-19
    outer loop
      vertex 194.67 154.889 52
      vertex 194.589 154.754 55
      vertex 194.589 154.754 52
    endloop
  endfacet
  facet normal 0.242536 -0.970143 0
    outer loop
      vertex 195.536 155.531 52
      vertex 195.688 155.569 55
      vertex 195.536 155.531 55
    endloop
  endfacet
  facet normal 0.242536 -0.970143 0
    outer loop
      vertex 195.688 155.569 55
      vertex 195.536 155.531 52
      vertex 195.688 155.569 52
    endloop
  endfacet
  facet normal -0.14678 0.989169 0
    outer loop
      vertex 196.312 152.431 52
      vertex 196.157 152.408 55
      vertex 196.312 152.431 55
    endloop
  endfacet
  facet normal -0.14678 0.989169 0
    outer loop
      vertex 196.157 152.408 55
      vertex 196.312 152.431 52
      vertex 196.157 152.408 52
    endloop
  endfacet
  facet normal -0.970143 -0.242536 4.33397e-19
    outer loop
      vertex 197.569 154.312 52
      vertex 197.531 154.464 55
      vertex 197.531 154.464 52
    endloop
  endfacet
  facet normal -0.970143 -0.242536 4.33397e-19
    outer loop
      vertex 197.531 154.464 55
      vertex 197.569 154.312 52
      vertex 197.569 154.312 55
    endloop
  endfacet
  facet normal -0.989169 -0.14678 -1.72527e-19
    outer loop
      vertex 197.592 154.157 52
      vertex 197.569 154.312 55
      vertex 197.569 154.312 52
    endloop
  endfacet
  facet normal -0.989169 -0.14678 -1.72527e-19
    outer loop
      vertex 197.569 154.312 55
      vertex 197.592 154.157 52
      vertex 197.592 154.157 55
    endloop
  endfacet
  facet normal -0.941454 -0.337142 -1.47275e-19
    outer loop
      vertex 197.531 154.464 52
      vertex 197.478 154.612 55
      vertex 197.478 154.612 52
    endloop
  endfacet
  facet normal -0.941454 -0.337142 -1.47275e-19
    outer loop
      vertex 197.478 154.612 55
      vertex 197.531 154.464 52
      vertex 197.531 154.464 55
    endloop
  endfacet
  facet normal -0.804574 -0.593852 -4.45319e-19
    outer loop
      vertex 197.33 154.889 52
      vertex 197.237 155.015 55
      vertex 197.237 155.015 52
    endloop
  endfacet
  facet normal -0.804574 -0.593852 -4.45319e-19
    outer loop
      vertex 197.237 155.015 55
      vertex 197.33 154.889 52
      vertex 197.33 154.889 55
    endloop
  endfacet
  facet normal -0.73821 -0.674571 -6.79192e-19
    outer loop
      vertex 197.237 155.015 52
      vertex 197.131 155.131 55
      vertex 197.131 155.131 52
    endloop
  endfacet
  facet normal -0.73821 -0.674571 -6.79192e-19
    outer loop
      vertex 197.131 155.131 55
      vertex 197.237 155.015 52
      vertex 197.237 155.015 55
    endloop
  endfacet
  facet normal -0.857493 -0.514496 8.48276e-19
    outer loop
      vertex 197.411 154.754 52
      vertex 197.33 154.889 55
      vertex 197.33 154.889 52
    endloop
  endfacet
  facet normal -0.857493 -0.514496 8.48276e-19
    outer loop
      vertex 197.33 154.889 55
      vertex 197.411 154.754 52
      vertex 197.411 154.754 55
    endloop
  endfacet
  facet normal -0.14678 -0.989169 0
    outer loop
      vertex 196.157 155.592 52
      vertex 196.312 155.569 55
      vertex 196.157 155.592 55
    endloop
  endfacet
  facet normal -0.14678 -0.989169 -0
    outer loop
      vertex 196.312 155.569 55
      vertex 196.157 155.592 52
      vertex 196.312 155.569 52
    endloop
  endfacet
  facet normal -0.242536 -0.970143 0
    outer loop
      vertex 196.312 155.569 52
      vertex 196.464 155.531 55
      vertex 196.312 155.569 55
    endloop
  endfacet
  facet normal -0.242536 -0.970143 -0
    outer loop
      vertex 196.464 155.531 55
      vertex 196.312 155.569 52
      vertex 196.464 155.531 52
    endloop
  endfacet
  facet normal -0.0508894 -0.998704 0
    outer loop
      vertex 196 155.6 52
      vertex 196.157 155.592 55
      vertex 196 155.6 55
    endloop
  endfacet
  facet normal -0.0508894 -0.998704 -0
    outer loop
      vertex 196.157 155.592 55
      vertex 196 155.6 52
      vertex 196.157 155.592 52
    endloop
  endfacet
  facet normal -0.426717 -0.904385 0
    outer loop
      vertex 196.612 155.478 52
      vertex 196.754 155.411 55
      vertex 196.612 155.478 55
    endloop
  endfacet
  facet normal -0.426717 -0.904385 -0
    outer loop
      vertex 196.754 155.411 55
      vertex 196.612 155.478 52
      vertex 196.754 155.411 52
    endloop
  endfacet
  facet normal -0.593852 -0.804574 0
    outer loop
      vertex 196.889 155.33 52
      vertex 197.015 155.237 55
      vertex 196.889 155.33 55
    endloop
  endfacet
  facet normal -0.593852 -0.804574 -0
    outer loop
      vertex 197.015 155.237 55
      vertex 196.889 155.33 52
      vertex 197.015 155.237 52
    endloop
  endfacet
  facet normal 0.989169 -0.14678 1.72527e-19
    outer loop
      vertex 194.408 154.157 55
      vertex 194.431 154.312 52
      vertex 194.431 154.312 55
    endloop
  endfacet
  facet normal 0.989169 -0.14678 1.72527e-19
    outer loop
      vertex 194.431 154.312 52
      vertex 194.408 154.157 55
      vertex 194.408 154.157 52
    endloop
  endfacet
  facet normal 0.804574 -0.593852 4.45319e-19
    outer loop
      vertex 194.67 154.889 55
      vertex 194.763 155.015 52
      vertex 194.763 155.015 55
    endloop
  endfacet
  facet normal 0.804574 -0.593852 4.45319e-19
    outer loop
      vertex 194.763 155.015 52
      vertex 194.67 154.889 55
      vertex 194.67 154.889 52
    endloop
  endfacet
  facet normal 0.941454 -0.337142 1.47275e-19
    outer loop
      vertex 194.469 154.464 55
      vertex 194.522 154.612 52
      vertex 194.522 154.612 55
    endloop
  endfacet
  facet normal 0.941454 -0.337142 1.47275e-19
    outer loop
      vertex 194.522 154.612 52
      vertex 194.469 154.464 55
      vertex 194.469 154.464 52
    endloop
  endfacet
  facet normal 0.970143 -0.242536 -4.33397e-19
    outer loop
      vertex 194.431 154.312 55
      vertex 194.469 154.464 52
      vertex 194.469 154.464 55
    endloop
  endfacet
  facet normal 0.970143 -0.242536 -4.33397e-19
    outer loop
      vertex 194.469 154.464 52
      vertex 194.431 154.312 55
      vertex 194.431 154.312 52
    endloop
  endfacet
  facet normal 0.998704 -0.0508894 -4.80441e-20
    outer loop
      vertex 194.4 154 55
      vertex 194.408 154.157 52
      vertex 194.408 154.157 55
    endloop
  endfacet
  facet normal 0.998704 -0.0508894 -4.80441e-20
    outer loop
      vertex 194.408 154.157 52
      vertex 194.4 154 55
      vertex 194.4 154 52
    endloop
  endfacet
  facet normal 0.514496 -0.857493 0
    outer loop
      vertex 195.111 155.33 52
      vertex 195.246 155.411 55
      vertex 195.111 155.33 55
    endloop
  endfacet
  facet normal 0.514496 -0.857493 0
    outer loop
      vertex 195.246 155.411 55
      vertex 195.111 155.33 52
      vertex 195.246 155.411 52
    endloop
  endfacet
  facet normal 0.593852 -0.804574 0
    outer loop
      vertex 194.985 155.237 52
      vertex 195.111 155.33 55
      vertex 194.985 155.237 55
    endloop
  endfacet
  facet normal 0.593852 -0.804574 0
    outer loop
      vertex 195.111 155.33 55
      vertex 194.985 155.237 52
      vertex 195.111 155.33 52
    endloop
  endfacet
  facet normal 0.674571 -0.73821 0
    outer loop
      vertex 194.869 155.131 52
      vertex 194.985 155.237 55
      vertex 194.869 155.131 55
    endloop
  endfacet
  facet normal 0.674571 -0.73821 0
    outer loop
      vertex 194.985 155.237 55
      vertex 194.869 155.131 52
      vertex 194.985 155.237 52
    endloop
  endfacet
  facet normal 0.337142 -0.941454 0
    outer loop
      vertex 195.388 155.478 52
      vertex 195.536 155.531 55
      vertex 195.388 155.478 55
    endloop
  endfacet
  facet normal 0.337142 -0.941454 0
    outer loop
      vertex 195.536 155.531 55
      vertex 195.388 155.478 52
      vertex 195.536 155.531 52
    endloop
  endfacet
  facet normal 0.14678 -0.989169 0
    outer loop
      vertex 195.688 155.569 52
      vertex 195.843 155.592 55
      vertex 195.688 155.569 55
    endloop
  endfacet
  facet normal 0.14678 -0.989169 0
    outer loop
      vertex 195.843 155.592 55
      vertex 195.688 155.569 52
      vertex 195.843 155.592 52
    endloop
  endfacet
  facet normal -0.998704 0.0508894 -4.80441e-20
    outer loop
      vertex 197.592 153.843 52
      vertex 197.6 154 55
      vertex 197.6 154 52
    endloop
  endfacet
  facet normal -0.998704 0.0508894 -4.80441e-20
    outer loop
      vertex 197.6 154 55
      vertex 197.592 153.843 52
      vertex 197.592 153.843 55
    endloop
  endfacet
  facet normal -0.73821 0.674571 6.79192e-19
    outer loop
      vertex 197.131 152.869 52
      vertex 197.237 152.985 55
      vertex 197.237 152.985 52
    endloop
  endfacet
  facet normal -0.73821 0.674571 6.79192e-19
    outer loop
      vertex 197.237 152.985 55
      vertex 197.131 152.869 52
      vertex 197.131 152.869 55
    endloop
  endfacet
  facet normal 0.337142 0.941454 -0
    outer loop
      vertex 195.536 152.469 52
      vertex 195.388 152.522 55
      vertex 195.536 152.469 55
    endloop
  endfacet
  facet normal 0.337142 0.941454 0
    outer loop
      vertex 195.388 152.522 55
      vertex 195.536 152.469 52
      vertex 195.388 152.522 52
    endloop
  endfacet
  facet normal 0.73821 0.674571 -6.79192e-19
    outer loop
      vertex 194.869 152.869 55
      vertex 194.763 152.985 52
      vertex 194.763 152.985 55
    endloop
  endfacet
  facet normal 0.73821 0.674571 -6.79192e-19
    outer loop
      vertex 194.763 152.985 52
      vertex 194.869 152.869 55
      vertex 194.869 152.869 52
    endloop
  endfacet
  facet normal -0.337142 0.941454 0
    outer loop
      vertex 196.612 152.522 52
      vertex 196.464 152.469 55
      vertex 196.612 152.522 55
    endloop
  endfacet
  facet normal -0.337142 0.941454 0
    outer loop
      vertex 196.464 152.469 55
      vertex 196.612 152.522 52
      vertex 196.464 152.469 52
    endloop
  endfacet
  facet normal 0.998704 0.0508894 4.80441e-20
    outer loop
      vertex 194.408 153.843 55
      vertex 194.4 154 52
      vertex 194.4 154 55
    endloop
  endfacet
  facet normal 0.998704 0.0508894 4.80441e-20
    outer loop
      vertex 194.4 154 52
      vertex 194.408 153.843 55
      vertex 194.408 153.843 52
    endloop
  endfacet
  facet normal -0.941454 0.337142 1.47275e-19
    outer loop
      vertex 197.478 153.388 52
      vertex 197.531 153.536 55
      vertex 197.531 153.536 52
    endloop
  endfacet
  facet normal -0.941454 0.337142 1.47275e-19
    outer loop
      vertex 197.531 153.536 55
      vertex 197.478 153.388 52
      vertex 197.478 153.388 55
    endloop
  endfacet
  facet normal -0.970143 0.242536 -4.33397e-19
    outer loop
      vertex 197.531 153.536 52
      vertex 197.569 153.688 55
      vertex 197.569 153.688 52
    endloop
  endfacet
  facet normal -0.970143 0.242536 -4.33397e-19
    outer loop
      vertex 197.569 153.688 55
      vertex 197.531 153.536 52
      vertex 197.531 153.536 55
    endloop
  endfacet
  facet normal -0.674571 0.73821 0
    outer loop
      vertex 197.131 152.869 52
      vertex 197.015 152.763 55
      vertex 197.131 152.869 55
    endloop
  endfacet
  facet normal -0.674571 0.73821 0
    outer loop
      vertex 197.015 152.763 55
      vertex 197.131 152.869 52
      vertex 197.015 152.763 52
    endloop
  endfacet
  facet normal -0.904385 0.426717 1.53568e-18
    outer loop
      vertex 197.411 153.246 52
      vertex 197.478 153.388 55
      vertex 197.478 153.388 52
    endloop
  endfacet
  facet normal -0.904385 0.426717 1.53568e-18
    outer loop
      vertex 197.478 153.388 55
      vertex 197.411 153.246 52
      vertex 197.411 153.246 55
    endloop
  endfacet
  facet normal -0.804574 0.593852 4.45319e-19
    outer loop
      vertex 197.237 152.985 52
      vertex 197.33 153.111 55
      vertex 197.33 153.111 52
    endloop
  endfacet
  facet normal -0.804574 0.593852 4.45319e-19
    outer loop
      vertex 197.33 153.111 55
      vertex 197.237 152.985 52
      vertex 197.237 152.985 55
    endloop
  endfacet
  facet normal 0.857493 0.514496 8.48276e-19
    outer loop
      vertex 194.67 153.111 55
      vertex 194.589 153.246 52
      vertex 194.589 153.246 55
    endloop
  endfacet
  facet normal 0.857493 0.514496 8.48276e-19
    outer loop
      vertex 194.589 153.246 52
      vertex 194.67 153.111 55
      vertex 194.67 153.111 52
    endloop
  endfacet
  facet normal 0.941454 0.337142 -1.47275e-19
    outer loop
      vertex 194.522 153.388 55
      vertex 194.469 153.536 52
      vertex 194.469 153.536 55
    endloop
  endfacet
  facet normal 0.941454 0.337142 -1.47275e-19
    outer loop
      vertex 194.469 153.536 52
      vertex 194.522 153.388 55
      vertex 194.522 153.388 52
    endloop
  endfacet
  facet normal 0.904385 0.426717 -1.53568e-18
    outer loop
      vertex 194.589 153.246 55
      vertex 194.522 153.388 52
      vertex 194.522 153.388 55
    endloop
  endfacet
  facet normal 0.904385 0.426717 -1.53568e-18
    outer loop
      vertex 194.522 153.388 52
      vertex 194.589 153.246 55
      vertex 194.589 153.246 52
    endloop
  endfacet
  facet normal 0.989169 0.14678 -1.72527e-19
    outer loop
      vertex 194.431 153.688 55
      vertex 194.408 153.843 52
      vertex 194.408 153.843 55
    endloop
  endfacet
  facet normal 0.989169 0.14678 -1.72527e-19
    outer loop
      vertex 194.408 153.843 52
      vertex 194.431 153.688 55
      vertex 194.431 153.688 52
    endloop
  endfacet
  facet normal -0.426717 0.904385 0
    outer loop
      vertex 196.754 152.589 52
      vertex 196.612 152.522 55
      vertex 196.754 152.589 55
    endloop
  endfacet
  facet normal -0.426717 0.904385 0
    outer loop
      vertex 196.612 152.522 55
      vertex 196.754 152.589 52
      vertex 196.612 152.522 52
    endloop
  endfacet
  facet normal -0.242536 0.970143 0
    outer loop
      vertex 196.464 152.469 52
      vertex 196.312 152.431 55
      vertex 196.464 152.469 55
    endloop
  endfacet
  facet normal -0.242536 0.970143 0
    outer loop
      vertex 196.312 152.431 55
      vertex 196.464 152.469 52
      vertex 196.312 152.431 52
    endloop
  endfacet
  facet normal -0.989169 0.14678 1.72527e-19
    outer loop
      vertex 197.569 153.688 52
      vertex 197.592 153.843 55
      vertex 197.592 153.843 52
    endloop
  endfacet
  facet normal -0.989169 0.14678 1.72527e-19
    outer loop
      vertex 197.592 153.843 55
      vertex 197.569 153.688 52
      vertex 197.569 153.688 55
    endloop
  endfacet
  facet normal -0.514496 0.857493 0
    outer loop
      vertex 196.889 152.67 52
      vertex 196.754 152.589 55
      vertex 196.889 152.67 55
    endloop
  endfacet
  facet normal -0.514496 0.857493 0
    outer loop
      vertex 196.754 152.589 55
      vertex 196.889 152.67 52
      vertex 196.754 152.589 52
    endloop
  endfacet
  facet normal -0.593852 0.804574 0
    outer loop
      vertex 197.015 152.763 52
      vertex 196.889 152.67 55
      vertex 197.015 152.763 55
    endloop
  endfacet
  facet normal -0.593852 0.804574 0
    outer loop
      vertex 196.889 152.67 55
      vertex 197.015 152.763 52
      vertex 196.889 152.67 52
    endloop
  endfacet
  facet normal -0.857493 0.514496 -8.48276e-19
    outer loop
      vertex 197.33 153.111 52
      vertex 197.411 153.246 55
      vertex 197.411 153.246 52
    endloop
  endfacet
  facet normal -0.857493 0.514496 -8.48276e-19
    outer loop
      vertex 197.411 153.246 55
      vertex 197.33 153.111 52
      vertex 197.33 153.111 55
    endloop
  endfacet
  facet normal 0.0508894 0.998704 -0
    outer loop
      vertex 196 152.4 52
      vertex 195.843 152.408 55
      vertex 196 152.4 55
    endloop
  endfacet
  facet normal 0.0508894 0.998704 0
    outer loop
      vertex 195.843 152.408 55
      vertex 196 152.4 52
      vertex 195.843 152.408 52
    endloop
  endfacet
  facet normal 0.426717 0.904385 -0
    outer loop
      vertex 195.388 152.522 52
      vertex 195.246 152.589 55
      vertex 195.388 152.522 55
    endloop
  endfacet
  facet normal 0.426717 0.904385 0
    outer loop
      vertex 195.246 152.589 55
      vertex 195.388 152.522 52
      vertex 195.246 152.589 52
    endloop
  endfacet
  facet normal 0.593852 0.804574 -0
    outer loop
      vertex 195.111 152.67 52
      vertex 194.985 152.763 55
      vertex 195.111 152.67 55
    endloop
  endfacet
  facet normal 0.593852 0.804574 0
    outer loop
      vertex 194.985 152.763 55
      vertex 195.111 152.67 52
      vertex 194.985 152.763 52
    endloop
  endfacet
  facet normal 0.674571 0.73821 -0
    outer loop
      vertex 194.985 152.763 52
      vertex 194.869 152.869 55
      vertex 194.985 152.763 55
    endloop
  endfacet
  facet normal 0.674571 0.73821 0
    outer loop
      vertex 194.869 152.869 55
      vertex 194.985 152.763 52
      vertex 194.869 152.869 52
    endloop
  endfacet
  facet normal 0.804574 0.593852 -4.45319e-19
    outer loop
      vertex 194.763 152.985 55
      vertex 194.67 153.111 52
      vertex 194.67 153.111 55
    endloop
  endfacet
  facet normal 0.804574 0.593852 -4.45319e-19
    outer loop
      vertex 194.67 153.111 52
      vertex 194.763 152.985 55
      vertex 194.763 152.985 52
    endloop
  endfacet
  facet normal 0.970143 0.242536 4.33397e-19
    outer loop
      vertex 194.469 153.536 55
      vertex 194.431 153.688 52
      vertex 194.431 153.688 55
    endloop
  endfacet
  facet normal 0.970143 0.242536 4.33397e-19
    outer loop
      vertex 194.431 153.688 52
      vertex 194.469 153.536 55
      vertex 194.469 153.536 52
    endloop
  endfacet
  facet normal 0.14678 0.989169 -0
    outer loop
      vertex 195.843 152.408 52
      vertex 195.688 152.431 55
      vertex 195.843 152.408 55
    endloop
  endfacet
  facet normal 0.14678 0.989169 0
    outer loop
      vertex 195.688 152.431 55
      vertex 195.843 152.408 52
      vertex 195.688 152.431 52
    endloop
  endfacet
  facet normal 0.242536 0.970143 -0
    outer loop
      vertex 195.688 152.431 52
      vertex 195.536 152.469 55
      vertex 195.688 152.431 55
    endloop
  endfacet
  facet normal 0.242536 0.970143 0
    outer loop
      vertex 195.536 152.469 55
      vertex 195.688 152.431 52
      vertex 195.536 152.469 52
    endloop
  endfacet
  facet normal 0.514496 0.857493 -0
    outer loop
      vertex 195.246 152.589 52
      vertex 195.111 152.67 55
      vertex 195.246 152.589 55
    endloop
  endfacet
  facet normal 0.514496 0.857493 0
    outer loop
      vertex 195.111 152.67 55
      vertex 195.246 152.589 52
      vertex 195.111 152.67 52
    endloop
  endfacet
  facet normal 1 -0 0
    outer loop
      vertex 68 165 21.4
      vertex 68 167.3 18
      vertex 68 167.3 21.4
    endloop
  endfacet
  facet normal 1 0 0
    outer loop
      vertex 68 167.3 18
      vertex 68 165 21.4
      vertex 68 165 18
    endloop
  endfacet
  facet normal 0 0 -1
    outer loop
      vertex 68 165 21.4
      vertex 76 167.3 21.4
      vertex 76 165 21.4
    endloop
  endfacet
  facet normal -0 0 -1
    outer loop
      vertex 76 167.3 21.4
      vertex 68 165 21.4
      vertex 68 167.3 21.4
    endloop
  endfacet
  facet normal -1 0 0
    outer loop
      vertex 76 165 18
      vertex 76 167.3 21.4
      vertex 76 167.3 18
    endloop
  endfacet
  facet normal -1 -0 0
    outer loop
      vertex 76 167.3 21.4
      vertex 76 165 18
      vertex 76 165 21.4
    endloop
  endfacet
  facet normal 0 -1 0
    outer loop
      vertex 68 167.3 18
      vertex 76 167.3 21.4
      vertex 68 167.3 21.4
    endloop
  endfacet
  facet normal 0 -1 -0
    outer loop
      vertex 76 167.3 21.4
      vertex 68 167.3 18
      vertex 76 167.3 18
    endloop
  endfacet
  facet normal -0 0 1
    outer loop
      vertex 68 167.3 18
      vertex 76 165 18
      vertex 76 167.3 18
    endloop
  endfacet
  facet normal 0 0 1
    outer loop
      vertex 76 165 18
      vertex 68 167.3 18
      vertex 68 165 18
    endloop
  endfacet
  facet normal 1 -0 0
    outer loop
      vertex 68 165 33.4
      vertex 68 167.3 30
      vertex 68 167.3 33.4
    endloop
  endfacet
  facet normal 1 0 0
    outer loop
      vertex 68 167.3 30
      vertex 68 165 33.4
      vertex 68 165 30
    endloop
  endfacet
  facet normal 0 0 -1
    outer loop
      vertex 68 165 33.4
      vertex 76 167.3 33.4
      vertex 76 165 33.4
    endloop
  endfacet
  facet normal -0 0 -1
    outer loop
      vertex 76 167.3 33.4
      vertex 68 165 33.4
      vertex 68 167.3 33.4
    endloop
  endfacet
  facet normal -1 0 0
    outer loop
      vertex 76 165 30
      vertex 76 167.3 33.4
      vertex 76 167.3 30
    endloop
  endfacet
  facet normal -1 -0 0
    outer loop
      vertex 76 167.3 33.4
      vertex 76 165 30
      vertex 76 165 33.4
    endloop
  endfacet
  facet normal -0 0 1
    outer loop
      vertex 68 167.3 30
      vertex 76 165 30
      vertex 76 167.3 30
    endloop
  endfacet
  facet normal 0 0 1
    outer loop
      vertex 76 165 30
      vertex 68 167.3 30
      vertex 68 165 30
    endloop
  endfacet
  facet normal 0 -1 0
    outer loop
      vertex 68 167.3 30
      vertex 76 167.3 33.4
      vertex 68 167.3 33.4
    endloop
  endfacet
  facet normal 0 -1 -0
    outer loop
      vertex 76 167.3 33.4
      vertex 68 167.3 30
      vertex 76 167.3 30
    endloop
  endfacet
  facet normal 1 -0 0
    outer loop
      vertex 80 165 21.4
      vertex 80 167.3 18
      vertex 80 167.3 21.4
    endloop
  endfacet
  facet normal 1 0 0
    outer loop
      vertex 80 167.3 18
      vertex 80 165 21.4
      vertex 80 165 18
    endloop
  endfacet
  facet normal 0 0 -1
    outer loop
      vertex 80 165 21.4
      vertex 88 167.3 21.4
      vertex 88 165 21.4
    endloop
  endfacet
  facet normal -0 0 -1
    outer loop
      vertex 88 167.3 21.4
      vertex 80 165 21.4
      vertex 80 167.3 21.4
    endloop
  endfacet
  facet normal -1 0 0
    outer loop
      vertex 88 165 18
      vertex 88 167.3 21.4
      vertex 88 167.3 18
    endloop
  endfacet
  facet normal -1 -0 0
    outer loop
      vertex 88 167.3 21.4
      vertex 88 165 18
      vertex 88 165 21.4
    endloop
  endfacet
  facet normal 0 -1 0
    outer loop
      vertex 80 167.3 18
      vertex 88 167.3 21.4
      vertex 80 167.3 21.4
    endloop
  endfacet
  facet normal 0 -1 -0
    outer loop
      vertex 88 167.3 21.4
      vertex 80 167.3 18
      vertex 88 167.3 18
    endloop
  endfacet
  facet normal -0 0 1
    outer loop
      vertex 80 167.3 18
      vertex 88 165 18
      vertex 88 167.3 18
    endloop
  endfacet
  facet normal 0 0 1
    outer loop
      vertex 88 165 18
      vertex 80 167.3 18
      vertex 80 165 18
    endloop
  endfacet
  facet normal 1 -0 0
    outer loop
      vertex 80 165 33.4
      vertex 80 167.3 30
      vertex 80 167.3 33.4
    endloop
  endfacet
  facet normal 1 0 0
    outer loop
      vertex 80 167.3 30
      vertex 80 165 33.4
      vertex 80 165 30
    endloop
  endfacet
  facet normal 0 0 -1
    outer loop
      vertex 80 165 33.4
      vertex 88 167.3 33.4
      vertex 88 165 33.4
    endloop
  endfacet
  facet normal -0 0 -1
    outer loop
      vertex 88 167.3 33.4
      vertex 80 165 33.4
      vertex 80 167.3 33.4
    endloop
  endfacet
  facet normal -1 0 0
    outer loop
      vertex 88 165 30
      vertex 88 167.3 33.4
      vertex 88 167.3 30
    endloop
  endfacet
  facet normal -1 -0 0
    outer loop
      vertex 88 167.3 33.4
      vertex 88 165 30
      vertex 88 165 33.4
    endloop
  endfacet
  facet normal 0 -1 0
    outer loop
      vertex 80 167.3 30
      vertex 88 167.3 33.4
      vertex 80 167.3 33.4
    endloop
  endfacet
  facet normal 0 -1 -0
    outer loop
      vertex 88 167.3 33.4
      vertex 80 167.3 30
      vertex 88 167.3 30
    endloop
  endfacet
  facet normal -0 0 1
    outer loop
      vertex 80 167.3 30
      vertex 88 165 30
      vertex 88 167.3 30
    endloop
  endfacet
  facet normal 0 0 1
    outer loop
      vertex 88 165 30
      vertex 80 167.3 30
      vertex 80 165 30
    endloop
  endfacet
  facet normal 1 -0 0
    outer loop
      vertex 92 165 21.4
      vertex 92 167.3 18
      vertex 92 167.3 21.4
    endloop
  endfacet
  facet normal 1 0 0
    outer loop
      vertex 92 167.3 18
      vertex 92 165 21.4
      vertex 92 165 18
    endloop
  endfacet
  facet normal 0 0 -1
    outer loop
      vertex 92 165 21.4
      vertex 100 167.3 21.4
      vertex 100 165 21.4
    endloop
  endfacet
  facet normal -0 0 -1
    outer loop
      vertex 100 167.3 21.4
      vertex 92 165 21.4
      vertex 92 167.3 21.4
    endloop
  endfacet
  facet normal -1 0 0
    outer loop
      vertex 100 165 18
      vertex 100 167.3 21.4
      vertex 100 167.3 18
    endloop
  endfacet
  facet normal -1 -0 0
    outer loop
      vertex 100 167.3 21.4
      vertex 100 165 18
      vertex 100 165 21.4
    endloop
  endfacet
  facet normal 0 -1 0
    outer loop
      vertex 92 167.3 18
      vertex 100 167.3 21.4
      vertex 92 167.3 21.4
    endloop
  endfacet
  facet normal 0 -1 -0
    outer loop
      vertex 100 167.3 21.4
      vertex 92 167.3 18
      vertex 100 167.3 18
    endloop
  endfacet
  facet normal -0 0 1
    outer loop
      vertex 92 167.3 18
      vertex 100 165 18
      vertex 100 167.3 18
    endloop
  endfacet
  facet normal 0 0 1
    outer loop
      vertex 100 165 18
      vertex 92 167.3 18
      vertex 92 165 18
    endloop
  endfacet
  facet normal 1 -0 0
    outer loop
      vertex 92 165 33.4
      vertex 92 167.3 30
      vertex 92 167.3 33.4
    endloop
  endfacet
  facet normal 1 0 0
    outer loop
      vertex 92 167.3 30
      vertex 92 165 33.4
      vertex 92 165 30
    endloop
  endfacet
  facet normal 0 0 -1
    outer loop
      vertex 92 165 33.4
      vertex 100 167.3 33.4
      vertex 100 165 33.4
    endloop
  endfacet
  facet normal -0 0 -1
    outer loop
      vertex 100 167.3 33.4
      vertex 92 165 33.4
      vertex 92 167.3 33.4
    endloop
  endfacet
  facet normal -1 0 0
    outer loop
      vertex 100 165 30
      vertex 100 167.3 33.4
      vertex 100 167.3 30
    endloop
  endfacet
  facet normal -1 -0 0
    outer loop
      vertex 100 167.3 33.4
      vertex 100 165 30
      vertex 100 165 33.4
    endloop
  endfacet
  facet normal -0 0 1
    outer loop
      vertex 92 167.3 30
      vertex 100 165 30
      vertex 100 167.3 30
    endloop
  endfacet
  facet normal 0 0 1
    outer loop
      vertex 100 165 30
      vertex 92 167.3 30
      vertex 92 165 30
    endloop
  endfacet
  facet normal 0 -1 0
    outer loop
      vertex 92 167.3 30
      vertex 100 167.3 33.4
      vertex 92 167.3 33.4
    endloop
  endfacet
  facet normal 0 -1 -0
    outer loop
      vertex 100 167.3 33.4
      vertex 92 167.3 30
      vertex 100 167.3 30
    endloop
  endfacet
  facet normal 1 -0 0
    outer loop
      vertex 104 165 21.4
      vertex 104 167.3 18
      vertex 104 167.3 21.4
    endloop
  endfacet
  facet normal 1 0 0
    outer loop
      vertex 104 167.3 18
      vertex 104 165 21.4
      vertex 104 165 18
    endloop
  endfacet
  facet normal 0 0 -1
    outer loop
      vertex 104 165 21.4
      vertex 112 167.3 21.4
      vertex 112 165 21.4
    endloop
  endfacet
  facet normal -0 0 -1
    outer loop
      vertex 112 167.3 21.4
      vertex 104 165 21.4
      vertex 104 167.3 21.4
    endloop
  endfacet
  facet normal -1 0 0
    outer loop
      vertex 112 165 18
      vertex 112 167.3 21.4
      vertex 112 167.3 18
    endloop
  endfacet
  facet normal -1 -0 0
    outer loop
      vertex 112 167.3 21.4
      vertex 112 165 18
      vertex 112 165 21.4
    endloop
  endfacet
  facet normal 0 -1 0
    outer loop
      vertex 104 167.3 18
      vertex 112 167.3 21.4
      vertex 104 167.3 21.4
    endloop
  endfacet
  facet normal 0 -1 -0
    outer loop
      vertex 112 167.3 21.4
      vertex 104 167.3 18
      vertex 112 167.3 18
    endloop
  endfacet
  facet normal -0 0 1
    outer loop
      vertex 104 167.3 18
      vertex 112 165 18
      vertex 112 167.3 18
    endloop
  endfacet
  facet normal 0 0 1
    outer loop
      vertex 112 165 18
      vertex 104 167.3 18
      vertex 104 165 18
    endloop
  endfacet
  facet normal 1 -0 0
    outer loop
      vertex 104 165 33.4
      vertex 104 167.3 30
      vertex 104 167.3 33.4
    endloop
  endfacet
  facet normal 1 0 0
    outer loop
      vertex 104 167.3 30
      vertex 104 165 33.4
      vertex 104 165 30
    endloop
  endfacet
  facet normal 0 0 -1
    outer loop
      vertex 104 165 33.4
      vertex 112 167.3 33.4
      vertex 112 165 33.4
    endloop
  endfacet
  facet normal -0 0 -1
    outer loop
      vertex 112 167.3 33.4
      vertex 104 165 33.4
      vertex 104 167.3 33.4
    endloop
  endfacet
  facet normal -1 0 0
    outer loop
      vertex 112 165 30
      vertex 112 167.3 33.4
      vertex 112 167.3 30
    endloop
  endfacet
  facet normal -1 -0 0
    outer loop
      vertex 112 167.3 33.4
      vertex 112 165 30
      vertex 112 165 33.4
    endloop
  endfacet
  facet normal -0 0 1
    outer loop
      vertex 104 167.3 30
      vertex 112 165 30
      vertex 112 167.3 30
    endloop
  endfacet
  facet normal 0 0 1
    outer loop
      vertex 112 165 30
      vertex 104 167.3 30
      vertex 104 165 30
    endloop
  endfacet
  facet normal 0 -1 0
    outer loop
      vertex 104 167.3 30
      vertex 112 167.3 33.4
      vertex 104 167.3 33.4
    endloop
  endfacet
  facet normal 0 -1 -0
    outer loop
      vertex 112 167.3 33.4
      vertex 104 167.3 30
      vertex 112 167.3 30
    endloop
  endfacet
  facet normal 1 -0 0
    outer loop
      vertex 116 165 21.4
      vertex 116 167.3 18
      vertex 116 167.3 21.4
    endloop
  endfacet
  facet normal 1 0 0
    outer loop
      vertex 116 167.3 18
      vertex 116 165 21.4
      vertex 116 165 18
    endloop
  endfacet
  facet normal 0 0 -1
    outer loop
      vertex 116 165 21.4
      vertex 124 167.3 21.4
      vertex 124 165 21.4
    endloop
  endfacet
  facet normal -0 0 -1
    outer loop
      vertex 124 167.3 21.4
      vertex 116 165 21.4
      vertex 116 167.3 21.4
    endloop
  endfacet
  facet normal -1 0 0
    outer loop
      vertex 124 165 18
      vertex 124 167.3 21.4
      vertex 124 167.3 18
    endloop
  endfacet
  facet normal -1 -0 0
    outer loop
      vertex 124 167.3 21.4
      vertex 124 165 18
      vertex 124 165 21.4
    endloop
  endfacet
  facet normal 0 -1 0
    outer loop
      vertex 116 167.3 18
      vertex 124 167.3 21.4
      vertex 116 167.3 21.4
    endloop
  endfacet
  facet normal 0 -1 -0
    outer loop
      vertex 124 167.3 21.4
      vertex 116 167.3 18
      vertex 124 167.3 18
    endloop
  endfacet
  facet normal -0 0 1
    outer loop
      vertex 116 167.3 18
      vertex 124 165 18
      vertex 124 167.3 18
    endloop
  endfacet
  facet normal 0 0 1
    outer loop
      vertex 124 165 18
      vertex 116 167.3 18
      vertex 116 165 18
    endloop
  endfacet
  facet normal 1 -0 0
    outer loop
      vertex 116 165 33.4
      vertex 116 167.3 30
      vertex 116 167.3 33.4
    endloop
  endfacet
  facet normal 1 0 0
    outer loop
      vertex 116 167.3 30
      vertex 116 165 33.4
      vertex 116 165 30
    endloop
  endfacet
  facet normal 0 0 -1
    outer loop
      vertex 116 165 33.4
      vertex 124 167.3 33.4
      vertex 124 165 33.4
    endloop
  endfacet
  facet normal -0 0 -1
    outer loop
      vertex 124 167.3 33.4
      vertex 116 165 33.4
      vertex 116 167.3 33.4
    endloop
  endfacet
  facet normal -1 0 0
    outer loop
      vertex 124 165 30
      vertex 124 167.3 33.4
      vertex 124 167.3 30
    endloop
  endfacet
  facet normal -1 -0 0
    outer loop
      vertex 124 167.3 33.4
      vertex 124 165 30
      vertex 124 165 33.4
    endloop
  endfacet
  facet normal -0 0 1
    outer loop
      vertex 116 167.3 30
      vertex 124 165 30
      vertex 124 167.3 30
    endloop
  endfacet
  facet normal 0 0 1
    outer loop
      vertex 124 165 30
      vertex 116 167.3 30
      vertex 116 165 30
    endloop
  endfacet
  facet normal 0 -1 0
    outer loop
      vertex 116 167.3 30
      vertex 124 167.3 33.4
      vertex 116 167.3 33.4
    endloop
  endfacet
  facet normal 0 -1 -0
    outer loop
      vertex 124 167.3 33.4
      vertex 116 167.3 30
      vertex 124 167.3 30
    endloop
  endfacet
  facet normal 1 -0 0
    outer loop
      vertex 128 165 21.4
      vertex 128 167.3 18
      vertex 128 167.3 21.4
    endloop
  endfacet
  facet normal 1 0 0
    outer loop
      vertex 128 167.3 18
      vertex 128 165 21.4
      vertex 128 165 18
    endloop
  endfacet
  facet normal 0 0 -1
    outer loop
      vertex 128 165 21.4
      vertex 136 167.3 21.4
      vertex 136 165 21.4
    endloop
  endfacet
  facet normal -0 0 -1
    outer loop
      vertex 136 167.3 21.4
      vertex 128 165 21.4
      vertex 128 167.3 21.4
    endloop
  endfacet
  facet normal -1 0 0
    outer loop
      vertex 136 165 18
      vertex 136 167.3 21.4
      vertex 136 167.3 18
    endloop
  endfacet
  facet normal -1 -0 0
    outer loop
      vertex 136 167.3 21.4
      vertex 136 165 18
      vertex 136 165 21.4
    endloop
  endfacet
  facet normal 0 -1 0
    outer loop
      vertex 128 167.3 18
      vertex 136 167.3 21.4
      vertex 128 167.3 21.4
    endloop
  endfacet
  facet normal 0 -1 -0
    outer loop
      vertex 136 167.3 21.4
      vertex 128 167.3 18
      vertex 136 167.3 18
    endloop
  endfacet
  facet normal -0 0 1
    outer loop
      vertex 128 167.3 18
      vertex 136 165 18
      vertex 136 167.3 18
    endloop
  endfacet
  facet normal 0 0 1
    outer loop
      vertex 136 165 18
      vertex 128 167.3 18
      vertex 128 165 18
    endloop
  endfacet
  facet normal 1 -0 0
    outer loop
      vertex 128 165 33.4
      vertex 128 167.3 30
      vertex 128 167.3 33.4
    endloop
  endfacet
  facet normal 1 0 0
    outer loop
      vertex 128 167.3 30
      vertex 128 165 33.4
      vertex 128 165 30
    endloop
  endfacet
  facet normal 0 0 -1
    outer loop
      vertex 128 165 33.4
      vertex 136 167.3 33.4
      vertex 136 165 33.4
    endloop
  endfacet
  facet normal -0 0 -1
    outer loop
      vertex 136 167.3 33.4
      vertex 128 165 33.4
      vertex 128 167.3 33.4
    endloop
  endfacet
  facet normal -1 0 0
    outer loop
      vertex 136 165 30
      vertex 136 167.3 33.4
      vertex 136 167.3 30
    endloop
  endfacet
  facet normal -1 -0 0
    outer loop
      vertex 136 167.3 33.4
      vertex 136 165 30
      vertex 136 165 33.4
    endloop
  endfacet
  facet normal -0 0 1
    outer loop
      vertex 128 167.3 30
      vertex 136 165 30
      vertex 136 167.3 30
    endloop
  endfacet
  facet normal 0 0 1
    outer loop
      vertex 136 165 30
      vertex 128 167.3 30
      vertex 128 165 30
    endloop
  endfacet
  facet normal 0 -1 0
    outer loop
      vertex 128 167.3 30
      vertex 136 167.3 33.4
      vertex 128 167.3 33.4
    endloop
  endfacet
  facet normal 0 -1 -0
    outer loop
      vertex 136 167.3 33.4
      vertex 128 167.3 30
      vertex 136 167.3 30
    endloop
  endfacet
  facet normal 1 -0 0
    outer loop
      vertex 3 3 52
      vertex 3 165 0
      vertex 3 165 52
    endloop
  endfacet
  facet normal 1 0 0
    outer loop
      vertex 3 165 0
      vertex 3 3 52
      vertex 3 3 0
    endloop
  endfacet
  facet normal -0 0 -1
    outer loop
      vertex 91.9159 23.0564 52
      vertex 15.5311 14.4645 52
      vertex 91.9631 24.0374 52
    endloop
  endfacet
  facet normal 0 0 -1
    outer loop
      vertex 19.11 53.2 52
      vertex 15.5923 153.843 52
      vertex 15.6 154 52
    endloop
  endfacet
  facet normal 0 0 -1
    outer loop
      vertex 15.4782 14.6123 52
      vertex 91.9631 24.0374 52
      vertex 15.5311 14.4645 52
    endloop
  endfacet
  facet normal 0 0 -1
    outer loop
      vertex 19.11 53.2 52
      vertex 15.5693 153.688 52
      vertex 15.5923 153.843 52
    endloop
  endfacet
  facet normal -0 0 -1
    outer loop
      vertex 91.9631 24.0374 52
      vertex 15.4782 14.6123 52
      vertex 19.11 53.2 52
    endloop
  endfacet
  facet normal 0 0 -1
    outer loop
      vertex 19.11 53.2 52
      vertex 15.5311 153.536 52
      vertex 15.5693 153.688 52
    endloop
  endfacet
  facet normal 0 0 -1
    outer loop
      vertex 15.4111 14.7542 52
      vertex 19.11 53.2 52
      vertex 15.4782 14.6123 52
    endloop
  endfacet
  facet normal 0 0 -1
    outer loop
      vertex 19.11 53.2 52
      vertex 15.4782 153.388 52
      vertex 15.5311 153.536 52
    endloop
  endfacet
  facet normal 0 0 -1
    outer loop
      vertex 15.3304 14.8889 52
      vertex 19.11 53.2 52
      vertex 15.4111 14.7542 52
    endloop
  endfacet
  facet normal 0 0 -1
    outer loop
      vertex 19.11 53.2 52
      vertex 15.4111 153.246 52
      vertex 15.4782 153.388 52
    endloop
  endfacet
  facet normal 0 0 -1
    outer loop
      vertex 15.2368 15.015 52
      vertex 19.11 53.2 52
      vertex 15.3304 14.8889 52
    endloop
  endfacet
  facet normal 0 0 -1
    outer loop
      vertex 19.11 53.2 52
      vertex 15.3304 153.111 52
      vertex 15.4111 153.246 52
    endloop
  endfacet
  facet normal 0 0 -1
    outer loop
      vertex 15.1314 15.1314 52
      vertex 19.11 53.2 52
      vertex 15.2368 15.015 52
    endloop
  endfacet
  facet normal 0 0 -1
    outer loop
      vertex 19.11 53.2 52
      vertex 15.2368 152.985 52
      vertex 15.3304 153.111 52
    endloop
  endfacet
  facet normal 0 0 -1
    outer loop
      vertex 15.015 15.2368 52
      vertex 19.11 53.2 52
      vertex 15.1314 15.1314 52
    endloop
  endfacet
  facet normal 0 0 -1
    outer loop
      vertex 19.11 53.2 52
      vertex 15.1314 152.869 52
      vertex 15.2368 152.985 52
    endloop
  endfacet
  facet normal 0 0 -1
    outer loop
      vertex 14.8889 15.3304 52
      vertex 19.11 53.2 52
      vertex 15.015 15.2368 52
    endloop
  endfacet
  facet normal 0 0 -1
    outer loop
      vertex 19.11 53.2 52
      vertex 15.015 152.763 52
      vertex 15.1314 152.869 52
    endloop
  endfacet
  facet normal 0 0 -1
    outer loop
      vertex 14.7542 15.4111 52
      vertex 19.11 53.2 52
      vertex 14.8889 15.3304 52
    endloop
  endfacet
  facet normal 0 0 -1
    outer loop
      vertex 19.11 53.2 52
      vertex 14.8889 152.67 52
      vertex 15.015 152.763 52
    endloop
  endfacet
  facet normal 0 0 -1
    outer loop
      vertex 14.6123 15.4782 52
      vertex 19.11 53.2 52
      vertex 14.7542 15.4111 52
    endloop
  endfacet
  facet normal 0 0 -1
    outer loop
      vertex 19.11 53.2 52
      vertex 14.7542 152.589 52
      vertex 14.8889 152.67 52
    endloop
  endfacet
  facet normal 0 0 -1
    outer loop
      vertex 14.4645 15.5311 52
      vertex 19.11 53.2 52
      vertex 14.6123 15.4782 52
    endloop
  endfacet
  facet normal 0 0 -1
    outer loop
      vertex 19.11 53.2 52
      vertex 14.6123 152.522 52
      vertex 14.7542 152.589 52
    endloop
  endfacet
  facet normal 0 0 -1
    outer loop
      vertex 14.3121 15.5693 52
      vertex 19.11 53.2 52
      vertex 14.4645 15.5311 52
    endloop
  endfacet
  facet normal 0 0 -1
    outer loop
      vertex 19.11 53.2 52
      vertex 14.4645 152.469 52
      vertex 14.6123 152.522 52
    endloop
  endfacet
  facet normal 0 0 -1
    outer loop
      vertex 14.1568 15.5923 52
      vertex 19.11 53.2 52
      vertex 14.3121 15.5693 52
    endloop
  endfacet
  facet normal 0 0 -1
    outer loop
      vertex 19.11 53.2 52
      vertex 14.3121 152.431 52
      vertex 14.4645 152.469 52
    endloop
  endfacet
  facet normal 0 0 -1
    outer loop
      vertex 14 15.6 52
      vertex 19.11 53.2 52
      vertex 14.1568 15.5923 52
    endloop
  endfacet
  facet normal 0 0 -1
    outer loop
      vertex 19.11 53.2 52
      vertex 14.1568 152.408 52
      vertex 14.3121 152.431 52
    endloop
  endfacet
  facet normal 0 0 -1
    outer loop
      vertex 13.8432 15.5923 52
      vertex 19.11 53.2 52
      vertex 14 15.6 52
    endloop
  endfacet
  facet normal 0 0 -1
    outer loop
      vertex 19.11 53.2 52
      vertex 14 152.4 52
      vertex 14.1568 152.408 52
    endloop
  endfacet
  facet normal 0 0 -1
    outer loop
      vertex 13.6879 15.5693 52
      vertex 19.11 53.2 52
      vertex 13.8432 15.5923 52
    endloop
  endfacet
  facet normal 0 0 -1
    outer loop
      vertex 19.11 53.2 52
      vertex 13.8432 152.408 52
      vertex 14 152.4 52
    endloop
  endfacet
  facet normal 0 0 -1
    outer loop
      vertex 13.5355 15.5311 52
      vertex 19.11 53.2 52
      vertex 13.6879 15.5693 52
    endloop
  endfacet
  facet normal 0 0 -1
    outer loop
      vertex 19.11 53.2 52
      vertex 13.6879 152.431 52
      vertex 13.8432 152.408 52
    endloop
  endfacet
  facet normal 0 0 -1
    outer loop
      vertex 13.3877 15.4782 52
      vertex 19.11 53.2 52
      vertex 13.5355 15.5311 52
    endloop
  endfacet
  facet normal 0 0 -1
    outer loop
      vertex 19.11 53.2 52
      vertex 13.5355 152.469 52
      vertex 13.6879 152.431 52
    endloop
  endfacet
  facet normal 0 0 -1
    outer loop
      vertex 13.2458 15.4111 52
      vertex 19.11 53.2 52
      vertex 13.3877 15.4782 52
    endloop
  endfacet
  facet normal 0 0 -1
    outer loop
      vertex 19.11 53.2 52
      vertex 13.3877 152.522 52
      vertex 13.5355 152.469 52
    endloop
  endfacet
  facet normal 0 0 -1
    outer loop
      vertex 13.1111 15.3304 52
      vertex 19.11 53.2 52
      vertex 13.2458 15.4111 52
    endloop
  endfacet
  facet normal 0 0 -1
    outer loop
      vertex 19.11 53.2 52
      vertex 13.2458 152.589 52
      vertex 13.3877 152.522 52
    endloop
  endfacet
  facet normal 0 0 -1
    outer loop
      vertex 12.985 15.2368 52
      vertex 19.11 53.2 52
      vertex 13.1111 15.3304 52
    endloop
  endfacet
  facet normal 0 0 -1
    outer loop
      vertex 19.11 53.2 52
      vertex 13.1111 152.67 52
      vertex 13.2458 152.589 52
    endloop
  endfacet
  facet normal 0 0 -1
    outer loop
      vertex 12.8686 15.1314 52
      vertex 19.11 53.2 52
      vertex 12.985 15.2368 52
    endloop
  endfacet
  facet normal 0 0 -1
    outer loop
      vertex 19.11 53.2 52
      vertex 12.985 152.763 52
      vertex 13.1111 152.67 52
    endloop
  endfacet
  facet normal 0 0 -1
    outer loop
      vertex 12.7632 15.015 52
      vertex 19.11 53.2 52
      vertex 12.8686 15.1314 52
    endloop
  endfacet
  facet normal 0 0 -1
    outer loop
      vertex 19.11 53.2 52
      vertex 12.8686 152.869 52
      vertex 12.985 152.763 52
    endloop
  endfacet
  facet normal 0 0 -1
    outer loop
      vertex 12.6696 14.8889 52
      vertex 19.11 53.2 52
      vertex 12.7632 15.015 52
    endloop
  endfacet
  facet normal 0 0 -1
    outer loop
      vertex 19.11 53.2 52
      vertex 12.7632 152.985 52
      vertex 12.8686 152.869 52
    endloop
  endfacet
  facet normal 0 0 -1
    outer loop
      vertex 3 3 52
      vertex 19.11 53.2 52
      vertex 12.6696 14.8889 52
    endloop
  endfacet
  facet normal 0 0 -1
    outer loop
      vertex 19.11 53.2 52
      vertex 12.6696 153.111 52
      vertex 12.7632 152.985 52
    endloop
  endfacet
  facet normal 0 0 -1
    outer loop
      vertex 3 3 52
      vertex 12.6696 14.8889 52
      vertex 12.5889 14.7542 52
    endloop
  endfacet
  facet normal 0 0 -1
    outer loop
      vertex 3 165 52
      vertex 19.11 53.2 52
      vertex 3 3 52
    endloop
  endfacet
  facet normal 0 0 -1
    outer loop
      vertex 3 3 52
      vertex 12.5889 14.7542 52
      vertex 12.5218 14.6123 52
    endloop
  endfacet
  facet normal 0 0 -1
    outer loop
      vertex 19.11 53.2 52
      vertex 3 165 52
      vertex 12.6696 153.111 52
    endloop
  endfacet
  facet normal 0 0 -1
    outer loop
      vertex 3 3 52
      vertex 12.5218 14.6123 52
      vertex 12.4689 14.4645 52
    endloop
  endfacet
  facet normal 0 0 -1
    outer loop
      vertex 12.6696 153.111 52
      vertex 3 165 52
      vertex 12.5889 153.246 52
    endloop
  endfacet
  facet normal 0 0 -1
    outer loop
      vertex 3 3 52
      vertex 12.4689 14.4645 52
      vertex 12.4307 14.3121 52
    endloop
  endfacet
  facet normal 0 0 -1
    outer loop
      vertex 12.5889 153.246 52
      vertex 3 165 52
      vertex 12.5218 153.388 52
    endloop
  endfacet
  facet normal 0 0 -1
    outer loop
      vertex 3 3 52
      vertex 12.4307 14.3121 52
      vertex 12.4077 14.1568 52
    endloop
  endfacet
  facet normal 0 0 -1
    outer loop
      vertex 12.5218 153.388 52
      vertex 3 165 52
      vertex 12.4689 153.536 52
    endloop
  endfacet
  facet normal 0 0 -1
    outer loop
      vertex 3 3 52
      vertex 12.4077 14.1568 52
      vertex 12.4 14 52
    endloop
  endfacet
  facet normal 0 0 -1
    outer loop
      vertex 12.4689 153.536 52
      vertex 3 165 52
      vertex 12.4307 153.688 52
    endloop
  endfacet
  facet normal 0 0 -1
    outer loop
      vertex 197.531 14.4645 52
      vertex 207 3 52
      vertex 197.569 14.3121 52
    endloop
  endfacet
  facet normal 0 0 -1
    outer loop
      vertex 207 165 52
      vertex 197.592 153.843 52
      vertex 197.6 154 52
    endloop
  endfacet
  facet normal 0 0 -1
    outer loop
      vertex 197.478 14.6123 52
      vertex 207 3 52
      vertex 197.531 14.4645 52
    endloop
  endfacet
  facet normal 0 0 -1
    outer loop
      vertex 207 165 52
      vertex 197.569 153.688 52
      vertex 197.592 153.843 52
    endloop
  endfacet
  facet normal 0 0 -1
    outer loop
      vertex 207 3 52
      vertex 190.89 53.2 52
      vertex 207 165 52
    endloop
  endfacet
  facet normal 0 0 -1
    outer loop
      vertex 207 165 52
      vertex 197.531 153.536 52
      vertex 197.569 153.688 52
    endloop
  endfacet
  facet normal 0 0 -1
    outer loop
      vertex 197.411 14.7542 52
      vertex 207 3 52
      vertex 197.478 14.6123 52
    endloop
  endfacet
  facet normal 0 -0 -1
    outer loop
      vertex 197.33 153.111 52
      vertex 207 165 52
      vertex 190.89 53.2 52
    endloop
  endfacet
  facet normal 0 0 -1
    outer loop
      vertex 207 3 52
      vertex 197.411 14.7542 52
      vertex 190.89 53.2 52
    endloop
  endfacet
  facet normal 0 0 -1
    outer loop
      vertex 207 165 52
      vertex 197.478 153.388 52
      vertex 197.531 153.536 52
    endloop
  endfacet
  facet normal 0 0 -1
    outer loop
      vertex 190.89 53.2 52
      vertex 197.411 14.7542 52
      vertex 197.33 14.8889 52
    endloop
  endfacet
  facet normal 0 0 -1
    outer loop
      vertex 207 165 52
      vertex 197.411 153.246 52
      vertex 197.478 153.388 52
    endloop
  endfacet
  facet normal 0 0 -1
    outer loop
      vertex 190.89 53.2 52
      vertex 197.33 14.8889 52
      vertex 197.237 15.015 52
    endloop
  endfacet
  facet normal 0 0 -1
    outer loop
      vertex 207 165 52
      vertex 197.33 153.111 52
      vertex 197.411 153.246 52
    endloop
  endfacet
  facet normal 0 0 -1
    outer loop
      vertex 190.89 53.2 52
      vertex 197.237 15.015 52
      vertex 197.131 15.1314 52
    endloop
  endfacet
  facet normal 0 0 -1
    outer loop
      vertex 197.33 153.111 52
      vertex 190.89 53.2 52
      vertex 197.237 152.985 52
    endloop
  endfacet
  facet normal 0 0 -1
    outer loop
      vertex 190.89 53.2 52
      vertex 197.131 15.1314 52
      vertex 197.015 15.2368 52
    endloop
  endfacet
  facet normal 0 0 -1
    outer loop
      vertex 197.237 152.985 52
      vertex 190.89 53.2 52
      vertex 197.131 152.869 52
    endloop
  endfacet
  facet normal 0 0 -1
    outer loop
      vertex 190.89 53.2 52
      vertex 197.015 15.2368 52
      vertex 196.889 15.3304 52
    endloop
  endfacet
  facet normal 0 0 -1
    outer loop
      vertex 197.131 152.869 52
      vertex 190.89 53.2 52
      vertex 197.015 152.763 52
    endloop
  endfacet
  facet normal 0 0 -1
    outer loop
      vertex 190.89 53.2 52
      vertex 196.889 15.3304 52
      vertex 196.754 15.4111 52
    endloop
  endfacet
  facet normal 0 0 -1
    outer loop
      vertex 197.015 152.763 52
      vertex 190.89 53.2 52
      vertex 196.889 152.67 52
    endloop
  endfacet
  facet normal 0 0 -1
    outer loop
      vertex 190.89 53.2 52
      vertex 196.754 15.4111 52
      vertex 196.612 15.4782 52
    endloop
  endfacet
  facet normal 0 0 -1
    outer loop
      vertex 196.889 152.67 52
      vertex 190.89 53.2 52
      vertex 196.754 152.589 52
    endloop
  endfacet
  facet normal 0 0 -1
    outer loop
      vertex 190.89 53.2 52
      vertex 196.612 15.4782 52
      vertex 196.464 15.5311 52
    endloop
  endfacet
  facet normal 0 0 -1
    outer loop
      vertex 196.754 152.589 52
      vertex 190.89 53.2 52
      vertex 196.612 152.522 52
    endloop
  endfacet
  facet normal 0 0 -1
    outer loop
      vertex 190.89 53.2 52
      vertex 196.464 15.5311 52
      vertex 196.312 15.5693 52
    endloop
  endfacet
  facet normal 0 0 -1
    outer loop
      vertex 196.612 152.522 52
      vertex 190.89 53.2 52
      vertex 196.464 152.469 52
    endloop
  endfacet
  facet normal 0 0 -1
    outer loop
      vertex 190.89 53.2 52
      vertex 196.312 15.5693 52
      vertex 196.157 15.5923 52
    endloop
  endfacet
  facet normal 0 0 -1
    outer loop
      vertex 196.464 152.469 52
      vertex 190.89 53.2 52
      vertex 196.312 152.431 52
    endloop
  endfacet
  facet normal 0 0 -1
    outer loop
      vertex 190.89 53.2 52
      vertex 196.157 15.5923 52
      vertex 196 15.6 52
    endloop
  endfacet
  facet normal 0 0 -1
    outer loop
      vertex 196.312 152.431 52
      vertex 190.89 53.2 52
      vertex 196.157 152.408 52
    endloop
  endfacet
  facet normal 0 0 -1
    outer loop
      vertex 190.89 53.2 52
      vertex 196 15.6 52
      vertex 195.843 15.5923 52
    endloop
  endfacet
  facet normal 0 0 -1
    outer loop
      vertex 196.157 152.408 52
      vertex 190.89 53.2 52
      vertex 196 152.4 52
    endloop
  endfacet
  facet normal 0 0 -1
    outer loop
      vertex 190.89 53.2 52
      vertex 195.843 15.5923 52
      vertex 195.688 15.5693 52
    endloop
  endfacet
  facet normal -0 0 -1
    outer loop
      vertex 196 152.4 52
      vertex 190.89 53.2 52
      vertex 195.843 152.408 52
    endloop
  endfacet
  facet normal 0 0 -1
    outer loop
      vertex 190.89 53.2 52
      vertex 195.688 15.5693 52
      vertex 195.536 15.5311 52
    endloop
  endfacet
  facet normal -0 0 -1
    outer loop
      vertex 195.843 152.408 52
      vertex 190.89 53.2 52
      vertex 195.688 152.431 52
    endloop
  endfacet
  facet normal 0 0 -1
    outer loop
      vertex 190.89 53.2 52
      vertex 195.536 15.5311 52
      vertex 195.388 15.4782 52
    endloop
  endfacet
  facet normal -0 0 -1
    outer loop
      vertex 195.688 152.431 52
      vertex 190.89 53.2 52
      vertex 195.536 152.469 52
    endloop
  endfacet
  facet normal 0 0 -1
    outer loop
      vertex 190.89 53.2 52
      vertex 195.388 15.4782 52
      vertex 195.246 15.4111 52
    endloop
  endfacet
  facet normal -0 0 -1
    outer loop
      vertex 195.536 152.469 52
      vertex 190.89 53.2 52
      vertex 195.388 152.522 52
    endloop
  endfacet
  facet normal 0 0 -1
    outer loop
      vertex 190.89 53.2 52
      vertex 195.246 15.4111 52
      vertex 195.111 15.3304 52
    endloop
  endfacet
  facet normal -0 0 -1
    outer loop
      vertex 195.388 152.522 52
      vertex 190.89 53.2 52
      vertex 195.246 152.589 52
    endloop
  endfacet
  facet normal 0 0 -1
    outer loop
      vertex 190.89 53.2 52
      vertex 195.111 15.3304 52
      vertex 194.985 15.2368 52
    endloop
  endfacet
  facet normal -0 0 -1
    outer loop
      vertex 195.246 152.589 52
      vertex 190.89 53.2 52
      vertex 195.111 152.67 52
    endloop
  endfacet
  facet normal 0 0 -1
    outer loop
      vertex 190.89 53.2 52
      vertex 194.985 15.2368 52
      vertex 194.869 15.1314 52
    endloop
  endfacet
  facet normal -0 0 -1
    outer loop
      vertex 195.111 152.67 52
      vertex 190.89 53.2 52
      vertex 194.985 152.763 52
    endloop
  endfacet
  facet normal 0 0 -1
    outer loop
      vertex 190.89 53.2 52
      vertex 194.869 15.1314 52
      vertex 194.763 15.015 52
    endloop
  endfacet
  facet normal -0 0 -1
    outer loop
      vertex 194.985 152.763 52
      vertex 190.89 53.2 52
      vertex 194.869 152.869 52
    endloop
  endfacet
  facet normal 0 0 -1
    outer loop
      vertex 190.89 53.2 52
      vertex 194.763 15.015 52
      vertex 194.67 14.8889 52
    endloop
  endfacet
  facet normal -0 0 -1
    outer loop
      vertex 194.869 152.869 52
      vertex 190.89 53.2 52
      vertex 194.763 152.985 52
    endloop
  endfacet
  facet normal 0 0 -1
    outer loop
      vertex 190.89 53.2 52
      vertex 194.67 14.8889 52
      vertex 194.589 14.7542 52
    endloop
  endfacet
  facet normal -0 0 -1
    outer loop
      vertex 194.763 152.985 52
      vertex 190.89 53.2 52
      vertex 194.67 153.111 52
    endloop
  endfacet
  facet normal 0 0 -1
    outer loop
      vertex 190.89 53.2 52
      vertex 194.589 14.7542 52
      vertex 194.522 14.6123 52
    endloop
  endfacet
  facet normal -0 0 -1
    outer loop
      vertex 194.67 153.111 52
      vertex 190.89 53.2 52
      vertex 194.589 153.246 52
    endloop
  endfacet
  facet normal 0 0 -1
    outer loop
      vertex 118.037 24.0374 52
      vertex 194.522 14.6123 52
      vertex 194.469 14.4645 52
    endloop
  endfacet
  facet normal 0 0 -1
    outer loop
      vertex 190.89 159 52
      vertex 194.589 153.246 52
      vertex 190.89 53.2 52
    endloop
  endfacet
  facet normal 0 0 -1
    outer loop
      vertex 118.1 22.7247 52
      vertex 194.469 14.4645 52
      vertex 194.431 14.3121 52
    endloop
  endfacet
  facet normal 0 0 -1
    outer loop
      vertex 194.589 153.246 52
      vertex 190.89 159 52
      vertex 194.522 153.388 52
    endloop
  endfacet
  facet normal 0 0 -1
    outer loop
      vertex 118.054 21.7584 52
      vertex 194.431 14.3121 52
      vertex 194.408 14.1568 52
    endloop
  endfacet
  facet normal 0 0 -1
    outer loop
      vertex 194.522 153.388 52
      vertex 190.89 159 52
      vertex 194.469 153.536 52
    endloop
  endfacet
  facet normal 0 0 -1
    outer loop
      vertex 118.037 21.4119 52
      vertex 194.408 14.1568 52
      vertex 194.4 14 52
    endloop
  endfacet
  facet normal 0 0 -1
    outer loop
      vertex 194.469 153.536 52
      vertex 190.89 159 52
      vertex 194.431 153.688 52
    endloop
  endfacet
  facet normal 0 0 -1
    outer loop
      vertex 197.592 14.1568 52
      vertex 207 3 52
      vertex 197.6 14 52
    endloop
  endfacet
  facet normal 0 0 -1
    outer loop
      vertex 207 3 52
      vertex 197.592 13.8432 52
      vertex 197.6 14 52
    endloop
  endfacet
  facet normal 0 0 -1
    outer loop
      vertex 207 3 52
      vertex 197.569 13.6879 52
      vertex 197.592 13.8432 52
    endloop
  endfacet
  facet normal 0 0 -1
    outer loop
      vertex 207 3 52
      vertex 197.531 13.5355 52
      vertex 197.569 13.6879 52
    endloop
  endfacet
  facet normal 0 0 -1
    outer loop
      vertex 207 3 52
      vertex 197.478 13.3877 52
      vertex 197.531 13.5355 52
    endloop
  endfacet
  facet normal 0 0 -1
    outer loop
      vertex 207 3 52
      vertex 197.411 13.2458 52
      vertex 197.478 13.3877 52
    endloop
  endfacet
  facet normal 0 0 -1
    outer loop
      vertex 207 3 52
      vertex 197.33 13.1111 52
      vertex 197.411 13.2458 52
    endloop
  endfacet
  facet normal 0 0 -1
    outer loop
      vertex 207 3 52
      vertex 197.237 12.985 52
      vertex 197.33 13.1111 52
    endloop
  endfacet
  facet normal 0 0 -1
    outer loop
      vertex 207 3 52
      vertex 197.131 12.8686 52
      vertex 197.237 12.985 52
    endloop
  endfacet
  facet normal 0 0 -1
    outer loop
      vertex 207 3 52
      vertex 197.015 12.7632 52
      vertex 197.131 12.8686 52
    endloop
  endfacet
  facet normal 0 0 -1
    outer loop
      vertex 207 3 52
      vertex 196.889 12.6696 52
      vertex 197.015 12.7632 52
    endloop
  endfacet
  facet normal 0 0 -1
    outer loop
      vertex 207 3 52
      vertex 196.754 12.5889 52
      vertex 196.889 12.6696 52
    endloop
  endfacet
  facet normal 0 0 -1
    outer loop
      vertex 207 3 52
      vertex 196.612 12.5218 52
      vertex 196.754 12.5889 52
    endloop
  endfacet
  facet normal 0 0 -1
    outer loop
      vertex 207 3 52
      vertex 196.464 12.4689 52
      vertex 196.612 12.5218 52
    endloop
  endfacet
  facet normal 0 0 -1
    outer loop
      vertex 207 3 52
      vertex 196.312 12.4307 52
      vertex 196.464 12.4689 52
    endloop
  endfacet
  facet normal 0 0 -1
    outer loop
      vertex 207 3 52
      vertex 196.157 12.4077 52
      vertex 196.312 12.4307 52
    endloop
  endfacet
  facet normal 0 0 -1
    outer loop
      vertex 207 3 52
      vertex 196 12.4 52
      vertex 196.157 12.4077 52
    endloop
  endfacet
  facet normal 0 0 -1
    outer loop
      vertex 207 3 52
      vertex 195.843 12.4077 52
      vertex 196 12.4 52
    endloop
  endfacet
  facet normal 0 0 -1
    outer loop
      vertex 207 3 52
      vertex 195.688 12.4307 52
      vertex 195.843 12.4077 52
    endloop
  endfacet
  facet normal 0 0 -1
    outer loop
      vertex 207 3 52
      vertex 195.536 12.4689 52
      vertex 195.688 12.4307 52
    endloop
  endfacet
  facet normal 0 0 -1
    outer loop
      vertex 207 3 52
      vertex 195.388 12.5218 52
      vertex 195.536 12.4689 52
    endloop
  endfacet
  facet normal 0 0 -1
    outer loop
      vertex 207 3 52
      vertex 195.246 12.5889 52
      vertex 195.388 12.5218 52
    endloop
  endfacet
  facet normal 0 0 -1
    outer loop
      vertex 207 3 52
      vertex 195.111 12.6696 52
      vertex 195.246 12.5889 52
    endloop
  endfacet
  facet normal 0 0 -1
    outer loop
      vertex 112.278 11.5891 52
      vertex 195.111 12.6696 52
      vertex 207 3 52
    endloop
  endfacet
  facet normal 0 0 -1
    outer loop
      vertex 194.431 153.688 52
      vertex 190.89 159 52
      vertex 194.408 153.843 52
    endloop
  endfacet
  facet normal 0 0 -1
    outer loop
      vertex 117.848 20.1119 52
      vertex 194.4 14 52
      vertex 194.408 13.8432 52
    endloop
  endfacet
  facet normal 0 0 -1
    outer loop
      vertex 194.469 14.4645 52
      vertex 118.1 22.7247 52
      vertex 118.084 23.0564 52
    endloop
  endfacet
  facet normal 0 0 -1
    outer loop
      vertex 117.536 18.837 52
      vertex 194.408 13.8432 52
      vertex 194.431 13.6879 52
    endloop
  endfacet
  facet normal 0 0 -1
    outer loop
      vertex 117.103 17.5995 52
      vertex 194.431 13.6879 52
      vertex 194.469 13.5355 52
    endloop
  endfacet
  facet normal 0 0 -1
    outer loop
      vertex 117.103 17.5995 52
      vertex 194.469 13.5355 52
      vertex 194.522 13.3877 52
    endloop
  endfacet
  facet normal 0 0 -1
    outer loop
      vertex 116.553 16.4114 52
      vertex 194.522 13.3877 52
      vertex 194.589 13.2458 52
    endloop
  endfacet
  facet normal 0 0 -1
    outer loop
      vertex 115.892 15.2841 52
      vertex 194.589 13.2458 52
      vertex 194.67 13.1111 52
    endloop
  endfacet
  facet normal 0 0 -1
    outer loop
      vertex 115.126 14.2284 52
      vertex 194.67 13.1111 52
      vertex 194.763 12.985 52
    endloop
  endfacet
  facet normal 0 0 -1
    outer loop
      vertex 114.263 13.2546 52
      vertex 194.763 12.985 52
      vertex 194.869 12.8686 52
    endloop
  endfacet
  facet normal 0 0 -1
    outer loop
      vertex 113.311 12.372 52
      vertex 194.869 12.8686 52
      vertex 194.985 12.7632 52
    endloop
  endfacet
  facet normal 0 -0 -1
    outer loop
      vertex 112.639 11.8628 52
      vertex 195.111 12.6696 52
      vertex 112.278 11.5891 52
    endloop
  endfacet
  facet normal 0 0 -1
    outer loop
      vertex 194.431 14.3121 52
      vertex 118.054 21.7584 52
      vertex 118.1 22.7247 52
    endloop
  endfacet
  facet normal 0 0 -1
    outer loop
      vertex 194.408 14.1568 52
      vertex 118.037 21.4119 52
      vertex 118.054 21.7584 52
    endloop
  endfacet
  facet normal 0 0 -1
    outer loop
      vertex 194.4 14 52
      vertex 117.848 20.1119 52
      vertex 118.037 21.4119 52
    endloop
  endfacet
  facet normal 0 0 -1
    outer loop
      vertex 194.408 13.8432 52
      vertex 117.536 18.837 52
      vertex 117.848 20.1119 52
    endloop
  endfacet
  facet normal 0 0 -1
    outer loop
      vertex 194.431 13.6879 52
      vertex 117.409 18.4751 52
      vertex 117.536 18.837 52
    endloop
  endfacet
  facet normal 0 0 -1
    outer loop
      vertex 194.431 13.6879 52
      vertex 117.103 17.5995 52
      vertex 117.409 18.4751 52
    endloop
  endfacet
  facet normal 0 0 -1
    outer loop
      vertex 194.522 13.3877 52
      vertex 116.722 16.7763 52
      vertex 117.103 17.5995 52
    endloop
  endfacet
  facet normal 0 0 -1
    outer loop
      vertex 194.522 13.3877 52
      vertex 116.553 16.4114 52
      vertex 116.722 16.7763 52
    endloop
  endfacet
  facet normal 0 0 -1
    outer loop
      vertex 194.589 13.2458 52
      vertex 115.892 15.2841 52
      vertex 116.553 16.4114 52
    endloop
  endfacet
  facet normal 0 0 -1
    outer loop
      vertex 194.67 13.1111 52
      vertex 115.645 14.9431 52
      vertex 115.892 15.2841 52
    endloop
  endfacet
  facet normal 0 0 -1
    outer loop
      vertex 194.67 13.1111 52
      vertex 115.126 14.2284 52
      vertex 115.645 14.9431 52
    endloop
  endfacet
  facet normal 0 0 -1
    outer loop
      vertex 194.763 12.985 52
      vertex 114.263 13.2546 52
      vertex 115.126 14.2284 52
    endloop
  endfacet
  facet normal -0 0 -1
    outer loop
      vertex 194.869 12.8686 52
      vertex 113.311 12.372 52
      vertex 114.263 13.2546 52
    endloop
  endfacet
  facet normal 0 0 -1
    outer loop
      vertex 194.985 12.7632 52
      vertex 112.639 11.8628 52
      vertex 113.311 12.372 52
    endloop
  endfacet
  facet normal -0 0 -1
    outer loop
      vertex 195.111 12.6696 52
      vertex 112.639 11.8628 52
      vertex 194.985 12.7632 52
    endloop
  endfacet
  facet normal 0 0 -1
    outer loop
      vertex 207 3 52
      vertex 111.175 10.9134 52
      vertex 112.278 11.5891 52
    endloop
  endfacet
  facet normal 0 0 -1
    outer loop
      vertex 207 3 52
      vertex 110.757 10.7113 52
      vertex 111.175 10.9134 52
    endloop
  endfacet
  facet normal 0 0 -1
    outer loop
      vertex 207 3 52
      vertex 110.013 10.3515 52
      vertex 110.757 10.7113 52
    endloop
  endfacet
  facet normal 0 0 -1
    outer loop
      vertex 207 3 52
      vertex 108.803 9.90868 52
      vertex 110.013 10.3515 52
    endloop
  endfacet
  facet normal 0 0 -1
    outer loop
      vertex 207 3 52
      vertex 107.556 9.58933 52
      vertex 108.803 9.90868 52
    endloop
  endfacet
  facet normal 0 0 -1
    outer loop
      vertex 207 3 52
      vertex 106.284 9.39649 52
      vertex 107.556 9.58933 52
    endloop
  endfacet
  facet normal 0 0 -1
    outer loop
      vertex 207 3 52
      vertex 105 9.332 52
      vertex 106.284 9.39649 52
    endloop
  endfacet
  facet normal 0 0 -1
    outer loop
      vertex 3 3 52
      vertex 105 9.332 52
      vertex 207 3 52
    endloop
  endfacet
  facet normal 0 0 -1
    outer loop
      vertex 99.9868 10.3515 52
      vertex 98.8247 10.9134 52
      vertex 99.2427 10.7113 52
    endloop
  endfacet
  facet normal 0 0 -1
    outer loop
      vertex 15.5693 13.6879 52
      vertex 92.5907 18.4751 52
      vertex 92.8972 17.5995 52
    endloop
  endfacet
  facet normal -0 0 -1
    outer loop
      vertex 91.9631 21.4119 52
      vertex 15.5923 14.1568 52
      vertex 91.9464 21.7584 52
    endloop
  endfacet
  facet normal 0 0 -1
    outer loop
      vertex 15.5923 14.1568 52
      vertex 91.9631 21.4119 52
      vertex 15.6 14 52
    endloop
  endfacet
  facet normal 0 0 -1
    outer loop
      vertex 15.6 14 52
      vertex 91.9631 21.4119 52
      vertex 92.1517 20.1119 52
    endloop
  endfacet
  facet normal 0 0 -1
    outer loop
      vertex 15.5923 13.8432 52
      vertex 92.1517 20.1119 52
      vertex 92.4641 18.837 52
    endloop
  endfacet
  facet normal -0 0 -1
    outer loop
      vertex 92.5907 18.4751 52
      vertex 15.5693 13.6879 52
      vertex 92.4641 18.837 52
    endloop
  endfacet
  facet normal 0 0 -1
    outer loop
      vertex 15.5311 13.5355 52
      vertex 92.8972 17.5995 52
      vertex 93.278 16.7763 52
    endloop
  endfacet
  facet normal 0 0 -1
    outer loop
      vertex 15.5311 13.5355 52
      vertex 93.278 16.7763 52
      vertex 93.4468 16.4114 52
    endloop
  endfacet
  facet normal 0 0 -1
    outer loop
      vertex 15.4111 13.2458 52
      vertex 93.4468 16.4114 52
      vertex 94.1077 15.2841 52
    endloop
  endfacet
  facet normal 0 0 -1
    outer loop
      vertex 15.3304 13.1111 52
      vertex 94.1077 15.2841 52
      vertex 94.3551 14.9431 52
    endloop
  endfacet
  facet normal 0 0 -1
    outer loop
      vertex 15.3304 13.1111 52
      vertex 94.3551 14.9431 52
      vertex 94.8736 14.2284 52
    endloop
  endfacet
  facet normal 0 0 -1
    outer loop
      vertex 15.2368 12.985 52
      vertex 94.8736 14.2284 52
      vertex 95.7369 13.2546 52
    endloop
  endfacet
  facet normal 0 0 -1
    outer loop
      vertex 15.1314 12.8686 52
      vertex 95.7369 13.2546 52
      vertex 96.6894 12.372 52
    endloop
  endfacet
  facet normal 0 0 -1
    outer loop
      vertex 15.015 12.7632 52
      vertex 96.6894 12.372 52
      vertex 97.361 11.8628 52
    endloop
  endfacet
  facet normal 0 0 -1
    outer loop
      vertex 14.8889 12.6696 52
      vertex 97.361 11.8628 52
      vertex 97.722 11.5891 52
    endloop
  endfacet
  facet normal 0 0 -1
    outer loop
      vertex 3 3 52
      vertex 97.722 11.5891 52
      vertex 98.8247 10.9134 52
    endloop
  endfacet
  facet normal -0 0 -1
    outer loop
      vertex 91.9 22.7247 52
      vertex 15.5311 14.4645 52
      vertex 91.9159 23.0564 52
    endloop
  endfacet
  facet normal 0 0 -1
    outer loop
      vertex 15.5693 14.3121 52
      vertex 91.9464 21.7584 52
      vertex 15.5923 14.1568 52
    endloop
  endfacet
  facet normal 0 0 -1
    outer loop
      vertex 3 3 52
      vertex 98.8247 10.9134 52
      vertex 99.9868 10.3515 52
    endloop
  endfacet
  facet normal 0 0 -1
    outer loop
      vertex 3 3 52
      vertex 99.9868 10.3515 52
      vertex 101.197 9.90868 52
    endloop
  endfacet
  facet normal 0 0 -1
    outer loop
      vertex 3 3 52
      vertex 101.197 9.90868 52
      vertex 102.444 9.58933 52
    endloop
  endfacet
  facet normal 0 0 -1
    outer loop
      vertex 3 3 52
      vertex 102.444 9.58933 52
      vertex 103.716 9.39649 52
    endloop
  endfacet
  facet normal -0 0 -1
    outer loop
      vertex 105 9.332 52
      vertex 3 3 52
      vertex 103.716 9.39649 52
    endloop
  endfacet
  facet normal 0 0 -1
    outer loop
      vertex 92.1517 20.1119 52
      vertex 15.5923 13.8432 52
      vertex 15.6 14 52
    endloop
  endfacet
  facet normal 0 0 -1
    outer loop
      vertex 92.4641 18.837 52
      vertex 15.5693 13.6879 52
      vertex 15.5923 13.8432 52
    endloop
  endfacet
  facet normal 0 0 -1
    outer loop
      vertex 92.8972 17.5995 52
      vertex 15.5311 13.5355 52
      vertex 15.5693 13.6879 52
    endloop
  endfacet
  facet normal 0 0 -1
    outer loop
      vertex 93.4468 16.4114 52
      vertex 15.4782 13.3877 52
      vertex 15.5311 13.5355 52
    endloop
  endfacet
  facet normal 0 0 -1
    outer loop
      vertex 93.4468 16.4114 52
      vertex 15.4111 13.2458 52
      vertex 15.4782 13.3877 52
    endloop
  endfacet
  facet normal 0 0 -1
    outer loop
      vertex 94.1077 15.2841 52
      vertex 15.3304 13.1111 52
      vertex 15.4111 13.2458 52
    endloop
  endfacet
  facet normal 0 0 -1
    outer loop
      vertex 94.8736 14.2284 52
      vertex 15.2368 12.985 52
      vertex 15.3304 13.1111 52
    endloop
  endfacet
  facet normal 0 0 -1
    outer loop
      vertex 95.7369 13.2546 52
      vertex 15.1314 12.8686 52
      vertex 15.2368 12.985 52
    endloop
  endfacet
  facet normal 0 0 -1
    outer loop
      vertex 96.6894 12.372 52
      vertex 15.015 12.7632 52
      vertex 15.1314 12.8686 52
    endloop
  endfacet
  facet normal 0 0 -1
    outer loop
      vertex 97.361 11.8628 52
      vertex 14.8889 12.6696 52
      vertex 15.015 12.7632 52
    endloop
  endfacet
  facet normal -0 0 -1
    outer loop
      vertex 97.722 11.5891 52
      vertex 3 3 52
      vertex 14.8889 12.6696 52
    endloop
  endfacet
  facet normal 0 0 -1
    outer loop
      vertex 14.8889 12.6696 52
      vertex 3 3 52
      vertex 14.7542 12.5889 52
    endloop
  endfacet
  facet normal 0 0 -1
    outer loop
      vertex 14.7542 12.5889 52
      vertex 3 3 52
      vertex 14.6123 12.5218 52
    endloop
  endfacet
  facet normal 0 0 -1
    outer loop
      vertex 14.6123 12.5218 52
      vertex 3 3 52
      vertex 14.4645 12.4689 52
    endloop
  endfacet
  facet normal 0 0 -1
    outer loop
      vertex 14.4645 12.4689 52
      vertex 3 3 52
      vertex 14.3121 12.4307 52
    endloop
  endfacet
  facet normal 0 0 -1
    outer loop
      vertex 14.3121 12.4307 52
      vertex 3 3 52
      vertex 14.1568 12.4077 52
    endloop
  endfacet
  facet normal 0 0 -1
    outer loop
      vertex 12.4307 153.688 52
      vertex 3 165 52
      vertex 12.4077 153.843 52
    endloop
  endfacet
  facet normal -0 0 -1
    outer loop
      vertex 12.4077 13.8432 52
      vertex 3 3 52
      vertex 12.4 14 52
    endloop
  endfacet
  facet normal -0 0 -1
    outer loop
      vertex 12.4307 13.6879 52
      vertex 3 3 52
      vertex 12.4077 13.8432 52
    endloop
  endfacet
  facet normal -0 0 -1
    outer loop
      vertex 12.4689 13.5355 52
      vertex 3 3 52
      vertex 12.4307 13.6879 52
    endloop
  endfacet
  facet normal -0 0 -1
    outer loop
      vertex 12.5218 13.3877 52
      vertex 3 3 52
      vertex 12.4689 13.5355 52
    endloop
  endfacet
  facet normal -0 0 -1
    outer loop
      vertex 12.5889 13.2458 52
      vertex 3 3 52
      vertex 12.5218 13.3877 52
    endloop
  endfacet
  facet normal -0 0 -1
    outer loop
      vertex 12.6696 13.1111 52
      vertex 3 3 52
      vertex 12.5889 13.2458 52
    endloop
  endfacet
  facet normal -0 0 -1
    outer loop
      vertex 12.7632 12.985 52
      vertex 3 3 52
      vertex 12.6696 13.1111 52
    endloop
  endfacet
  facet normal -0 0 -1
    outer loop
      vertex 12.8686 12.8686 52
      vertex 3 3 52
      vertex 12.7632 12.985 52
    endloop
  endfacet
  facet normal -0 0 -1
    outer loop
      vertex 12.985 12.7632 52
      vertex 3 3 52
      vertex 12.8686 12.8686 52
    endloop
  endfacet
  facet normal -0 0 -1
    outer loop
      vertex 13.1111 12.6696 52
      vertex 3 3 52
      vertex 12.985 12.7632 52
    endloop
  endfacet
  facet normal -0 0 -1
    outer loop
      vertex 13.2458 12.5889 52
      vertex 3 3 52
      vertex 13.1111 12.6696 52
    endloop
  endfacet
  facet normal -0 0 -1
    outer loop
      vertex 13.3877 12.5218 52
      vertex 3 3 52
      vertex 13.2458 12.5889 52
    endloop
  endfacet
  facet normal -0 0 -1
    outer loop
      vertex 13.5355 12.4689 52
      vertex 3 3 52
      vertex 13.3877 12.5218 52
    endloop
  endfacet
  facet normal -0 0 -1
    outer loop
      vertex 13.6879 12.4307 52
      vertex 3 3 52
      vertex 13.5355 12.4689 52
    endloop
  endfacet
  facet normal -0 0 -1
    outer loop
      vertex 13.8432 12.4077 52
      vertex 3 3 52
      vertex 13.6879 12.4307 52
    endloop
  endfacet
  facet normal -0 0 -1
    outer loop
      vertex 14 12.4 52
      vertex 3 3 52
      vertex 13.8432 12.4077 52
    endloop
  endfacet
  facet normal 0 0 -1
    outer loop
      vertex 14.1568 12.4077 52
      vertex 3 3 52
      vertex 14 12.4 52
    endloop
  endfacet
  facet normal 0 0 -1
    outer loop
      vertex 197.569 14.3121 52
      vertex 207 3 52
      vertex 197.592 14.1568 52
    endloop
  endfacet
  facet normal 0 0 -1
    outer loop
      vertex 197.592 154.157 52
      vertex 207 165 52
      vertex 197.6 154 52
    endloop
  endfacet
  facet normal 0 0 -1
    outer loop
      vertex 197.569 154.312 52
      vertex 207 165 52
      vertex 197.592 154.157 52
    endloop
  endfacet
  facet normal 0 0 -1
    outer loop
      vertex 197.531 154.464 52
      vertex 207 165 52
      vertex 197.569 154.312 52
    endloop
  endfacet
  facet normal 0 0 -1
    outer loop
      vertex 197.478 154.612 52
      vertex 207 165 52
      vertex 197.531 154.464 52
    endloop
  endfacet
  facet normal 0 0 -1
    outer loop
      vertex 197.411 154.754 52
      vertex 207 165 52
      vertex 197.478 154.612 52
    endloop
  endfacet
  facet normal 0 0 -1
    outer loop
      vertex 197.33 154.889 52
      vertex 207 165 52
      vertex 197.411 154.754 52
    endloop
  endfacet
  facet normal 0 0 -1
    outer loop
      vertex 197.237 155.015 52
      vertex 207 165 52
      vertex 197.33 154.889 52
    endloop
  endfacet
  facet normal 0 0 -1
    outer loop
      vertex 197.131 155.131 52
      vertex 207 165 52
      vertex 197.237 155.015 52
    endloop
  endfacet
  facet normal 0 0 -1
    outer loop
      vertex 197.015 155.237 52
      vertex 207 165 52
      vertex 197.131 155.131 52
    endloop
  endfacet
  facet normal 0 0 -1
    outer loop
      vertex 196.889 155.33 52
      vertex 207 165 52
      vertex 197.015 155.237 52
    endloop
  endfacet
  facet normal 0 0 -1
    outer loop
      vertex 196.754 155.411 52
      vertex 207 165 52
      vertex 196.889 155.33 52
    endloop
  endfacet
  facet normal 0 0 -1
    outer loop
      vertex 196.612 155.478 52
      vertex 207 165 52
      vertex 196.754 155.411 52
    endloop
  endfacet
  facet normal 0 0 -1
    outer loop
      vertex 196.464 155.531 52
      vertex 207 165 52
      vertex 196.612 155.478 52
    endloop
  endfacet
  facet normal 0 0 -1
    outer loop
      vertex 196.312 155.569 52
      vertex 207 165 52
      vertex 196.464 155.531 52
    endloop
  endfacet
  facet normal 0 0 -1
    outer loop
      vertex 190.89 159 52
      vertex 196.312 155.569 52
      vertex 196.157 155.592 52
    endloop
  endfacet
  facet normal 0 0 -1
    outer loop
      vertex 190.89 159 52
      vertex 196.157 155.592 52
      vertex 196 155.6 52
    endloop
  endfacet
  facet normal 0 0 -1
    outer loop
      vertex 190.89 159 52
      vertex 196 155.6 52
      vertex 195.843 155.592 52
    endloop
  endfacet
  facet normal 0 0 -1
    outer loop
      vertex 190.89 159 52
      vertex 195.843 155.592 52
      vertex 195.688 155.569 52
    endloop
  endfacet
  facet normal 0 0 -1
    outer loop
      vertex 190.89 159 52
      vertex 195.688 155.569 52
      vertex 195.536 155.531 52
    endloop
  endfacet
  facet normal 0 0 -1
    outer loop
      vertex 190.89 159 52
      vertex 195.536 155.531 52
      vertex 195.388 155.478 52
    endloop
  endfacet
  facet normal 0 0 -1
    outer loop
      vertex 190.89 159 52
      vertex 195.388 155.478 52
      vertex 195.246 155.411 52
    endloop
  endfacet
  facet normal 0 0 -1
    outer loop
      vertex 190.89 159 52
      vertex 195.246 155.411 52
      vertex 195.111 155.33 52
    endloop
  endfacet
  facet normal 0 0 -1
    outer loop
      vertex 190.89 159 52
      vertex 195.111 155.33 52
      vertex 194.985 155.237 52
    endloop
  endfacet
  facet normal 0 0 -1
    outer loop
      vertex 194.408 153.843 52
      vertex 190.89 159 52
      vertex 194.4 154 52
    endloop
  endfacet
  facet normal 0 0 -1
    outer loop
      vertex 190.89 159 52
      vertex 194.408 154.157 52
      vertex 194.4 154 52
    endloop
  endfacet
  facet normal 0 0 -1
    outer loop
      vertex 190.89 159 52
      vertex 194.431 154.312 52
      vertex 194.408 154.157 52
    endloop
  endfacet
  facet normal 0 0 -1
    outer loop
      vertex 190.89 159 52
      vertex 194.469 154.464 52
      vertex 194.431 154.312 52
    endloop
  endfacet
  facet normal 0 0 -1
    outer loop
      vertex 190.89 159 52
      vertex 194.522 154.612 52
      vertex 194.469 154.464 52
    endloop
  endfacet
  facet normal 0 0 -1
    outer loop
      vertex 190.89 159 52
      vertex 194.589 154.754 52
      vertex 194.522 154.612 52
    endloop
  endfacet
  facet normal 0 0 -1
    outer loop
      vertex 190.89 159 52
      vertex 194.67 154.889 52
      vertex 194.589 154.754 52
    endloop
  endfacet
  facet normal 0 0 -1
    outer loop
      vertex 190.89 159 52
      vertex 194.763 155.015 52
      vertex 194.67 154.889 52
    endloop
  endfacet
  facet normal 0 0 -1
    outer loop
      vertex 190.89 159 52
      vertex 194.869 155.131 52
      vertex 194.763 155.015 52
    endloop
  endfacet
  facet normal 0 0 -1
    outer loop
      vertex 190.89 159 52
      vertex 194.985 155.237 52
      vertex 194.869 155.131 52
    endloop
  endfacet
  facet normal 0 0 -1
    outer loop
      vertex 196.312 155.569 52
      vertex 190.89 159 52
      vertex 207 165 52
    endloop
  endfacet
  facet normal 0 0 -1
    outer loop
      vertex 19.11 159 52
      vertex 207 165 52
      vertex 190.89 159 52
    endloop
  endfacet
  facet normal 0 0 -1
    outer loop
      vertex 19.11 53.2 52
      vertex 15.6 154 52
      vertex 19.11 159 52
    endloop
  endfacet
  facet normal 0 0 -1
    outer loop
      vertex 15.5923 154.157 52
      vertex 19.11 159 52
      vertex 15.6 154 52
    endloop
  endfacet
  facet normal 0 0 -1
    outer loop
      vertex 15.5693 154.312 52
      vertex 19.11 159 52
      vertex 15.5923 154.157 52
    endloop
  endfacet
  facet normal 0 0 -1
    outer loop
      vertex 15.5311 154.464 52
      vertex 19.11 159 52
      vertex 15.5693 154.312 52
    endloop
  endfacet
  facet normal 0 0 -1
    outer loop
      vertex 15.4782 154.612 52
      vertex 19.11 159 52
      vertex 15.5311 154.464 52
    endloop
  endfacet
  facet normal 0 0 -1
    outer loop
      vertex 15.4111 154.754 52
      vertex 19.11 159 52
      vertex 15.4782 154.612 52
    endloop
  endfacet
  facet normal 0 0 -1
    outer loop
      vertex 15.3304 154.889 52
      vertex 19.11 159 52
      vertex 15.4111 154.754 52
    endloop
  endfacet
  facet normal 0 0 -1
    outer loop
      vertex 15.2368 155.015 52
      vertex 19.11 159 52
      vertex 15.3304 154.889 52
    endloop
  endfacet
  facet normal 0 0 -1
    outer loop
      vertex 15.1314 155.131 52
      vertex 19.11 159 52
      vertex 15.2368 155.015 52
    endloop
  endfacet
  facet normal 0 0 -1
    outer loop
      vertex 15.015 155.237 52
      vertex 19.11 159 52
      vertex 15.1314 155.131 52
    endloop
  endfacet
  facet normal 0 0 -1
    outer loop
      vertex 14.8889 155.33 52
      vertex 19.11 159 52
      vertex 15.015 155.237 52
    endloop
  endfacet
  facet normal 0 0 -1
    outer loop
      vertex 14.7542 155.411 52
      vertex 19.11 159 52
      vertex 14.8889 155.33 52
    endloop
  endfacet
  facet normal 0 0 -1
    outer loop
      vertex 14.6123 155.478 52
      vertex 19.11 159 52
      vertex 14.7542 155.411 52
    endloop
  endfacet
  facet normal 0 0 -1
    outer loop
      vertex 14.4645 155.531 52
      vertex 19.11 159 52
      vertex 14.6123 155.478 52
    endloop
  endfacet
  facet normal 0 0 -1
    outer loop
      vertex 14.3121 155.569 52
      vertex 19.11 159 52
      vertex 14.4645 155.531 52
    endloop
  endfacet
  facet normal 0 0 -1
    outer loop
      vertex 14.1568 155.592 52
      vertex 19.11 159 52
      vertex 14.3121 155.569 52
    endloop
  endfacet
  facet normal 0 0 -1
    outer loop
      vertex 14 155.6 52
      vertex 19.11 159 52
      vertex 14.1568 155.592 52
    endloop
  endfacet
  facet normal 0 0 -1
    outer loop
      vertex 13.8432 155.592 52
      vertex 19.11 159 52
      vertex 14 155.6 52
    endloop
  endfacet
  facet normal 0 0 -1
    outer loop
      vertex 13.6879 155.569 52
      vertex 19.11 159 52
      vertex 13.8432 155.592 52
    endloop
  endfacet
  facet normal 0 0 -1
    outer loop
      vertex 3 165 52
      vertex 13.6879 155.569 52
      vertex 13.5355 155.531 52
    endloop
  endfacet
  facet normal 0 0 -1
    outer loop
      vertex 3 165 52
      vertex 13.5355 155.531 52
      vertex 13.3877 155.478 52
    endloop
  endfacet
  facet normal 0 0 -1
    outer loop
      vertex 3 165 52
      vertex 13.3877 155.478 52
      vertex 13.2458 155.411 52
    endloop
  endfacet
  facet normal 0 0 -1
    outer loop
      vertex 3 165 52
      vertex 13.2458 155.411 52
      vertex 13.1111 155.33 52
    endloop
  endfacet
  facet normal 0 0 -1
    outer loop
      vertex 12.4077 153.843 52
      vertex 3 165 52
      vertex 12.4 154 52
    endloop
  endfacet
  facet normal 0 0 -1
    outer loop
      vertex 19.11 159 52
      vertex 3 165 52
      vertex 207 165 52
    endloop
  endfacet
  facet normal 0 0 -1
    outer loop
      vertex 13.6879 155.569 52
      vertex 3 165 52
      vertex 19.11 159 52
    endloop
  endfacet
  facet normal 0 0 -1
    outer loop
      vertex 12.985 155.237 52
      vertex 3 165 52
      vertex 13.1111 155.33 52
    endloop
  endfacet
  facet normal 0 0 -1
    outer loop
      vertex 12.8686 155.131 52
      vertex 3 165 52
      vertex 12.985 155.237 52
    endloop
  endfacet
  facet normal 0 0 -1
    outer loop
      vertex 12.7632 155.015 52
      vertex 3 165 52
      vertex 12.8686 155.131 52
    endloop
  endfacet
  facet normal 0 0 -1
    outer loop
      vertex 12.6696 154.889 52
      vertex 3 165 52
      vertex 12.7632 155.015 52
    endloop
  endfacet
  facet normal 0 0 -1
    outer loop
      vertex 12.5889 154.754 52
      vertex 3 165 52
      vertex 12.6696 154.889 52
    endloop
  endfacet
  facet normal 0 0 -1
    outer loop
      vertex 12.5218 154.612 52
      vertex 3 165 52
      vertex 12.5889 154.754 52
    endloop
  endfacet
  facet normal 0 0 -1
    outer loop
      vertex 12.4689 154.464 52
      vertex 3 165 52
      vertex 12.5218 154.612 52
    endloop
  endfacet
  facet normal 0 0 -1
    outer loop
      vertex 12.4307 154.312 52
      vertex 3 165 52
      vertex 12.4689 154.464 52
    endloop
  endfacet
  facet normal 0 0 -1
    outer loop
      vertex 12.4077 154.157 52
      vertex 3 165 52
      vertex 12.4307 154.312 52
    endloop
  endfacet
  facet normal 0 0 -1
    outer loop
      vertex 12.4 154 52
      vertex 3 165 52
      vertex 12.4077 154.157 52
    endloop
  endfacet
  facet normal 0 0 -1
    outer loop
      vertex 194.469 14.4645 52
      vertex 118.084 23.0564 52
      vertex 118.037 24.0374 52
    endloop
  endfacet
  facet normal 0 0 -1
    outer loop
      vertex 194.522 14.6123 52
      vertex 118.037 24.0374 52
      vertex 190.89 53.2 52
    endloop
  endfacet
  facet normal 0 0 -1
    outer loop
      vertex 117.893 25.0311 52
      vertex 190.89 53.2 52
      vertex 118.037 24.0374 52
    endloop
  endfacet
  facet normal 0 0 -1
    outer loop
      vertex 117.848 25.3374 52
      vertex 190.89 53.2 52
      vertex 117.893 25.0311 52
    endloop
  endfacet
  facet normal 0 0 -1
    outer loop
      vertex 117.536 26.6123 52
      vertex 190.89 53.2 52
      vertex 117.848 25.3374 52
    endloop
  endfacet
  facet normal 0 0 -1
    outer loop
      vertex 117.103 27.8498 52
      vertex 190.89 53.2 52
      vertex 117.536 26.6123 52
    endloop
  endfacet
  facet normal 0 0 -1
    outer loop
      vertex 116.553 29.0379 52
      vertex 190.89 53.2 52
      vertex 117.103 27.8498 52
    endloop
  endfacet
  facet normal 0 0 -1
    outer loop
      vertex 115.892 30.1652 52
      vertex 190.89 53.2 52
      vertex 116.553 29.0379 52
    endloop
  endfacet
  facet normal 0 0 -1
    outer loop
      vertex 115.126 31.2209 52
      vertex 190.89 53.2 52
      vertex 115.892 30.1652 52
    endloop
  endfacet
  facet normal 0 0 -1
    outer loop
      vertex 114.263 32.1947 52
      vertex 190.89 53.2 52
      vertex 115.126 31.2209 52
    endloop
  endfacet
  facet normal 0 0 -1
    outer loop
      vertex 114.099 32.3467 52
      vertex 190.89 53.2 52
      vertex 114.263 32.1947 52
    endloop
  endfacet
  facet normal 0 0 -1
    outer loop
      vertex 113.311 33.0773 52
      vertex 190.89 53.2 52
      vertex 114.099 32.3467 52
    endloop
  endfacet
  facet normal 0 0 -1
    outer loop
      vertex 112.443 33.7348 52
      vertex 190.89 53.2 52
      vertex 113.311 33.0773 52
    endloop
  endfacet
  facet normal 0 0 -1
    outer loop
      vertex 112.278 33.8603 52
      vertex 190.89 53.2 52
      vertex 112.443 33.7348 52
    endloop
  endfacet
  facet normal 0 0 -1
    outer loop
      vertex 111.175 34.5359 52
      vertex 190.89 53.2 52
      vertex 112.278 33.8603 52
    endloop
  endfacet
  facet normal 0 0 -1
    outer loop
      vertex 110.998 34.6216 52
      vertex 190.89 53.2 52
      vertex 111.175 34.5359 52
    endloop
  endfacet
  facet normal 0 0 -1
    outer loop
      vertex 110.013 35.0979 52
      vertex 190.89 53.2 52
      vertex 110.998 34.6216 52
    endloop
  endfacet
  facet normal 0 0 -1
    outer loop
      vertex 108.803 35.5406 52
      vertex 190.89 53.2 52
      vertex 110.013 35.0979 52
    endloop
  endfacet
  facet normal 0 0 -1
    outer loop
      vertex 107.733 35.8146 52
      vertex 190.89 53.2 52
      vertex 108.803 35.5406 52
    endloop
  endfacet
  facet normal 0 0 -1
    outer loop
      vertex 107.556 35.86 52
      vertex 190.89 53.2 52
      vertex 107.733 35.8146 52
    endloop
  endfacet
  facet normal 0 0 -1
    outer loop
      vertex 107.376 35.8873 52
      vertex 190.89 53.2 52
      vertex 107.556 35.86 52
    endloop
  endfacet
  facet normal 0 0 -1
    outer loop
      vertex 106.284 36.0528 52
      vertex 190.89 53.2 52
      vertex 107.376 35.8873 52
    endloop
  endfacet
  facet normal 0 0 -1
    outer loop
      vertex 105 36.1173 52
      vertex 190.89 53.2 52
      vertex 106.284 36.0528 52
    endloop
  endfacet
  facet normal 0 0 -1
    outer loop
      vertex 19.11 53.2 52
      vertex 105 36.1173 52
      vertex 103.716 36.0528 52
    endloop
  endfacet
  facet normal 0 0 -1
    outer loop
      vertex 19.11 53.2 52
      vertex 103.716 36.0528 52
      vertex 102.624 35.8873 52
    endloop
  endfacet
  facet normal 0 0 -1
    outer loop
      vertex 19.11 53.2 52
      vertex 102.624 35.8873 52
      vertex 102.444 35.86 52
    endloop
  endfacet
  facet normal 0 0 -1
    outer loop
      vertex 98.8247 34.5359 52
      vertex 99.9868 35.0979 52
      vertex 99.002 34.6216 52
    endloop
  endfacet
  facet normal 0 0 -1
    outer loop
      vertex 19.11 53.2 52
      vertex 92.1073 25.0311 52
      vertex 91.9631 24.0374 52
    endloop
  endfacet
  facet normal 0 0 -1
    outer loop
      vertex 105 36.1173 52
      vertex 19.11 53.2 52
      vertex 190.89 53.2 52
    endloop
  endfacet
  facet normal 0 0 -1
    outer loop
      vertex 102.267 35.8146 52
      vertex 19.11 53.2 52
      vertex 102.444 35.86 52
    endloop
  endfacet
  facet normal 0 0 -1
    outer loop
      vertex 101.197 35.5406 52
      vertex 19.11 53.2 52
      vertex 102.267 35.8146 52
    endloop
  endfacet
  facet normal 0 0 -1
    outer loop
      vertex 99.9868 35.0979 52
      vertex 19.11 53.2 52
      vertex 101.197 35.5406 52
    endloop
  endfacet
  facet normal 0 0 -1
    outer loop
      vertex 98.8247 34.5359 52
      vertex 19.11 53.2 52
      vertex 99.9868 35.0979 52
    endloop
  endfacet
  facet normal 0 0 -1
    outer loop
      vertex 97.722 33.8603 52
      vertex 19.11 53.2 52
      vertex 98.8247 34.5359 52
    endloop
  endfacet
  facet normal 0 0 -1
    outer loop
      vertex 97.5566 33.7348 52
      vertex 19.11 53.2 52
      vertex 97.722 33.8603 52
    endloop
  endfacet
  facet normal 0 0 -1
    outer loop
      vertex 96.6894 33.0773 52
      vertex 19.11 53.2 52
      vertex 97.5566 33.7348 52
    endloop
  endfacet
  facet normal 0 0 -1
    outer loop
      vertex 95.901 32.3467 52
      vertex 19.11 53.2 52
      vertex 96.6894 33.0773 52
    endloop
  endfacet
  facet normal 0 0 -1
    outer loop
      vertex 95.7369 32.1947 52
      vertex 19.11 53.2 52
      vertex 95.901 32.3467 52
    endloop
  endfacet
  facet normal 0 0 -1
    outer loop
      vertex 94.8736 31.2209 52
      vertex 19.11 53.2 52
      vertex 95.7369 32.1947 52
    endloop
  endfacet
  facet normal 0 0 -1
    outer loop
      vertex 94.1077 30.1652 52
      vertex 19.11 53.2 52
      vertex 94.8736 31.2209 52
    endloop
  endfacet
  facet normal 0 0 -1
    outer loop
      vertex 93.4468 29.0379 52
      vertex 19.11 53.2 52
      vertex 94.1077 30.1652 52
    endloop
  endfacet
  facet normal 0 0 -1
    outer loop
      vertex 92.8972 27.8498 52
      vertex 19.11 53.2 52
      vertex 93.4468 29.0379 52
    endloop
  endfacet
  facet normal 0 0 -1
    outer loop
      vertex 92.4641 26.6123 52
      vertex 19.11 53.2 52
      vertex 92.8972 27.8498 52
    endloop
  endfacet
  facet normal 0 0 -1
    outer loop
      vertex 92.1517 25.3374 52
      vertex 19.11 53.2 52
      vertex 92.4641 26.6123 52
    endloop
  endfacet
  facet normal 0 0 -1
    outer loop
      vertex 92.1073 25.0311 52
      vertex 19.11 53.2 52
      vertex 92.1517 25.3374 52
    endloop
  endfacet
  facet normal 0 0 -1
    outer loop
      vertex 15.5311 14.4645 52
      vertex 91.9 22.7247 52
      vertex 15.5693 14.3121 52
    endloop
  endfacet
  facet normal -0 0 -1
    outer loop
      vertex 91.9464 21.7584 52
      vertex 15.5693 14.3121 52
      vertex 91.9 22.7247 52
    endloop
  endfacet
  facet normal -1 0 0
    outer loop
      vertex 207 78 28
      vertex 207 165 0
      vertex 207 78 12
    endloop
  endfacet
  facet normal -1 0 0
    outer loop
      vertex 207 3 0
      vertex 207 78 12
      vertex 207 165 0
    endloop
  endfacet
  facet normal -1 -0 0
    outer loop
      vertex 207 42 12
      vertex 207 3 0
      vertex 207 42 28
    endloop
  endfacet
  facet normal -1 -0 0
    outer loop
      vertex 207 78 12
      vertex 207 3 0
      vertex 207 42 12
    endloop
  endfacet
  facet normal -1 0 0
    outer loop
      vertex 207 165 0
      vertex 207 78 28
      vertex 207 165 52
    endloop
  endfacet
  facet normal -1 0 0
    outer loop
      vertex 207 3 52
      vertex 207 78 28
      vertex 207 42 28
    endloop
  endfacet
  facet normal -1 0 0
    outer loop
      vertex 207 78 28
      vertex 207 3 52
      vertex 207 165 52
    endloop
  endfacet
  facet normal -1 0 0
    outer loop
      vertex 207 3 52
      vertex 207 42 28
      vertex 207 3 0
    endloop
  endfacet
  facet normal 0 -1 0
    outer loop
      vertex 124 165 18
      vertex 128 165 21.4
      vertex 124 165 21.4
    endloop
  endfacet
  facet normal 0 -1 -0
    outer loop
      vertex 128 165 21.4
      vertex 124 165 18
      vertex 128 165 18
    endloop
  endfacet
  facet normal 0 -1 0
    outer loop
      vertex 112 165 18
      vertex 116 165 21.4
      vertex 112 165 21.4
    endloop
  endfacet
  facet normal 0 -1 -0
    outer loop
      vertex 116 165 21.4
      vertex 112 165 18
      vertex 116 165 18
    endloop
  endfacet
  facet normal 0 -1 0
    outer loop
      vertex 100 165 18
      vertex 104 165 21.4
      vertex 100 165 21.4
    endloop
  endfacet
  facet normal 0 -1 -0
    outer loop
      vertex 104 165 21.4
      vertex 100 165 18
      vertex 104 165 18
    endloop
  endfacet
  facet normal 0 -1 0
    outer loop
      vertex 88 165 18
      vertex 92 165 21.4
      vertex 88 165 21.4
    endloop
  endfacet
  facet normal 0 -1 -0
    outer loop
      vertex 92 165 21.4
      vertex 88 165 18
      vertex 92 165 18
    endloop
  endfacet
  facet normal 0 -1 0
    outer loop
      vertex 76 165 18
      vertex 80 165 21.4
      vertex 76 165 21.4
    endloop
  endfacet
  facet normal 0 -1 -0
    outer loop
      vertex 80 165 21.4
      vertex 76 165 18
      vertex 80 165 18
    endloop
  endfacet
  facet normal 0 -1 0
    outer loop
      vertex 124 165 30
      vertex 128 165 33.4
      vertex 124 165 33.4
    endloop
  endfacet
  facet normal 0 -1 -0
    outer loop
      vertex 128 165 33.4
      vertex 124 165 30
      vertex 128 165 30
    endloop
  endfacet
  facet normal 0 -1 0
    outer loop
      vertex 112 165 30
      vertex 116 165 33.4
      vertex 112 165 33.4
    endloop
  endfacet
  facet normal 0 -1 -0
    outer loop
      vertex 116 165 33.4
      vertex 112 165 30
      vertex 116 165 30
    endloop
  endfacet
  facet normal 0 -1 0
    outer loop
      vertex 100 165 30
      vertex 104 165 33.4
      vertex 100 165 33.4
    endloop
  endfacet
  facet normal 0 -1 -0
    outer loop
      vertex 104 165 33.4
      vertex 100 165 30
      vertex 104 165 30
    endloop
  endfacet
  facet normal 0 -1 0
    outer loop
      vertex 88 165 30
      vertex 92 165 33.4
      vertex 88 165 33.4
    endloop
  endfacet
  facet normal 0 -1 -0
    outer loop
      vertex 92 165 33.4
      vertex 88 165 30
      vertex 92 165 30
    endloop
  endfacet
  facet normal 0 -1 0
    outer loop
      vertex 76 165 30
      vertex 80 165 33.4
      vertex 76 165 33.4
    endloop
  endfacet
  facet normal 0 -1 -0
    outer loop
      vertex 80 165 33.4
      vertex 76 165 30
      vertex 80 165 30
    endloop
  endfacet
  facet normal 0 -1 0
    outer loop
      vertex 76 165 33.4
      vertex 3 165 52
      vertex 68 165 33.4
    endloop
  endfacet
  facet normal 0 -1 0
    outer loop
      vertex 3 165 52
      vertex 68 165 30
      vertex 68 165 33.4
    endloop
  endfacet
  facet normal 0 -1 0
    outer loop
      vertex 76 165 21.4
      vertex 76 165 30
      vertex 68 165 30
    endloop
  endfacet
  facet normal 0 -1 0
    outer loop
      vertex 76 165 30
      vertex 76 165 21.4
      vertex 80 165 30
    endloop
  endfacet
  facet normal 0 -1 0
    outer loop
      vertex 80 165 30
      vertex 80 165 21.4
      vertex 88 165 30
    endloop
  endfacet
  facet normal 0 -1 0
    outer loop
      vertex 88 165 21.4
      vertex 88 165 30
      vertex 80 165 21.4
    endloop
  endfacet
  facet normal 0 -1 0
    outer loop
      vertex 92 165 21.4
      vertex 92 165 30
      vertex 88 165 21.4
    endloop
  endfacet
  facet normal 0 -1 0
    outer loop
      vertex 92 165 30
      vertex 92 165 21.4
      vertex 100 165 30
    endloop
  endfacet
  facet normal 0 -1 0
    outer loop
      vertex 100 165 30
      vertex 100 165 21.4
      vertex 104 165 30
    endloop
  endfacet
  facet normal 0 -1 0
    outer loop
      vertex 104 165 21.4
      vertex 104 165 30
      vertex 100 165 21.4
    endloop
  endfacet
  facet normal 0 -1 0
    outer loop
      vertex 112 165 21.4
      vertex 112 165 30
      vertex 104 165 21.4
    endloop
  endfacet
  facet normal 0 -1 0
    outer loop
      vertex 112 165 30
      vertex 112 165 21.4
      vertex 116 165 30
    endloop
  endfacet
  facet normal 0 -1 0
    outer loop
      vertex 76 165 21.4
      vertex 68 165 30
      vertex 68 165 21.4
    endloop
  endfacet
  facet normal 0 -1 0
    outer loop
      vertex 3 165 52
      vertex 68 165 21.4
      vertex 68 165 30
    endloop
  endfacet
  facet normal 0 -1 0
    outer loop
      vertex 3 165 0
      vertex 68 165 21.4
      vertex 3 165 52
    endloop
  endfacet
  facet normal 0 -1 0
    outer loop
      vertex 3 165 0
      vertex 76 165 18
      vertex 68 165 18
    endloop
  endfacet
  facet normal 0 -1 -0
    outer loop
      vertex 76 165 18
      vertex 3 165 0
      vertex 80 165 18
    endloop
  endfacet
  facet normal 0 -1 -0
    outer loop
      vertex 80 165 18
      vertex 3 165 0
      vertex 88 165 18
    endloop
  endfacet
  facet normal 0 -1 -0
    outer loop
      vertex 88 165 18
      vertex 3 165 0
      vertex 92 165 18
    endloop
  endfacet
  facet normal 0 -1 -0
    outer loop
      vertex 92 165 18
      vertex 3 165 0
      vertex 100 165 18
    endloop
  endfacet
  facet normal 0 -1 -0
    outer loop
      vertex 100 165 18
      vertex 3 165 0
      vertex 104 165 18
    endloop
  endfacet
  facet normal 0 -1 0
    outer loop
      vertex 207 165 0
      vertex 104 165 18
      vertex 3 165 0
    endloop
  endfacet
  facet normal 0 -1 0
    outer loop
      vertex 104 165 18
      vertex 207 165 0
      vertex 112 165 18
    endloop
  endfacet
  facet normal 0 -1 0
    outer loop
      vertex 112 165 18
      vertex 207 165 0
      vertex 116 165 18
    endloop
  endfacet
  facet normal 0 -1 0
    outer loop
      vertex 116 165 18
      vertex 207 165 0
      vertex 124 165 18
    endloop
  endfacet
  facet normal 0 -1 0
    outer loop
      vertex 124 165 18
      vertex 207 165 0
      vertex 128 165 18
    endloop
  endfacet
  facet normal 0 -1 -0
    outer loop
      vertex 68 165 21.4
      vertex 3 165 0
      vertex 68 165 18
    endloop
  endfacet
  facet normal 0 -1 0
    outer loop
      vertex 80 165 33.4
      vertex 3 165 52
      vertex 76 165 33.4
    endloop
  endfacet
  facet normal 0 -1 0
    outer loop
      vertex 88 165 33.4
      vertex 3 165 52
      vertex 80 165 33.4
    endloop
  endfacet
  facet normal 0 -1 0
    outer loop
      vertex 92 165 33.4
      vertex 3 165 52
      vertex 88 165 33.4
    endloop
  endfacet
  facet normal 0 -1 0
    outer loop
      vertex 100 165 33.4
      vertex 3 165 52
      vertex 92 165 33.4
    endloop
  endfacet
  facet normal 0 -1 0
    outer loop
      vertex 104 165 33.4
      vertex 3 165 52
      vertex 100 165 33.4
    endloop
  endfacet
  facet normal 0 -1 0
    outer loop
      vertex 3 165 52
      vertex 104 165 33.4
      vertex 207 165 52
    endloop
  endfacet
  facet normal 0 -1 0
    outer loop
      vertex 112 165 33.4
      vertex 207 165 52
      vertex 104 165 33.4
    endloop
  endfacet
  facet normal 0 -1 0
    outer loop
      vertex 116 165 33.4
      vertex 207 165 52
      vertex 112 165 33.4
    endloop
  endfacet
  facet normal 0 -1 0
    outer loop
      vertex 124 165 33.4
      vertex 207 165 52
      vertex 116 165 33.4
    endloop
  endfacet
  facet normal 0 -1 0
    outer loop
      vertex 128 165 33.4
      vertex 207 165 52
      vertex 124 165 33.4
    endloop
  endfacet
  facet normal 0 -1 0
    outer loop
      vertex 136 165 33.4
      vertex 207 165 52
      vertex 128 165 33.4
    endloop
  endfacet
  facet normal 0 -1 0
    outer loop
      vertex 136 165 30
      vertex 207 165 52
      vertex 136 165 33.4
    endloop
  endfacet
  facet normal 0 -1 -0
    outer loop
      vertex 80 165 30
      vertex 76 165 21.4
      vertex 80 165 21.4
    endloop
  endfacet
  facet normal 0 -1 0
    outer loop
      vertex 88 165 30
      vertex 88 165 21.4
      vertex 92 165 30
    endloop
  endfacet
  facet normal 0 -1 0
    outer loop
      vertex 100 165 21.4
      vertex 100 165 30
      vertex 92 165 21.4
    endloop
  endfacet
  facet normal 0 -1 0
    outer loop
      vertex 104 165 30
      vertex 104 165 21.4
      vertex 112 165 30
    endloop
  endfacet
  facet normal 0 -1 0
    outer loop
      vertex 116 165 21.4
      vertex 116 165 30
      vertex 112 165 21.4
    endloop
  endfacet
  facet normal 0 -1 0
    outer loop
      vertex 116 165 30
      vertex 116 165 21.4
      vertex 124 165 30
    endloop
  endfacet
  facet normal 0 -1 0
    outer loop
      vertex 124 165 21.4
      vertex 124 165 30
      vertex 116 165 21.4
    endloop
  endfacet
  facet normal 0 -1 0
    outer loop
      vertex 124 165 30
      vertex 124 165 21.4
      vertex 128 165 30
    endloop
  endfacet
  facet normal 0 -1 0
    outer loop
      vertex 128 165 21.4
      vertex 128 165 30
      vertex 124 165 21.4
    endloop
  endfacet
  facet normal 0 -1 0
    outer loop
      vertex 128 165 30
      vertex 128 165 21.4
      vertex 136 165 30
    endloop
  endfacet
  facet normal 0 -1 0
    outer loop
      vertex 136 165 21.4
      vertex 136 165 30
      vertex 128 165 21.4
    endloop
  endfacet
  facet normal 0 -1 0
    outer loop
      vertex 136 165 30
      vertex 136 165 21.4
      vertex 207 165 52
    endloop
  endfacet
  facet normal 0 -1 0
    outer loop
      vertex 207 165 0
      vertex 136 165 21.4
      vertex 136 165 18
    endloop
  endfacet
  facet normal 0 -1 0
    outer loop
      vertex 136 165 21.4
      vertex 207 165 0
      vertex 207 165 52
    endloop
  endfacet
  facet normal 0 -1 0
    outer loop
      vertex 128 165 18
      vertex 207 165 0
      vertex 136 165 18
    endloop
  endfacet
  facet normal 0 1 0
    outer loop
      vertex 207 3 52
      vertex 140 3 24
      vertex 3 3 52
    endloop
  endfacet
  facet normal 0 1 -0
    outer loop
      vertex 207 3 0
      vertex 140 3 24
      vertex 207 3 52
    endloop
  endfacet
  facet normal 0 1 0
    outer loop
      vertex 140 3 10
      vertex 207 3 0
      vertex 70 3 10
    endloop
  endfacet
  facet normal 0 1 0
    outer loop
      vertex 140 3 24
      vertex 207 3 0
      vertex 140 3 10
    endloop
  endfacet
  facet normal 0 1 -0
    outer loop
      vertex 70 3 24
      vertex 3 3 52
      vertex 140 3 24
    endloop
  endfacet
  facet normal 0 1 0
    outer loop
      vertex 3 3 0
      vertex 70 3 24
      vertex 70 3 10
    endloop
  endfacet
  facet normal 0 1 0
    outer loop
      vertex 70 3 24
      vertex 3 3 0
      vertex 3 3 52
    endloop
  endfacet
  facet normal 0 1 0
    outer loop
      vertex 3 3 0
      vertex 70 3 10
      vertex 207 3 0
    endloop
  endfacet
  facet normal 1 -0 0
    outer loop
      vertex 19.11 53.2 52.2
      vertex 19.11 159 52
      vertex 19.11 159 52.2
    endloop
  endfacet
  facet normal 1 0 0
    outer loop
      vertex 19.11 159 52
      vertex 19.11 53.2 52.2
      vertex 19.11 53.2 52
    endloop
  endfacet
  facet normal 0 0 -1
    outer loop
      vertex 190.89 53.2 52.2
      vertex 182.1 57.35 52.2
      vertex 190.89 159 52.2
    endloop
  endfacet
  facet normal 0 0 -1
    outer loop
      vertex 190.89 53.2 52.2
      vertex 27.9 57.35 52.2
      vertex 182.1 57.35 52.2
    endloop
  endfacet
  facet normal -0 0 -1
    outer loop
      vertex 27.9 57.35 52.2
      vertex 19.11 53.2 52.2
      vertex 27.9 154.85 52.2
    endloop
  endfacet
  facet normal 0 0 -1
    outer loop
      vertex 19.11 53.2 52.2
      vertex 27.9 57.35 52.2
      vertex 190.89 53.2 52.2
    endloop
  endfacet
  facet normal 0 0 -1
    outer loop
      vertex 182.1 154.85 52.2
      vertex 190.89 159 52.2
      vertex 182.1 57.35 52.2
    endloop
  endfacet
  facet normal 0 0 -1
    outer loop
      vertex 27.9 154.85 52.2
      vertex 190.89 159 52.2
      vertex 182.1 154.85 52.2
    endloop
  endfacet
  facet normal 0 0 -1
    outer loop
      vertex 27.9 154.85 52.2
      vertex 19.11 159 52.2
      vertex 190.89 159 52.2
    endloop
  endfacet
  facet normal 0 0 -1
    outer loop
      vertex 19.11 159 52.2
      vertex 27.9 154.85 52.2
      vertex 19.11 53.2 52.2
    endloop
  endfacet
  facet normal -1 0 0
    outer loop
      vertex 190.89 53.2 52
      vertex 190.89 159 52.2
      vertex 190.89 159 52
    endloop
  endfacet
  facet normal -1 -0 0
    outer loop
      vertex 190.89 159 52.2
      vertex 190.89 53.2 52
      vertex 190.89 53.2 52.2
    endloop
  endfacet
  facet normal 0 -1 0
    outer loop
      vertex 19.11 159 52
      vertex 190.89 159 52.2
      vertex 19.11 159 52.2
    endloop
  endfacet
  facet normal 0 -1 -0
    outer loop
      vertex 190.89 159 52.2
      vertex 19.11 159 52
      vertex 190.89 159 52
    endloop
  endfacet
  facet normal 0 1 -0
    outer loop
      vertex 190.89 53.2 52
      vertex 19.11 53.2 52.2
      vertex 190.89 53.2 52.2
    endloop
  endfacet
  facet normal 0 1 0
    outer loop
      vertex 19.11 53.2 52.2
      vertex 190.89 53.2 52
      vertex 19.11 53.2 52
    endloop
  endfacet
  facet normal 1 -0 0
    outer loop
      vertex 27.9 57.35 55
      vertex 27.9 154.85 52.2
      vertex 27.9 154.85 55
    endloop
  endfacet
  facet normal 1 0 0
    outer loop
      vertex 27.9 154.85 52.2
      vertex 27.9 57.35 55
      vertex 27.9 57.35 52.2
    endloop
  endfacet
  facet normal -1 0 0
    outer loop
      vertex 182.1 57.35 52.2
      vertex 182.1 154.85 55
      vertex 182.1 154.85 52.2
    endloop
  endfacet
  facet normal -1 -0 0
    outer loop
      vertex 182.1 154.85 55
      vertex 182.1 57.35 52.2
      vertex 182.1 57.35 55
    endloop
  endfacet
  facet normal 0 1 -0
    outer loop
      vertex 182.1 57.35 52.2
      vertex 27.9 57.35 55
      vertex 182.1 57.35 55
    endloop
  endfacet
  facet normal 0 1 0
    outer loop
      vertex 27.9 57.35 55
      vertex 182.1 57.35 52.2
      vertex 27.9 57.35 52.2
    endloop
  endfacet
  facet normal 0 -1 0
    outer loop
      vertex 27.9 154.85 52.2
      vertex 182.1 154.85 55
      vertex 27.9 154.85 55
    endloop
  endfacet
  facet normal 0 -1 -0
    outer loop
      vertex 182.1 154.85 55
      vertex 27.9 154.85 52.2
      vertex 182.1 154.85 52.2
    endloop
  endfacet
  facet normal -0.998803 -0.0478529 -0.0101713
    outer loop
      vertex 118.084 23.0564 52
      vertex 118.037 22.9826 56.9625
      vertex 118.037 24.0374 52
    endloop
  endfacet
  facet normal -0.998819 -0.0475017 -0.0101663
    outer loop
      vertex 118.037 22.9826 56.9625
      vertex 118.084 23.0564 52
      vertex 118.071 22.2988 56.8171
    endloop
  endfacet
  facet normal -0.998786 -0.0481778 -0.0102725
    outer loop
      vertex 118.1 22.7247 52
      vertex 118.071 22.2988 56.8171
      vertex 118.084 23.0564 52
    endloop
  endfacet
  facet normal -0.998773 -0.0484316 -0.0102949
    outer loop
      vertex 118.071 22.2988 56.8171
      vertex 118.1 22.7247 52
      vertex 118.1 21.7266 56.6955
    endloop
  endfacet
  facet normal 0.998797 0.0479605 0.0101947
    outer loop
      vertex 91.9 21.7266 56.6955
      vertex 91.9464 21.7584 52
      vertex 91.9 22.7247 52
    endloop
  endfacet
  facet normal 0.998798 0.0479413 0.0101946
    outer loop
      vertex 91.9464 21.7584 52
      vertex 91.9 21.7266 56.6955
      vertex 91.9343 21.0429 56.5502
    endloop
  endfacet
  facet normal -0.998818 0.047548 0.010107
    outer loop
      vertex 118.054 21.7584 52
      vertex 118.1 21.7266 56.6955
      vertex 118.1 22.7247 52
    endloop
  endfacet
  facet normal -0.998819 0.0475228 0.0101069
    outer loop
      vertex 118.1 21.7266 56.6955
      vertex 118.054 21.7584 52
      vertex 118.066 21.0429 56.5502
    endloop
  endfacet
  facet normal -0.988908 -0.145285 -0.030881
    outer loop
      vertex 117.893 25.0311 52
      vertex 117.848 24.2264 57.2269
      vertex 117.848 25.3374 52
    endloop
  endfacet
  facet normal -0.989162 -0.143599 -0.0306236
    outer loop
      vertex 117.848 24.2264 57.2269
      vertex 117.893 25.0311 52
      vertex 117.934 23.6597 57.1064
    endloop
  endfacet
  facet normal 0.904003 0.418185 0.0888805
    outer loop
      vertex 93.1964 16.2042 55.5217
      vertex 93.4468 16.4114 52
      vertex 93.278 16.7763 52
    endloop
  endfacet
  facet normal 0.904035 0.418117 0.0888787
    outer loop
      vertex 93.4468 16.4114 52
      vertex 93.1964 16.2042 55.5217
      vertex 93.4468 15.6862 55.4116
    endloop
  endfacet
  facet normal 0.146746 -0.967557 -0.205666
    outer loop
      vertex 102.624 35.8873 52
      vertex 102.444 34.2941 59.3668
      vertex 102.444 35.86 52
    endloop
  endfacet
  facet normal 0.146645 -0.967571 -0.205671
    outer loop
      vertex 102.444 34.2941 59.3668
      vertex 102.624 35.8873 52
      vertex 103.024 34.3782 59.3847
    endloop
  endfacet
  facet normal -0.514 0.839044 0.178353
    outer loop
      vertex 112.278 11.5891 52
      vertex 111.175 10.2757 55
      vertex 112.278 10.9514 55
    endloop
  endfacet
  facet normal -0.514 0.839044 0.178353
    outer loop
      vertex 111.175 10.2757 55
      vertex 112.278 11.5891 52
      vertex 111.175 10.9134 52
    endloop
  endfacet
  facet normal -0.243038 -0.948819 -0.201683
    outer loop
      vertex 107.556 35.86 52
      vertex 108.124 34.1549 59.3372
      vertex 107.556 34.2941 59.3668
    endloop
  endfacet
  facet normal -0.243351 -0.948747 -0.201642
    outer loop
      vertex 108.124 34.1549 59.3372
      vertex 107.556 35.86 52
      vertex 107.733 35.8146 52
    endloop
  endfacet
  facet normal -0.941571 -0.329455 -0.0700274
    outer loop
      vertex 117.536 26.6123 52
      vertex 117.103 26.6302 57.7378
      vertex 117.103 27.8498 52
    endloop
  endfacet
  facet normal -0.941571 -0.329455 -0.0700274
    outer loop
      vertex 117.103 26.6302 57.7378
      vertex 117.536 26.6123 52
      vertex 117.536 25.4462 57.4861
    endloop
  endfacet
  facet normal -0.857698 0.502917 0.106905
    outer loop
      vertex 115.892 15.2841 52
      vertex 116.553 15.6862 55.4116
      vertex 116.553 16.4114 52
    endloop
  endfacet
  facet normal -0.857686 0.502938 0.1069
    outer loop
      vertex 116.553 15.6862 55.4116
      vertex 115.892 15.2841 52
      vertex 115.892 14.6077 55.1823
    endloop
  endfacet
  facet normal -0.903801 0.418587 0.0890437
    outer loop
      vertex 116.553 16.4114 52
      vertex 116.804 16.2042 55.5217
      vertex 116.722 16.7763 52
    endloop
  endfacet
  facet normal -0.903639 0.418935 0.0890526
    outer loop
      vertex 116.804 16.2042 55.5217
      vertex 116.553 16.4114 52
      vertex 116.553 15.6862 55.4116
    endloop
  endfacet
  facet normal 0.998788 0.0481379 0.0102255
    outer loop
      vertex 91.9343 21.0429 56.5502
      vertex 91.9631 21.4119 52
      vertex 91.9464 21.7584 52
    endloop
  endfacet
  facet normal 0.998791 0.0480888 0.0102215
    outer loop
      vertex 91.9631 21.4119 52
      vertex 91.9343 21.0429 56.5502
      vertex 91.9631 20.4706 56.4285
    endloop
  endfacet
  facet normal 0.803195 0.582701 0.123843
    outer loop
      vertex 94.4567 14.1475 55.0845
      vertex 94.8736 14.2284 52
      vertex 94.3551 14.9431 52
    endloop
  endfacet
  facet normal 0.80327 0.582596 0.12385
    outer loop
      vertex 94.7581 13.7499 55
      vertex 94.8736 14.2284 52
      vertex 94.4567 14.1475 55.0845
    endloop
  endfacet
  facet normal 0.803007 0.582949 0.123896
    outer loop
      vertex 94.8736 14.2284 52
      vertex 94.7581 13.7499 55
      vertex 94.8736 13.5908 55
    endloop
  endfacet
  facet normal 0.0490691 0.976969 0.207661
    outer loop
      vertex 105 9.332 52
      vertex 103.716 8.75882 55
      vertex 105 8.69433 55
    endloop
  endfacet
  facet normal 0.0490691 0.976969 0.207661
    outer loop
      vertex 103.716 8.75882 55
      vertex 105 9.332 52
      vertex 103.716 9.39649 52
    endloop
  endfacet
  facet normal 0.595684 -0.785669 -0.16699
    outer loop
      vertex 97.5566 33.7348 52
      vertex 96.6894 31.6318 58.8009
      vertex 96.6894 33.0773 52
    endloop
  endfacet
  facet normal 0.595571 -0.785746 -0.167029
    outer loop
      vertex 96.6894 31.6318 58.8009
      vertex 97.5566 33.7348 52
      vertex 97.2516 32.0395 58.8876
    endloop
  endfacet
  facet normal 0.671566 0.724752 0.154058
    outer loop
      vertex 96.6894 12.372 52
      vertex 95.7369 12.6169 55
      vertex 96.6894 11.7343 55
    endloop
  endfacet
  facet normal 0.671566 0.724752 0.154058
    outer loop
      vertex 95.7369 12.6169 55
      vertex 96.6894 12.372 52
      vertex 95.7369 13.2546 52
    endloop
  endfacet
  facet normal 0.671427 -0.724877 -0.154075
    outer loop
      vertex 95.901 32.3467 52
      vertex 95.7369 30.7873 58.6214
      vertex 95.7369 32.1947 52
    endloop
  endfacet
  facet normal 0.671508 -0.724806 -0.154056
    outer loop
      vertex 95.7369 30.7873 58.6214
      vertex 95.901 32.3467 52
      vertex 96.1709 31.172 58.7032
    endloop
  endfacet
  facet normal 0.904005 -0.418181 -0.0888829
    outer loop
      vertex 93.4468 27.767 57.9794
      vertex 92.8972 27.8498 52
      vertex 93.4468 29.0379 52
    endloop
  endfacet
  facet normal 0.904012 -0.418166 -0.0888833
    outer loop
      vertex 92.8972 27.8498 52
      vertex 93.4468 27.767 57.9794
      vertex 92.8972 26.6302 57.7378
    endloop
  endfacet
  facet normal 0.671595 -0.724727 -0.154046
    outer loop
      vertex 96.6894 33.0773 52
      vertex 96.1709 31.172 58.7032
      vertex 95.901 32.3467 52
    endloop
  endfacet
  facet normal 0.671656 -0.724675 -0.154026
    outer loop
      vertex 96.1709 31.172 58.7032
      vertex 96.6894 33.0773 52
      vertex 96.6894 31.6318 58.8009
    endloop
  endfacet
  facet normal 0.336896 -0.920965 -0.195768
    outer loop
      vertex 101.197 35.5406 52
      vertex 99.9868 33.5649 59.2118
      vertex 99.9868 35.0979 52
    endloop
  endfacet
  facet normal 0.336998 -0.920933 -0.195742
    outer loop
      vertex 99.9868 33.5649 59.2118
      vertex 101.197 35.5406 52
      vertex 101.197 33.9886 59.3019
    endloop
  endfacet
  facet normal -0.903884 -0.41843 -0.0889357
    outer loop
      vertex 117.103 27.8498 52
      vertex 116.553 27.767 57.9794
      vertex 116.553 29.0379 52
    endloop
  endfacet
  facet normal -0.903892 -0.418414 -0.0889362
    outer loop
      vertex 116.553 27.767 57.9794
      vertex 117.103 27.8498 52
      vertex 117.103 26.6302 57.7378
    endloop
  endfacet
  facet normal -0.671508 -0.724804 -0.154066
    outer loop
      vertex 114.099 32.3467 52
      vertex 114.263 30.7873 58.6214
      vertex 113.829 31.172 58.7032
    endloop
  endfacet
  facet normal -0.671652 -0.724677 -0.154033
    outer loop
      vertex 114.263 30.7873 58.6214
      vertex 114.099 32.3467 52
      vertex 114.263 32.1947 52
    endloop
  endfacet
  facet normal -0.672012 -0.724359 -0.153959
    outer loop
      vertex 113.311 33.0773 52
      vertex 113.829 31.172 58.7032
      vertex 113.311 31.6318 58.8009
    endloop
  endfacet
  facet normal -0.67178 -0.724559 -0.154034
    outer loop
      vertex 113.829 31.172 58.7032
      vertex 113.311 33.0773 52
      vertex 114.099 32.3467 52
    endloop
  endfacet
  facet normal -0.970099 -0.237407 -0.0504622
    outer loop
      vertex 117.848 25.3374 52
      vertex 117.536 25.4462 57.4861
      vertex 117.536 26.6123 52
    endloop
  endfacet
  facet normal -0.970098 -0.237408 -0.0504622
    outer loop
      vertex 117.536 25.4462 57.4861
      vertex 117.848 25.3374 52
      vertex 117.848 24.2264 57.2269
    endloop
  endfacet
  facet normal -0.989201 -0.143348 -0.0305558
    outer loop
      vertex 118.037 24.0374 52
      vertex 117.934 23.6597 57.1064
      vertex 117.893 25.0311 52
    endloop
  endfacet
  facet normal -0.98911 -0.14396 -0.0305992
    outer loop
      vertex 117.934 23.6597 57.1064
      vertex 118.037 24.0374 52
      vertex 118.037 22.9826 56.9625
    endloop
  endfacet
  facet normal -0.970184 0.237072 0.0503908
    outer loop
      vertex 117.848 20.1119 52
      vertex 117.765 18.9018 56.0951
      vertex 117.848 19.2268 56.1641
    endloop
  endfacet
  facet normal -0.970097 0.237407 0.0504916
    outer loop
      vertex 117.536 18.837 52
      vertex 117.765 18.9018 56.0951
      vertex 117.848 20.1119 52
    endloop
  endfacet
  facet normal -0.970067 0.237531 0.050488
    outer loop
      vertex 117.765 18.9018 56.0951
      vertex 117.536 18.837 52
      vertex 117.536 18.007 55.9049
    endloop
  endfacet
  facet normal -0.998745 0.0490005 0.0103391
    outer loop
      vertex 118.037 21.4119 52
      vertex 118.066 21.0429 56.5502
      vertex 118.054 21.7584 52
    endloop
  endfacet
  facet normal -0.998774 0.0484219 0.0102923
    outer loop
      vertex 118.066 21.0429 56.5502
      vertex 118.037 21.4119 52
      vertex 118.037 20.4706 56.4285
    endloop
  endfacet
  facet normal -0.941257 0.330311 0.0702088
    outer loop
      vertex 117.409 18.4751 52
      vertex 117.536 18.007 55.9049
      vertex 117.536 18.837 52
    endloop
  endfacet
  facet normal -0.941715 0.329034 0.0700705
    outer loop
      vertex 117.536 18.007 55.9049
      vertex 117.409 18.4751 52
      vertex 117.339 17.4676 55.7902
    endloop
  endfacet
  facet normal -0.0490691 0.976969 0.207661
    outer loop
      vertex 106.284 9.39649 52
      vertex 105 8.69433 55
      vertex 106.284 8.75882 55
    endloop
  endfacet
  facet normal -0.0490691 0.976969 0.207661
    outer loop
      vertex 105 8.69433 55
      vertex 106.284 9.39649 52
      vertex 105 9.332 52
    endloop
  endfacet
  facet normal -0.242991 0.948831 0.20168
    outer loop
      vertex 108.803 9.90868 52
      vertex 107.556 8.95166 55
      vertex 108.803 9.27101 55
    endloop
  endfacet
  facet normal -0.242991 0.948831 0.20168
    outer loop
      vertex 107.556 8.95166 55
      vertex 108.803 9.90868 52
      vertex 107.556 9.58933 52
    endloop
  endfacet
  facet normal -0.336992 0.92093 0.195765
    outer loop
      vertex 110.013 10.3515 52
      vertex 108.803 9.27101 55
      vertex 110.013 9.71378 55
    endloop
  endfacet
  facet normal -0.337027 0.920921 0.195748
    outer loop
      vertex 108.803 9.27101 55
      vertex 110.013 10.3515 52
      vertex 108.803 9.90868 52
    endloop
  endfacet
  facet normal 0.146687 0.967567 0.205663
    outer loop
      vertex 103.716 9.39649 52
      vertex 102.444 8.95166 55
      vertex 103.716 8.75882 55
    endloop
  endfacet
  facet normal 0.146687 0.967567 0.205663
    outer loop
      vertex 102.444 8.95166 55
      vertex 103.716 9.39649 52
      vertex 102.444 9.58933 52
    endloop
  endfacet
  facet normal 0.941595 0.329389 0.0700128
    outer loop
      vertex 92.4641 18.007 55.9049
      vertex 92.5907 18.4751 52
      vertex 92.4641 18.837 52
    endloop
  endfacet
  facet normal 0.941553 0.329508 0.0700256
    outer loop
      vertex 92.5907 18.4751 52
      vertex 92.4641 18.007 55.9049
      vertex 92.6614 17.4676 55.7902
    endloop
  endfacet
  facet normal 0.998792 -0.0480561 -0.0102145
    outer loop
      vertex 91.9631 22.9826 56.9625
      vertex 91.9159 23.0564 52
      vertex 91.9631 24.0374 52
    endloop
  endfacet
  facet normal 0.998792 -0.0480743 -0.0102148
    outer loop
      vertex 91.9159 23.0564 52
      vertex 91.9631 22.9826 56.9625
      vertex 91.9287 22.2988 56.8171
    endloop
  endfacet
  facet normal 0.998801 -0.0478774 -0.0101838
    outer loop
      vertex 91.9287 22.2988 56.8171
      vertex 91.9 22.7247 52
      vertex 91.9159 23.0564 52
    endloop
  endfacet
  facet normal 0.998799 -0.0479318 -0.0101886
    outer loop
      vertex 91.9 22.7247 52
      vertex 91.9287 22.2988 56.8171
      vertex 91.9 21.7266 56.6955
    endloop
  endfacet
  facet normal 0.42748 0.884269 0.187958
    outer loop
      vertex 99.2427 10.7113 52
      vertex 98.8247 10.2757 55
      vertex 99.3919 10.0015 55
    endloop
  endfacet
  facet normal 0.427527 0.884246 0.187961
    outer loop
      vertex 98.8247 10.2757 55
      vertex 99.2427 10.7113 52
      vertex 98.8247 10.9134 52
    endloop
  endfacet
  facet normal 0.857732 0.502861 0.106893
    outer loop
      vertex 93.4468 15.6862 55.4116
      vertex 94.1077 15.2841 52
      vertex 93.4468 16.4114 52
    endloop
  endfacet
  facet normal 0.857721 0.502882 0.106888
    outer loop
      vertex 94.1077 15.2841 52
      vertex 93.4468 15.6862 55.4116
      vertex 94.1077 14.6077 55.1823
    endloop
  endfacet
  facet normal 0.146642 -0.967572 -0.205671
    outer loop
      vertex 103.716 36.0528 52
      vertex 103.024 34.3782 59.3847
      vertex 102.624 35.8873 52
    endloop
  endfacet
  facet normal 0.146711 -0.967563 -0.205663
    outer loop
      vertex 103.024 34.3782 59.3847
      vertex 103.716 36.0528 52
      vertex 103.716 34.4786 59.406
    endloop
  endfacet
  facet normal 0.0490767 -0.976969 -0.207662
    outer loop
      vertex 105 36.1173 52
      vertex 103.716 34.4786 59.406
      vertex 103.716 36.0528 52
    endloop
  endfacet
  facet normal 0.0490649 -0.976969 -0.207664
    outer loop
      vertex 103.716 34.4786 59.406
      vertex 105 36.1173 52
      vertex 105 34.5403 59.4191
    endloop
  endfacet
  facet normal -0.242879 -0.948857 -0.201692
    outer loop
      vertex 107.733 35.8146 52
      vertex 108.803 33.9886 59.3019
      vertex 108.124 34.1549 59.3372
    endloop
  endfacet
  facet normal -0.242973 -0.948837 -0.201673
    outer loop
      vertex 108.803 33.9886 59.3019
      vertex 107.733 35.8146 52
      vertex 108.803 35.5406 52
    endloop
  endfacet
  facet normal -0.0490649 -0.976969 -0.207664
    outer loop
      vertex 105 36.1173 52
      vertex 106.284 34.4786 59.406
      vertex 105 34.5403 59.4191
    endloop
  endfacet
  facet normal -0.0490767 -0.976969 -0.207662
    outer loop
      vertex 106.284 34.4786 59.406
      vertex 105 36.1173 52
      vertex 106.284 36.0528 52
    endloop
  endfacet
  facet normal -0.803151 -0.582755 -0.123874
    outer loop
      vertex 115.892 30.1652 52
      vertex 115.126 29.8555 58.4234
      vertex 115.126 31.2209 52
    endloop
  endfacet
  facet normal -0.803135 -0.582778 -0.123873
    outer loop
      vertex 115.126 29.8555 58.4234
      vertex 115.892 30.1652 52
      vertex 115.892 28.8455 58.2087
    endloop
  endfacet
  facet normal -0.741074 0.656754 0.139582
    outer loop
      vertex 114.263 13.2546 52
      vertex 115.126 13.5908 55
      vertex 115.126 14.2284 52
    endloop
  endfacet
  facet normal -0.741106 0.656715 0.139596
    outer loop
      vertex 115.126 13.5908 55
      vertex 114.263 13.2546 52
      vertex 114.263 12.6169 55
    endloop
  endfacet
  facet normal -0.671759 0.724581 0.154022
    outer loop
      vertex 114.263 13.2546 52
      vertex 113.311 11.7343 55
      vertex 114.263 12.6169 55
    endloop
  endfacet
  facet normal -0.671759 0.724581 0.154022
    outer loop
      vertex 113.311 11.7343 55
      vertex 114.263 13.2546 52
      vertex 113.311 12.372 52
    endloop
  endfacet
  facet normal -0.989134 0.143805 0.0305664
    outer loop
      vertex 117.848 20.1119 52
      vertex 118.037 20.4706 56.4285
      vertex 118.037 21.4119 52
    endloop
  endfacet
  facet normal -0.989134 0.143805 0.0305664
    outer loop
      vertex 118.037 20.4706 56.4285
      vertex 117.848 20.1119 52
      vertex 117.848 19.2268 56.1641
    endloop
  endfacet
  facet normal -0.146687 0.967567 0.205663
    outer loop
      vertex 107.556 9.58933 52
      vertex 106.284 8.75882 55
      vertex 107.556 8.95166 55
    endloop
  endfacet
  facet normal -0.146687 0.967567 0.205663
    outer loop
      vertex 106.284 8.75882 55
      vertex 107.556 9.58933 52
      vertex 106.284 9.39649 52
    endloop
  endfacet
  facet normal 0.989174 -0.143543 -0.0305116
    outer loop
      vertex 92.0658 23.6597 57.1064
      vertex 91.9631 24.0374 52
      vertex 92.1073 25.0311 52
    endloop
  endfacet
  facet normal 0.989173 -0.143549 -0.030512
    outer loop
      vertex 91.9631 24.0374 52
      vertex 92.0658 23.6597 57.1064
      vertex 91.9631 22.9826 56.9625
    endloop
  endfacet
  facet normal 0.803189 -0.582706 -0.123864
    outer loop
      vertex 94.8736 29.8555 58.4234
      vertex 94.1077 30.1652 52
      vertex 94.8736 31.2209 52
    endloop
  endfacet
  facet normal 0.803172 -0.582729 -0.123863
    outer loop
      vertex 94.1077 30.1652 52
      vertex 94.8736 29.8555 58.4234
      vertex 94.1077 28.8455 58.2087
    endloop
  endfacet
  facet normal 0.243038 -0.94882 -0.201675
    outer loop
      vertex 102.267 35.8146 52
      vertex 102.444 34.2941 59.3668
      vertex 101.876 34.1549 59.3372
    endloop
  endfacet
  facet normal 0.24335 -0.948742 -0.201666
    outer loop
      vertex 102.444 34.2941 59.3668
      vertex 102.267 35.8146 52
      vertex 102.444 35.86 52
    endloop
  endfacet
  facet normal 0.242879 -0.94886 -0.201678
    outer loop
      vertex 101.197 35.5406 52
      vertex 101.876 34.1549 59.3372
      vertex 101.197 33.9886 59.3019
    endloop
  endfacet
  facet normal 0.242973 -0.948835 -0.201682
    outer loop
      vertex 101.876 34.1549 59.3372
      vertex 101.197 35.5406 52
      vertex 102.267 35.8146 52
    endloop
  endfacet
  facet normal 0.242991 0.948831 0.20168
    outer loop
      vertex 102.444 9.58933 52
      vertex 101.197 9.27101 55
      vertex 102.444 8.95166 55
    endloop
  endfacet
  facet normal 0.242991 0.948831 0.20168
    outer loop
      vertex 101.197 9.27101 55
      vertex 102.444 9.58933 52
      vertex 101.197 9.90868 52
    endloop
  endfacet
  facet normal -0.741073 -0.656753 -0.139595
    outer loop
      vertex 115.126 31.2209 52
      vertex 114.263 30.7873 58.6214
      vertex 114.263 32.1947 52
    endloop
  endfacet
  facet normal -0.741102 -0.656719 -0.139597
    outer loop
      vertex 114.263 30.7873 58.6214
      vertex 115.126 31.2209 52
      vertex 115.126 29.8555 58.4234
    endloop
  endfacet
  facet normal -0.596074 -0.785382 -0.166948
    outer loop
      vertex 112.278 33.8603 52
      vertex 112.748 32.0395 58.8876
      vertex 112.278 32.3808 58.9601
    endloop
  endfacet
  facet normal -0.596915 -0.784788 -0.166733
    outer loop
      vertex 112.748 32.0395 58.8876
      vertex 112.278 33.8603 52
      vertex 112.443 33.7348 52
    endloop
  endfacet
  facet normal -0.146711 -0.967563 -0.205663
    outer loop
      vertex 106.284 36.0528 52
      vertex 106.976 34.3782 59.3847
      vertex 106.284 34.4786 59.406
    endloop
  endfacet
  facet normal -0.146642 -0.967572 -0.205671
    outer loop
      vertex 106.976 34.3782 59.3847
      vertex 106.284 36.0528 52
      vertex 107.376 35.8873 52
    endloop
  endfacet
  facet normal -0.146645 -0.967571 -0.205671
    outer loop
      vertex 107.376 35.8873 52
      vertex 107.556 34.2941 59.3668
      vertex 106.976 34.3782 59.3847
    endloop
  endfacet
  facet normal -0.146746 -0.967557 -0.205666
    outer loop
      vertex 107.556 34.2941 59.3668
      vertex 107.376 35.8873 52
      vertex 107.556 35.86 52
    endloop
  endfacet
  facet normal -0.595863 0.785542 0.166946
    outer loop
      vertex 112.639 11.8628 52
      vertex 112.278 10.9514 55
      vertex 112.77 11.3246 55
    endloop
  endfacet
  facet normal -0.595674 0.785672 0.167008
    outer loop
      vertex 112.278 10.9514 55
      vertex 112.639 11.8628 52
      vertex 112.278 11.5891 52
    endloop
  endfacet
  facet normal -0.595233 0.785992 0.167076
    outer loop
      vertex 113.311 12.372 52
      vertex 112.77 11.3246 55
      vertex 113.311 11.7343 55
    endloop
  endfacet
  facet normal -0.595461 0.78584 0.166981
    outer loop
      vertex 112.77 11.3246 55
      vertex 113.311 12.372 52
      vertex 112.639 11.8628 52
    endloop
  endfacet
  facet normal -0.941691 0.329097 0.0700879
    outer loop
      vertex 117.103 17.5995 52
      vertex 117.339 17.4676 55.7902
      vertex 117.409 18.4751 52
    endloop
  endfacet
  facet normal -0.94145 0.329784 0.0700968
    outer loop
      vertex 117.339 17.4676 55.7902
      vertex 117.103 17.5995 52
      vertex 117.103 16.823 55.6532
    endloop
  endfacet
  facet normal -0.903918 0.418359 0.0889236
    outer loop
      vertex 116.722 16.7763 52
      vertex 117.103 16.823 55.6532
      vertex 117.103 17.5995 52
    endloop
  endfacet
  facet normal -0.904103 0.417954 0.088948
    outer loop
      vertex 117.103 16.823 55.6532
      vertex 116.722 16.7763 52
      vertex 116.804 16.2042 55.5217
    endloop
  endfacet
  facet normal -0.427605 0.884208 0.187966
    outer loop
      vertex 110.013 10.3515 52
      vertex 110.608 10.0015 55
      vertex 110.757 10.7113 52
    endloop
  endfacet
  facet normal -0.427577 0.884222 0.187962
    outer loop
      vertex 110.608 10.0015 55
      vertex 110.013 10.3515 52
      vertex 110.013 9.71378 55
    endloop
  endfacet
  facet normal -0.427527 0.884246 0.187961
    outer loop
      vertex 110.757 10.7113 52
      vertex 111.175 10.2757 55
      vertex 111.175 10.9134 52
    endloop
  endfacet
  facet normal -0.427602 0.884209 0.187966
    outer loop
      vertex 111.175 10.2757 55
      vertex 110.757 10.7113 52
      vertex 110.608 10.0015 55
    endloop
  endfacet
  facet normal 0.941546 -0.329522 -0.0700417
    outer loop
      vertex 92.8972 26.6302 57.7378
      vertex 92.4641 26.6123 52
      vertex 92.8972 27.8498 52
    endloop
  endfacet
  facet normal 0.941546 -0.329522 -0.0700417
    outer loop
      vertex 92.4641 26.6123 52
      vertex 92.8972 26.6302 57.7378
      vertex 92.4641 25.4462 57.4861
    endloop
  endfacet
  facet normal 0.904005 0.418179 0.0888854
    outer loop
      vertex 92.8972 16.823 55.6532
      vertex 93.278 16.7763 52
      vertex 92.8972 17.5995 52
    endloop
  endfacet
  facet normal 0.903993 0.418207 0.0888838
    outer loop
      vertex 93.278 16.7763 52
      vertex 92.8972 16.823 55.6532
      vertex 93.1964 16.2042 55.5217
    endloop
  endfacet
  facet normal 0.941527 0.329577 0.0700447
    outer loop
      vertex 92.6614 17.4676 55.7902
      vertex 92.8972 17.5995 52
      vertex 92.5907 18.4751 52
    endloop
  endfacet
  facet normal 0.941541 0.329537 0.0700441
    outer loop
      vertex 92.8972 17.5995 52
      vertex 92.6614 17.4676 55.7902
      vertex 92.8972 16.823 55.6532
    endloop
  endfacet
  facet normal 0.989179 0.143507 0.0305031
    outer loop
      vertex 91.9631 20.4706 56.4285
      vertex 92.1517 20.1119 52
      vertex 91.9631 21.4119 52
    endloop
  endfacet
  facet normal 0.989179 0.143507 0.0305031
    outer loop
      vertex 92.1517 20.1119 52
      vertex 91.9631 20.4706 56.4285
      vertex 92.1517 19.2268 56.1641
    endloop
  endfacet
  facet normal 0.970047 0.237609 0.0505051
    outer loop
      vertex 92.2349 18.9018 56.0951
      vertex 92.1517 20.1119 52
      vertex 92.1517 19.2268 56.1641
    endloop
  endfacet
  facet normal 0.970025 0.237694 0.0505304
    outer loop
      vertex 92.2349 18.9018 56.0951
      vertex 92.4641 18.837 52
      vertex 92.1517 20.1119 52
    endloop
  endfacet
  facet normal 0.970017 0.237726 0.0505295
    outer loop
      vertex 92.4641 18.837 52
      vertex 92.2349 18.9018 56.0951
      vertex 92.4641 18.007 55.9049
    endloop
  endfacet
  facet normal 0.803181 0.582718 0.123857
    outer loop
      vertex 94.1077 14.6077 55.1823
      vertex 94.3551 14.9431 52
      vertex 94.1077 15.2841 52
    endloop
  endfacet
  facet normal 0.80315 0.58276 0.123859
    outer loop
      vertex 94.3551 14.9431 52
      vertex 94.1077 14.6077 55.1823
      vertex 94.4567 14.1475 55.0845
    endloop
  endfacet
  facet normal 0.740958 0.656879 0.139609
    outer loop
      vertex 94.8736 13.5908 55
      vertex 95.7369 13.2546 52
      vertex 94.8736 14.2284 52
    endloop
  endfacet
  facet normal 0.74099 0.65684 0.139622
    outer loop
      vertex 95.7369 13.2546 52
      vertex 94.8736 13.5908 55
      vertex 95.7369 12.6169 55
    endloop
  endfacet
  facet normal 0.595686 0.785669 0.16698
    outer loop
      vertex 96.6894 12.372 52
      vertex 97.2299 11.3246 55
      vertex 97.361 11.8628 52
    endloop
  endfacet
  facet normal 0.595588 0.785734 0.167021
    outer loop
      vertex 97.2299 11.3246 55
      vertex 96.6894 12.372 52
      vertex 96.6894 11.7343 55
    endloop
  endfacet
  facet normal 0.427433 -0.884292 -0.18796
    outer loop
      vertex 99.002 34.6216 52
      vertex 98.8247 33.0273 59.0975
      vertex 98.8247 34.5359 52
    endloop
  endfacet
  facet normal 0.427616 -0.884209 -0.187936
    outer loop
      vertex 98.8247 33.0273 59.0975
      vertex 99.002 34.6216 52
      vertex 99.3542 33.2723 59.1496
    endloop
  endfacet
  facet normal 0.427643 -0.884196 -0.187935
    outer loop
      vertex 99.9868 35.0979 52
      vertex 99.3542 33.2723 59.1496
      vertex 99.002 34.6216 52
    endloop
  endfacet
  facet normal 0.427404 -0.884301 -0.187983
    outer loop
      vertex 99.3542 33.2723 59.1496
      vertex 99.9868 35.0979 52
      vertex 99.86 33.5062 59.1993
    endloop
  endfacet
  facet normal 0.427813 -0.884114 -0.187935
    outer loop
      vertex 99.86 33.5062 59.1993
      vertex 99.9868 35.0979 52
      vertex 99.9868 33.5649 59.2118
    endloop
  endfacet
  facet normal 0.514047 -0.839016 -0.178349
    outer loop
      vertex 98.8247 34.5359 52
      vertex 97.722 32.3808 58.9601
      vertex 97.722 33.8603 52
    endloop
  endfacet
  facet normal 0.514106 -0.838983 -0.178329
    outer loop
      vertex 97.722 32.3808 58.9601
      vertex 98.8247 34.5359 52
      vertex 98.8247 33.0273 59.0975
    endloop
  endfacet
  facet normal 0.595978 -0.785456 -0.166939
    outer loop
      vertex 97.722 33.8603 52
      vertex 97.2516 32.0395 58.8876
      vertex 97.5566 33.7348 52
    endloop
  endfacet
  facet normal 0.595747 -0.785619 -0.166998
    outer loop
      vertex 97.2516 32.0395 58.8876
      vertex 97.722 33.8603 52
      vertex 97.722 32.3808 58.9601
    endloop
  endfacet
  facet normal 0.336944 0.92095 0.195754
    outer loop
      vertex 101.197 9.90868 52
      vertex 99.9868 9.71378 55
      vertex 101.197 9.27101 55
    endloop
  endfacet
  facet normal 0.336976 0.920936 0.195766
    outer loop
      vertex 99.9868 9.71378 55
      vertex 101.197 9.90868 52
      vertex 99.9868 10.3515 52
    endloop
  endfacet
  facet normal -0.857699 -0.502917 -0.106898
    outer loop
      vertex 116.553 29.0379 52
      vertex 115.892 28.8455 58.2087
      vertex 115.892 30.1652 52
    endloop
  endfacet
  facet normal -0.857686 -0.502938 -0.106898
    outer loop
      vertex 115.892 28.8455 58.2087
      vertex 116.553 29.0379 52
      vertex 116.553 27.767 57.9794
    endloop
  endfacet
  facet normal -0.427262 -0.884368 -0.187989
    outer loop
      vertex 110.013 35.0979 52
      vertex 110.14 33.5062 59.1993
      vertex 110.013 33.5649 59.2118
    endloop
  endfacet
  facet normal -0.427266 -0.884367 -0.187988
    outer loop
      vertex 110.013 35.0979 52
      vertex 110.646 33.2723 59.1496
      vertex 110.14 33.5062 59.1993
    endloop
  endfacet
  facet normal -0.427573 -0.884231 -0.187926
    outer loop
      vertex 110.646 33.2723 59.1496
      vertex 110.013 35.0979 52
      vertex 110.998 34.6216 52
    endloop
  endfacet
  facet normal -0.337048 -0.920915 -0.195738
    outer loop
      vertex 108.803 35.5406 52
      vertex 110.013 33.5649 59.2118
      vertex 108.803 33.9886 59.3019
    endloop
  endfacet
  facet normal -0.336945 -0.920948 -0.195764
    outer loop
      vertex 110.013 33.5649 59.2118
      vertex 108.803 35.5406 52
      vertex 110.013 35.0979 52
    endloop
  endfacet
  facet normal -0.514004 -0.839044 -0.178342
    outer loop
      vertex 111.175 34.5359 52
      vertex 112.278 32.3808 58.9601
      vertex 111.175 33.0273 59.0975
    endloop
  endfacet
  facet normal -0.513944 -0.839076 -0.178361
    outer loop
      vertex 112.278 32.3808 58.9601
      vertex 111.175 34.5359 52
      vertex 112.278 33.8603 52
    endloop
  endfacet
  facet normal -0.595024 -0.786134 -0.167148
    outer loop
      vertex 112.443 33.7348 52
      vertex 113.311 31.6318 58.8009
      vertex 112.748 32.0395 58.8876
    endloop
  endfacet
  facet normal -0.595329 -0.785925 -0.167045
    outer loop
      vertex 113.311 31.6318 58.8009
      vertex 112.443 33.7348 52
      vertex 113.311 33.0773 52
    endloop
  endfacet
  facet normal -0.803641 0.58211 0.123728
    outer loop
      vertex 115.645 14.9431 52
      vertex 115.892 14.6077 55.1823
      vertex 115.892 15.2841 52
    endloop
  endfacet
  facet normal -0.80315 0.582781 0.12376
    outer loop
      vertex 115.892 14.6077 55.1823
      vertex 115.645 14.9431 52
      vertex 115.543 14.1475 55.0845
    endloop
  endfacet
  facet normal 0.740957 -0.656878 -0.139622
    outer loop
      vertex 95.7369 30.7873 58.6214
      vertex 94.8736 31.2209 52
      vertex 95.7369 32.1947 52
    endloop
  endfacet
  facet normal 0.740986 -0.656845 -0.139623
    outer loop
      vertex 94.8736 31.2209 52
      vertex 95.7369 30.7873 58.6214
      vertex 94.8736 29.8555 58.4234
    endloop
  endfacet
  facet normal 0.595674 0.785672 0.167008
    outer loop
      vertex 97.361 11.8628 52
      vertex 97.722 10.9514 55
      vertex 97.722 11.5891 52
    endloop
  endfacet
  facet normal 0.595783 0.785597 0.166972
    outer loop
      vertex 97.722 10.9514 55
      vertex 97.361 11.8628 52
      vertex 97.2299 11.3246 55
    endloop
  endfacet
  facet normal 0.514103 0.838983 0.17834
    outer loop
      vertex 98.8247 10.9134 52
      vertex 97.722 10.9514 55
      vertex 98.8247 10.2757 55
    endloop
  endfacet
  facet normal 0.514103 0.838983 0.17834
    outer loop
      vertex 97.722 10.9514 55
      vertex 98.8247 10.9134 52
      vertex 97.722 11.5891 52
    endloop
  endfacet
  facet normal 0.857733 -0.502861 -0.106886
    outer loop
      vertex 94.1077 28.8455 58.2087
      vertex 93.4468 29.0379 52
      vertex 94.1077 30.1652 52
    endloop
  endfacet
  facet normal 0.857721 -0.502882 -0.106886
    outer loop
      vertex 93.4468 29.0379 52
      vertex 94.1077 28.8455 58.2087
      vertex 93.4468 27.767 57.9794
    endloop
  endfacet
  facet normal 0.427636 0.884195 0.187956
    outer loop
      vertex 99.9868 10.3515 52
      vertex 99.3919 10.0015 55
      vertex 99.9868 9.71378 55
    endloop
  endfacet
  facet normal 0.42756 0.884234 0.187946
    outer loop
      vertex 99.3919 10.0015 55
      vertex 99.9868 10.3515 52
      vertex 99.2427 10.7113 52
    endloop
  endfacet
  facet normal -0.427946 -0.884054 -0.187911
    outer loop
      vertex 110.998 34.6216 52
      vertex 111.175 33.0273 59.0975
      vertex 110.646 33.2723 59.1496
    endloop
  endfacet
  facet normal -0.428025 -0.884018 -0.187901
    outer loop
      vertex 111.175 33.0273 59.0975
      vertex 110.998 34.6216 52
      vertex 111.175 34.5359 52
    endloop
  endfacet
  facet normal -0.802928 0.583069 0.123842
    outer loop
      vertex 115.126 14.2284 52
      vertex 115.543 14.1475 55.0845
      vertex 115.645 14.9431 52
    endloop
  endfacet
  facet normal -0.803648 0.582061 0.123913
    outer loop
      vertex 115.126 14.2284 52
      vertex 115.242 13.7499 55
      vertex 115.543 14.1475 55.0845
    endloop
  endfacet
  facet normal -0.801772 0.584573 0.124241
    outer loop
      vertex 115.242 13.7499 55
      vertex 115.126 14.2284 52
      vertex 115.126 13.5908 55
    endloop
  endfacet
  facet normal 0.970025 -0.237694 -0.0505231
    outer loop
      vertex 92.4641 25.4462 57.4861
      vertex 92.1517 25.3374 52
      vertex 92.4641 26.6123 52
    endloop
  endfacet
  facet normal 0.970025 -0.237695 -0.0505231
    outer loop
      vertex 92.1517 25.3374 52
      vertex 92.4641 25.4462 57.4861
      vertex 92.1517 24.2264 57.2269
    endloop
  endfacet
  facet normal 0.989197 -0.14339 -0.0304781
    outer loop
      vertex 92.1517 24.2264 57.2269
      vertex 92.1073 25.0311 52
      vertex 92.1517 25.3374 52
    endloop
  endfacet
  facet normal 0.989187 -0.143457 -0.0304884
    outer loop
      vertex 92.1073 25.0311 52
      vertex 92.1517 24.2264 57.2269
      vertex 92.0658 23.6597 57.1064
    endloop
  endfacet
  facet normal 0 0 -1
    outer loop
      vertex 207 42 28
      vertex 210 78 28
      vertex 210 42 28
    endloop
  endfacet
  facet normal -0 0 -1
    outer loop
      vertex 210 78 28
      vertex 207 42 28
      vertex 207 78 28
    endloop
  endfacet
  facet normal 0 -1 0
    outer loop
      vertex 207 78 12
      vertex 210 78 28
      vertex 207 78 28
    endloop
  endfacet
  facet normal 0 -1 -0
    outer loop
      vertex 210 78 28
      vertex 207 78 12
      vertex 210 78 12
    endloop
  endfacet
  facet normal -0 0 1
    outer loop
      vertex 207 78 12
      vertex 210 42 12
      vertex 210 78 12
    endloop
  endfacet
  facet normal 0 0 1
    outer loop
      vertex 210 42 12
      vertex 207 78 12
      vertex 207 42 12
    endloop
  endfacet
  facet normal 0 1 -0
    outer loop
      vertex 210 42 12
      vertex 207 42 28
      vertex 210 42 28
    endloop
  endfacet
  facet normal 0 1 0
    outer loop
      vertex 207 42 28
      vertex 210 42 12
      vertex 207 42 12
    endloop
  endfacet
  facet normal 1 -0 0
    outer loop
      vertex 70 0 24
      vertex 70 3 10
      vertex 70 3 24
    endloop
  endfacet
  facet normal 1 0 0
    outer loop
      vertex 70 3 10
      vertex 70 0 24
      vertex 70 0 10
    endloop
  endfacet
  facet normal 0 0 -1
    outer loop
      vertex 70 0 24
      vertex 140 3 24
      vertex 140 0 24
    endloop
  endfacet
  facet normal -0 0 -1
    outer loop
      vertex 140 3 24
      vertex 70 0 24
      vertex 70 3 24
    endloop
  endfacet
  facet normal -1 0 0
    outer loop
      vertex 140 0 10
      vertex 140 3 24
      vertex 140 3 10
    endloop
  endfacet
  facet normal -1 -0 0
    outer loop
      vertex 140 3 24
      vertex 140 0 10
      vertex 140 0 24
    endloop
  endfacet
  facet normal -0 0 1
    outer loop
      vertex 70 3 10
      vertex 140 0 10
      vertex 140 3 10
    endloop
  endfacet
  facet normal 0 0 1
    outer loop
      vertex 140 0 10
      vertex 70 3 10
      vertex 70 0 10
    endloop
  endfacet
endsolid OpenSCAD_Model
