solid OpenSCAD_Model
  facet normal -0.998786 -0.0492599 -1.22297e-19
    outer loop
      vertex 15.2 13.4 0
      vertex 15.1913 13.5764 3
      vertex 15.1913 13.5764 0
    endloop
  endfacet
  facet normal -0.998786 -0.0492599 -1.22297e-19
    outer loop
      vertex 15.1913 13.5764 3
      vertex 15.2 13.4 0
      vertex 15.2 13.4 3
    endloop
  endfacet
  facet normal 0.998786 -0.0492599 9.41204e-20
    outer loop
      vertex 11.6 13.4 3
      vertex 11.6087 13.5764 0
      vertex 11.6087 13.5764 3
    endloop
  endfacet
  facet normal 0.998786 -0.0492599 9.41204e-20
    outer loop
      vertex 11.6087 13.5764 0
      vertex 11.6 13.4 3
      vertex 11.6 13.4 0
    endloop
  endfacet
  facet normal -0.0492599 -0.998786 0
    outer loop
      vertex 13.4 15.2 0
      vertex 13.5764 15.1913 3
      vertex 13.4 15.2 3
    endloop
  endfacet
  facet normal -0.0492599 -0.998786 -0
    outer loop
      vertex 13.5764 15.1913 3
      vertex 13.4 15.2 0
      vertex 13.5764 15.1913 0
    endloop
  endfacet
  facet normal -0.671432 -0.741066 0
    outer loop
      vertex 14.5419 14.7914 0
      vertex 14.6728 14.6728 3
      vertex 14.5419 14.7914 3
    endloop
  endfacet
  facet normal -0.671432 -0.741066 -0
    outer loop
      vertex 14.6728 14.6728 3
      vertex 14.5419 14.7914 0
      vertex 14.6728 14.6728 0
    endloop
  endfacet
  facet normal 0.671432 -0.741066 0
    outer loop
      vertex 12.1272 14.6728 0
      vertex 12.2581 14.7914 3
      vertex 12.1272 14.6728 3
    endloop
  endfacet
  facet normal 0.671432 -0.741066 0
    outer loop
      vertex 12.2581 14.7914 3
      vertex 12.1272 14.6728 0
      vertex 12.2581 14.7914 0
    endloop
  endfacet
  facet normal 0.336874 -0.94155 0
    outer loop
      vertex 12.7112 15.063 0
      vertex 12.8775 15.1225 3
      vertex 12.7112 15.063 3
    endloop
  endfacet
  facet normal 0.336874 -0.94155 0
    outer loop
      vertex 12.8775 15.1225 3
      vertex 12.7112 15.063 0
      vertex 12.8775 15.1225 0
    endloop
  endfacet
  facet normal 0.94155 0.336874 -1.0039e-18
    outer loop
      vertex 11.737 12.7112 3
      vertex 11.6775 12.8775 0
      vertex 11.6775 12.8775 3
    endloop
  endfacet
  facet normal 0.94155 0.336874 -1.0039e-18
    outer loop
      vertex 11.6775 12.8775 0
      vertex 11.737 12.7112 3
      vertex 11.737 12.7112 0
    endloop
  endfacet
  facet normal -0.90406 -0.427405 1.10766e-18
    outer loop
      vertex 15.063 14.0888 0
      vertex 14.9875 14.2485 3
      vertex 14.9875 14.2485 0
    endloop
  endfacet
  facet normal -0.90406 -0.427405 1.10766e-18
    outer loop
      vertex 14.9875 14.2485 3
      vertex 15.063 14.0888 0
      vertex 15.063 14.0888 3
    endloop
  endfacet
  facet normal -0.427405 -0.90406 0
    outer loop
      vertex 14.0888 15.063 0
      vertex 14.2485 14.9875 3
      vertex 14.0888 15.063 3
    endloop
  endfacet
  facet normal -0.427405 -0.90406 -0
    outer loop
      vertex 14.2485 14.9875 3
      vertex 14.0888 15.063 0
      vertex 14.2485 14.9875 0
    endloop
  endfacet
  facet normal -0.514496 -0.857493 0
    outer loop
      vertex 14.2485 14.9875 0
      vertex 14.4 14.8966 3
      vertex 14.2485 14.9875 3
    endloop
  endfacet
  facet normal -0.514496 -0.857493 -0
    outer loop
      vertex 14.4 14.8966 3
      vertex 14.2485 14.9875 0
      vertex 14.4 14.8966 0
    endloop
  endfacet
  facet normal 0.90406 -0.427405 -1.10766e-18
    outer loop
      vertex 11.737 14.0888 3
      vertex 11.8125 14.2485 0
      vertex 11.8125 14.2485 3
    endloop
  endfacet
  facet normal 0.90406 -0.427405 -1.10766e-18
    outer loop
      vertex 11.8125 14.2485 0
      vertex 11.737 14.0888 3
      vertex 11.737 14.0888 0
    endloop
  endfacet
  facet normal 0.146569 -0.9892 0
    outer loop
      vertex 13.0488 15.1654 0
      vertex 13.2236 15.1913 3
      vertex 13.0488 15.1654 3
    endloop
  endfacet
  facet normal 0.146569 -0.9892 0
    outer loop
      vertex 13.2236 15.1913 3
      vertex 13.0488 15.1654 0
      vertex 13.2236 15.1913 0
    endloop
  endfacet
  facet normal -0.94155 0.336874 1.0039e-18
    outer loop
      vertex 15.063 12.7112 0
      vertex 15.1225 12.8775 3
      vertex 15.1225 12.8775 0
    endloop
  endfacet
  facet normal -0.94155 0.336874 1.0039e-18
    outer loop
      vertex 15.1225 12.8775 3
      vertex 15.063 12.7112 0
      vertex 15.063 12.7112 3
    endloop
  endfacet
  facet normal -0.970042 -0.242935 7.03502e-19
    outer loop
      vertex 15.1654 13.7512 0
      vertex 15.1225 13.9225 3
      vertex 15.1225 13.9225 0
    endloop
  endfacet
  facet normal -0.970042 -0.242935 7.03502e-19
    outer loop
      vertex 15.1225 13.9225 3
      vertex 15.1654 13.7512 0
      vertex 15.1654 13.7512 3
    endloop
  endfacet
  facet normal -0.9892 -0.146569 7.53362e-19
    outer loop
      vertex 15.1913 13.5764 0
      vertex 15.1654 13.7512 3
      vertex 15.1654 13.7512 0
    endloop
  endfacet
  facet normal -0.9892 -0.146569 7.53362e-19
    outer loop
      vertex 15.1654 13.7512 3
      vertex 15.1913 13.5764 0
      vertex 15.1913 13.5764 3
    endloop
  endfacet
  facet normal -0.94155 -0.336874 -1.23889e-18
    outer loop
      vertex 15.1225 13.9225 0
      vertex 15.063 14.0888 3
      vertex 15.063 14.0888 0
    endloop
  endfacet
  facet normal -0.94155 -0.336874 -1.23889e-18
    outer loop
      vertex 15.063 14.0888 3
      vertex 15.1225 13.9225 0
      vertex 15.1225 13.9225 3
    endloop
  endfacet
  facet normal -0.803316 -0.595552 -1.47851e-18
    outer loop
      vertex 14.8966 14.4 0
      vertex 14.7914 14.5419 3
      vertex 14.7914 14.5419 0
    endloop
  endfacet
  facet normal -0.803316 -0.595552 -1.47851e-18
    outer loop
      vertex 14.7914 14.5419 3
      vertex 14.8966 14.4 0
      vertex 14.8966 14.4 3
    endloop
  endfacet
  facet normal -0.741066 -0.671432 1.26437e-18
    outer loop
      vertex 14.7914 14.5419 0
      vertex 14.6728 14.6728 3
      vertex 14.6728 14.6728 0
    endloop
  endfacet
  facet normal -0.741066 -0.671432 1.26437e-18
    outer loop
      vertex 14.6728 14.6728 3
      vertex 14.7914 14.5419 0
      vertex 14.7914 14.5419 3
    endloop
  endfacet
  facet normal -0.857493 -0.514496 1.05633e-18
    outer loop
      vertex 14.9875 14.2485 0
      vertex 14.8966 14.4 3
      vertex 14.8966 14.4 0
    endloop
  endfacet
  facet normal -0.857493 -0.514496 1.05633e-18
    outer loop
      vertex 14.8966 14.4 3
      vertex 14.9875 14.2485 0
      vertex 14.9875 14.2485 3
    endloop
  endfacet
  facet normal -0.242935 -0.970042 0
    outer loop
      vertex 13.7512 15.1654 0
      vertex 13.9225 15.1225 3
      vertex 13.7512 15.1654 3
    endloop
  endfacet
  facet normal -0.242935 -0.970042 -0
    outer loop
      vertex 13.9225 15.1225 3
      vertex 13.7512 15.1654 0
      vertex 13.9225 15.1225 0
    endloop
  endfacet
  facet normal -0.336874 -0.94155 0
    outer loop
      vertex 13.9225 15.1225 0
      vertex 14.0888 15.063 3
      vertex 13.9225 15.1225 3
    endloop
  endfacet
  facet normal -0.336874 -0.94155 -0
    outer loop
      vertex 14.0888 15.063 3
      vertex 13.9225 15.1225 0
      vertex 14.0888 15.063 0
    endloop
  endfacet
  facet normal -0.146569 -0.9892 0
    outer loop
      vertex 13.5764 15.1913 0
      vertex 13.7512 15.1654 3
      vertex 13.5764 15.1913 3
    endloop
  endfacet
  facet normal -0.146569 -0.9892 -0
    outer loop
      vertex 13.7512 15.1654 3
      vertex 13.5764 15.1913 0
      vertex 13.7512 15.1654 0
    endloop
  endfacet
  facet normal -0.595552 -0.803316 0
    outer loop
      vertex 14.4 14.8966 0
      vertex 14.5419 14.7914 3
      vertex 14.4 14.8966 3
    endloop
  endfacet
  facet normal -0.595552 -0.803316 -0
    outer loop
      vertex 14.5419 14.7914 3
      vertex 14.4 14.8966 0
      vertex 14.5419 14.7914 0
    endloop
  endfacet
  facet normal 0.970042 -0.242935 -7.03502e-19
    outer loop
      vertex 11.6346 13.7512 3
      vertex 11.6775 13.9225 0
      vertex 11.6775 13.9225 3
    endloop
  endfacet
  facet normal 0.970042 -0.242935 -7.03502e-19
    outer loop
      vertex 11.6775 13.9225 0
      vertex 11.6346 13.7512 3
      vertex 11.6346 13.7512 0
    endloop
  endfacet
  facet normal 0.803316 -0.595552 1.47851e-18
    outer loop
      vertex 11.9034 14.4 3
      vertex 12.0086 14.5419 0
      vertex 12.0086 14.5419 3
    endloop
  endfacet
  facet normal 0.803316 -0.595552 1.47851e-18
    outer loop
      vertex 12.0086 14.5419 0
      vertex 11.9034 14.4 3
      vertex 11.9034 14.4 0
    endloop
  endfacet
  facet normal 0.741066 -0.671432 -1.40023e-18
    outer loop
      vertex 12.0086 14.5419 3
      vertex 12.1272 14.6728 0
      vertex 12.1272 14.6728 3
    endloop
  endfacet
  facet normal 0.741066 -0.671432 -1.40023e-18
    outer loop
      vertex 12.1272 14.6728 0
      vertex 12.0086 14.5419 3
      vertex 12.0086 14.5419 0
    endloop
  endfacet
  facet normal 0.857493 -0.514496 -6.12062e-19
    outer loop
      vertex 11.8125 14.2485 3
      vertex 11.9034 14.4 0
      vertex 11.9034 14.4 3
    endloop
  endfacet
  facet normal 0.857493 -0.514496 -6.12062e-19
    outer loop
      vertex 11.9034 14.4 0
      vertex 11.8125 14.2485 3
      vertex 11.8125 14.2485 0
    endloop
  endfacet
  facet normal 0.94155 -0.336874 1.23889e-18
    outer loop
      vertex 11.6775 13.9225 3
      vertex 11.737 14.0888 0
      vertex 11.737 14.0888 3
    endloop
  endfacet
  facet normal 0.94155 -0.336874 1.23889e-18
    outer loop
      vertex 11.737 14.0888 0
      vertex 11.6775 13.9225 3
      vertex 11.6775 13.9225 0
    endloop
  endfacet
  facet normal 0.9892 -0.146569 -7.53362e-19
    outer loop
      vertex 11.6087 13.5764 3
      vertex 11.6346 13.7512 0
      vertex 11.6346 13.7512 3
    endloop
  endfacet
  facet normal 0.9892 -0.146569 -7.53362e-19
    outer loop
      vertex 11.6346 13.7512 0
      vertex 11.6087 13.5764 3
      vertex 11.6087 13.5764 0
    endloop
  endfacet
  facet normal 0.514496 -0.857493 0
    outer loop
      vertex 12.4 14.8966 0
      vertex 12.5515 14.9875 3
      vertex 12.4 14.8966 3
    endloop
  endfacet
  facet normal 0.514496 -0.857493 0
    outer loop
      vertex 12.5515 14.9875 3
      vertex 12.4 14.8966 0
      vertex 12.5515 14.9875 0
    endloop
  endfacet
  facet normal 0.427405 -0.90406 0
    outer loop
      vertex 12.5515 14.9875 0
      vertex 12.7112 15.063 3
      vertex 12.5515 14.9875 3
    endloop
  endfacet
  facet normal 0.427405 -0.90406 0
    outer loop
      vertex 12.7112 15.063 3
      vertex 12.5515 14.9875 0
      vertex 12.7112 15.063 0
    endloop
  endfacet
  facet normal 0.595552 -0.803316 0
    outer loop
      vertex 12.2581 14.7914 0
      vertex 12.4 14.8966 3
      vertex 12.2581 14.7914 3
    endloop
  endfacet
  facet normal 0.595552 -0.803316 0
    outer loop
      vertex 12.4 14.8966 3
      vertex 12.2581 14.7914 0
      vertex 12.4 14.8966 0
    endloop
  endfacet
  facet normal 0.242935 -0.970042 0
    outer loop
      vertex 12.8775 15.1225 0
      vertex 13.0488 15.1654 3
      vertex 12.8775 15.1225 3
    endloop
  endfacet
  facet normal 0.242935 -0.970042 0
    outer loop
      vertex 13.0488 15.1654 3
      vertex 12.8775 15.1225 0
      vertex 13.0488 15.1654 0
    endloop
  endfacet
  facet normal 0.0492599 -0.998786 0
    outer loop
      vertex 13.2236 15.1913 0
      vertex 13.4 15.2 3
      vertex 13.2236 15.1913 3
    endloop
  endfacet
  facet normal 0.0492599 -0.998786 0
    outer loop
      vertex 13.4 15.2 3
      vertex 13.2236 15.1913 0
      vertex 13.4 15.2 0
    endloop
  endfacet
  facet normal -0.0492599 0.998786 0
    outer loop
      vertex 13.5764 11.6087 0
      vertex 13.4 11.6 3
      vertex 13.5764 11.6087 3
    endloop
  endfacet
  facet normal -0.0492599 0.998786 0
    outer loop
      vertex 13.4 11.6 3
      vertex 13.5764 11.6087 0
      vertex 13.4 11.6 0
    endloop
  endfacet
  facet normal -0.336874 0.94155 0
    outer loop
      vertex 14.0888 11.737 0
      vertex 13.9225 11.6775 3
      vertex 14.0888 11.737 3
    endloop
  endfacet
  facet normal -0.336874 0.94155 0
    outer loop
      vertex 13.9225 11.6775 3
      vertex 14.0888 11.737 0
      vertex 13.9225 11.6775 0
    endloop
  endfacet
  facet normal -0.671432 0.741066 0
    outer loop
      vertex 14.6728 12.1272 0
      vertex 14.5419 12.0086 3
      vertex 14.6728 12.1272 3
    endloop
  endfacet
  facet normal -0.671432 0.741066 0
    outer loop
      vertex 14.5419 12.0086 3
      vertex 14.6728 12.1272 0
      vertex 14.5419 12.0086 0
    endloop
  endfacet
  facet normal -0.514496 0.857493 0
    outer loop
      vertex 14.4 11.9034 0
      vertex 14.2485 11.8125 3
      vertex 14.4 11.9034 3
    endloop
  endfacet
  facet normal -0.514496 0.857493 0
    outer loop
      vertex 14.2485 11.8125 3
      vertex 14.4 11.9034 0
      vertex 14.2485 11.8125 0
    endloop
  endfacet
  facet normal -0.803316 0.595552 1.47851e-18
    outer loop
      vertex 14.7914 12.2581 0
      vertex 14.8966 12.4 3
      vertex 14.8966 12.4 0
    endloop
  endfacet
  facet normal -0.803316 0.595552 1.47851e-18
    outer loop
      vertex 14.8966 12.4 3
      vertex 14.7914 12.2581 0
      vertex 14.7914 12.2581 3
    endloop
  endfacet
  facet normal -0.90406 0.427405 -1.10766e-18
    outer loop
      vertex 14.9875 12.5515 0
      vertex 15.063 12.7112 3
      vertex 15.063 12.7112 0
    endloop
  endfacet
  facet normal -0.90406 0.427405 -1.10766e-18
    outer loop
      vertex 15.063 12.7112 3
      vertex 14.9875 12.5515 0
      vertex 14.9875 12.5515 3
    endloop
  endfacet
  facet normal 0.671432 0.741066 -0
    outer loop
      vertex 12.2581 12.0086 0
      vertex 12.1272 12.1272 3
      vertex 12.2581 12.0086 3
    endloop
  endfacet
  facet normal 0.671432 0.741066 0
    outer loop
      vertex 12.1272 12.1272 3
      vertex 12.2581 12.0086 0
      vertex 12.1272 12.1272 0
    endloop
  endfacet
  facet normal 0.514496 0.857493 -0
    outer loop
      vertex 12.5515 11.8125 0
      vertex 12.4 11.9034 3
      vertex 12.5515 11.8125 3
    endloop
  endfacet
  facet normal 0.514496 0.857493 0
    outer loop
      vertex 12.4 11.9034 3
      vertex 12.5515 11.8125 0
      vertex 12.4 11.9034 0
    endloop
  endfacet
  facet normal 0.336874 0.94155 -0
    outer loop
      vertex 12.8775 11.6775 0
      vertex 12.7112 11.737 3
      vertex 12.8775 11.6775 3
    endloop
  endfacet
  facet normal 0.336874 0.94155 0
    outer loop
      vertex 12.7112 11.737 3
      vertex 12.8775 11.6775 0
      vertex 12.7112 11.737 0
    endloop
  endfacet
  facet normal 0.146569 0.9892 -0
    outer loop
      vertex 13.2236 11.6087 0
      vertex 13.0488 11.6346 3
      vertex 13.2236 11.6087 3
    endloop
  endfacet
  facet normal 0.146569 0.9892 0
    outer loop
      vertex 13.0488 11.6346 3
      vertex 13.2236 11.6087 0
      vertex 13.0488 11.6346 0
    endloop
  endfacet
  facet normal 0.90406 0.427405 1.10766e-18
    outer loop
      vertex 11.8125 12.5515 3
      vertex 11.737 12.7112 0
      vertex 11.737 12.7112 3
    endloop
  endfacet
  facet normal 0.90406 0.427405 1.10766e-18
    outer loop
      vertex 11.737 12.7112 0
      vertex 11.8125 12.5515 3
      vertex 11.8125 12.5515 0
    endloop
  endfacet
  facet normal 0.803316 0.595552 -1.47851e-18
    outer loop
      vertex 12.0086 12.2581 3
      vertex 11.9034 12.4 0
      vertex 11.9034 12.4 3
    endloop
  endfacet
  facet normal 0.803316 0.595552 -1.47851e-18
    outer loop
      vertex 11.9034 12.4 0
      vertex 12.0086 12.2581 3
      vertex 12.0086 12.2581 0
    endloop
  endfacet
  facet normal 0.970042 0.242935 4.73265e-19
    outer loop
      vertex 11.6775 12.8775 3
      vertex 11.6346 13.0488 0
      vertex 11.6346 13.0488 3
    endloop
  endfacet
  facet normal 0.970042 0.242935 4.73265e-19
    outer loop
      vertex 11.6346 13.0488 0
      vertex 11.6775 12.8775 3
      vertex 11.6775 12.8775 0
    endloop
  endfacet
  facet normal 0.998786 0.0492599 1.6586e-20
    outer loop
      vertex 11.6087 13.2236 3
      vertex 11.6 13.4 0
      vertex 11.6 13.4 3
    endloop
  endfacet
  facet normal 0.998786 0.0492599 1.6586e-20
    outer loop
      vertex 11.6 13.4 0
      vertex 11.6087 13.2236 3
      vertex 11.6087 13.2236 0
    endloop
  endfacet
  facet normal -0.146569 0.9892 0
    outer loop
      vertex 13.7512 11.6346 0
      vertex 13.5764 11.6087 3
      vertex 13.7512 11.6346 3
    endloop
  endfacet
  facet normal -0.146569 0.9892 0
    outer loop
      vertex 13.5764 11.6087 3
      vertex 13.7512 11.6346 0
      vertex 13.5764 11.6087 0
    endloop
  endfacet
  facet normal -0.427405 0.90406 0
    outer loop
      vertex 14.2485 11.8125 0
      vertex 14.0888 11.737 3
      vertex 14.2485 11.8125 3
    endloop
  endfacet
  facet normal -0.427405 0.90406 0
    outer loop
      vertex 14.0888 11.737 3
      vertex 14.2485 11.8125 0
      vertex 14.0888 11.737 0
    endloop
  endfacet
  facet normal -0.741066 0.671432 -1.26437e-18
    outer loop
      vertex 14.6728 12.1272 0
      vertex 14.7914 12.2581 3
      vertex 14.7914 12.2581 0
    endloop
  endfacet
  facet normal -0.741066 0.671432 -1.26437e-18
    outer loop
      vertex 14.7914 12.2581 3
      vertex 14.6728 12.1272 0
      vertex 14.6728 12.1272 3
    endloop
  endfacet
  facet normal -0.595552 0.803316 0
    outer loop
      vertex 14.5419 12.0086 0
      vertex 14.4 11.9034 3
      vertex 14.5419 12.0086 3
    endloop
  endfacet
  facet normal -0.595552 0.803316 0
    outer loop
      vertex 14.4 11.9034 3
      vertex 14.5419 12.0086 0
      vertex 14.4 11.9034 0
    endloop
  endfacet
  facet normal -0.857493 0.514496 -1.05633e-18
    outer loop
      vertex 14.8966 12.4 0
      vertex 14.9875 12.5515 3
      vertex 14.9875 12.5515 0
    endloop
  endfacet
  facet normal -0.857493 0.514496 -1.05633e-18
    outer loop
      vertex 14.9875 12.5515 3
      vertex 14.8966 12.4 0
      vertex 14.8966 12.4 3
    endloop
  endfacet
  facet normal -0.9892 0.146569 -6.83059e-19
    outer loop
      vertex 15.1654 13.0488 0
      vertex 15.1913 13.2236 3
      vertex 15.1913 13.2236 0
    endloop
  endfacet
  facet normal -0.9892 0.146569 -6.83059e-19
    outer loop
      vertex 15.1913 13.2236 3
      vertex 15.1654 13.0488 0
      vertex 15.1654 13.0488 3
    endloop
  endfacet
  facet normal -0.970042 0.242935 -4.73265e-19
    outer loop
      vertex 15.1225 12.8775 0
      vertex 15.1654 13.0488 3
      vertex 15.1654 13.0488 0
    endloop
  endfacet
  facet normal -0.970042 0.242935 -4.73265e-19
    outer loop
      vertex 15.1654 13.0488 3
      vertex 15.1225 12.8775 0
      vertex 15.1225 12.8775 3
    endloop
  endfacet
  facet normal -0.998786 0.0492599 1.15902e-20
    outer loop
      vertex 15.1913 13.2236 0
      vertex 15.2 13.4 3
      vertex 15.2 13.4 0
    endloop
  endfacet
  facet normal -0.998786 0.0492599 1.15902e-20
    outer loop
      vertex 15.2 13.4 3
      vertex 15.1913 13.2236 0
      vertex 15.1913 13.2236 3
    endloop
  endfacet
  facet normal 0.595552 0.803316 -0
    outer loop
      vertex 12.4 11.9034 0
      vertex 12.2581 12.0086 3
      vertex 12.4 11.9034 3
    endloop
  endfacet
  facet normal 0.595552 0.803316 0
    outer loop
      vertex 12.2581 12.0086 3
      vertex 12.4 11.9034 0
      vertex 12.2581 12.0086 0
    endloop
  endfacet
  facet normal 0.427405 0.90406 -0
    outer loop
      vertex 12.7112 11.737 0
      vertex 12.5515 11.8125 3
      vertex 12.7112 11.737 3
    endloop
  endfacet
  facet normal 0.427405 0.90406 0
    outer loop
      vertex 12.5515 11.8125 3
      vertex 12.7112 11.737 0
      vertex 12.5515 11.8125 0
    endloop
  endfacet
  facet normal 0.242935 0.970042 -0
    outer loop
      vertex 13.0488 11.6346 0
      vertex 12.8775 11.6775 3
      vertex 13.0488 11.6346 3
    endloop
  endfacet
  facet normal 0.242935 0.970042 0
    outer loop
      vertex 12.8775 11.6775 3
      vertex 13.0488 11.6346 0
      vertex 12.8775 11.6775 0
    endloop
  endfacet
  facet normal 0.0492599 0.998786 -0
    outer loop
      vertex 13.4 11.6 0
      vertex 13.2236 11.6087 3
      vertex 13.4 11.6 3
    endloop
  endfacet
  facet normal 0.0492599 0.998786 0
    outer loop
      vertex 13.2236 11.6087 3
      vertex 13.4 11.6 0
      vertex 13.2236 11.6087 0
    endloop
  endfacet
  facet normal 0.857493 0.514496 6.12062e-19
    outer loop
      vertex 11.9034 12.4 3
      vertex 11.8125 12.5515 0
      vertex 11.8125 12.5515 3
    endloop
  endfacet
  facet normal 0.857493 0.514496 6.12062e-19
    outer loop
      vertex 11.8125 12.5515 0
      vertex 11.9034 12.4 3
      vertex 11.9034 12.4 0
    endloop
  endfacet
  facet normal 0.741066 0.671432 1.40023e-18
    outer loop
      vertex 12.1272 12.1272 3
      vertex 12.0086 12.2581 0
      vertex 12.0086 12.2581 3
    endloop
  endfacet
  facet normal 0.741066 0.671432 1.40023e-18
    outer loop
      vertex 12.0086 12.2581 0
      vertex 12.1272 12.1272 3
      vertex 12.1272 12.1272 0
    endloop
  endfacet
  facet normal 0.9892 0.146569 6.83059e-19
    outer loop
      vertex 11.6346 13.0488 3
      vertex 11.6087 13.2236 0
      vertex 11.6087 13.2236 3
    endloop
  endfacet
  facet normal 0.9892 0.146569 6.83059e-19
    outer loop
      vertex 11.6087 13.2236 0
      vertex 11.6346 13.0488 3
      vertex 11.6346 13.0488 0
    endloop
  endfacet
  facet normal -0.242935 0.970042 0
    outer loop
      vertex 13.9225 11.6775 0
      vertex 13.7512 11.6346 3
      vertex 13.9225 11.6775 3
    endloop
  endfacet
  facet normal -0.242935 0.970042 0
    outer loop
      vertex 13.7512 11.6346 3
      vertex 13.9225 11.6775 0
      vertex 13.7512 11.6346 0
    endloop
  endfacet
  facet normal -0.998701 -0.0509541 -1.08499e-19
    outer loop
      vertex 197.2 13.4 0
      vertex 197.191 13.5764 3
      vertex 197.191 13.5764 0
    endloop
  endfacet
  facet normal -0.998701 -0.0509541 -1.08499e-19
    outer loop
      vertex 197.191 13.5764 3
      vertex 197.2 13.4 0
      vertex 197.2 13.4 3
    endloop
  endfacet
  facet normal 0.998701 -0.0509541 6.73373e-20
    outer loop
      vertex 193.6 13.4 3
      vertex 193.609 13.5764 0
      vertex 193.609 13.5764 3
    endloop
  endfacet
  facet normal 0.998701 -0.0509541 6.73373e-20
    outer loop
      vertex 193.609 13.5764 0
      vertex 193.6 13.4 3
      vertex 193.6 13.4 0
    endloop
  endfacet
  facet normal -0.0493715 -0.99878 0
    outer loop
      vertex 195.4 15.2 0
      vertex 195.576 15.1913 3
      vertex 195.4 15.2 3
    endloop
  endfacet
  facet normal -0.0493715 -0.99878 -0
    outer loop
      vertex 195.576 15.1913 3
      vertex 195.4 15.2 0
      vertex 195.576 15.1913 0
    endloop
  endfacet
  facet normal 0.0493715 0.99878 -0
    outer loop
      vertex 195.4 11.6 0
      vertex 195.224 11.6087 3
      vertex 195.4 11.6 3
    endloop
  endfacet
  facet normal 0.0493715 0.99878 0
    outer loop
      vertex 195.224 11.6087 3
      vertex 195.4 11.6 0
      vertex 195.224 11.6087 0
    endloop
  endfacet
  facet normal 0.742758 0.66956 1.32653e-18
    outer loop
      vertex 194.127 12.1272 3
      vertex 194.009 12.2581 0
      vertex 194.009 12.2581 3
    endloop
  endfacet
  facet normal 0.742758 0.66956 1.32653e-18
    outer loop
      vertex 194.009 12.2581 0
      vertex 194.127 12.1272 3
      vertex 194.127 12.1272 0
    endloop
  endfacet
  facet normal -0.67115 -0.741321 0
    outer loop
      vertex 196.542 14.7914 0
      vertex 196.673 14.6728 3
      vertex 196.542 14.7914 3
    endloop
  endfacet
  facet normal -0.67115 -0.741321 -0
    outer loop
      vertex 196.673 14.6728 3
      vertex 196.542 14.7914 0
      vertex 196.673 14.6728 0
    endloop
  endfacet
  facet normal 0.67115 -0.741321 0
    outer loop
      vertex 194.127 14.6728 0
      vertex 194.258 14.7914 3
      vertex 194.127 14.6728 3
    endloop
  endfacet
  facet normal 0.67115 -0.741321 0
    outer loop
      vertex 194.258 14.7914 3
      vertex 194.127 14.6728 0
      vertex 194.258 14.7914 0
    endloop
  endfacet
  facet normal 0.337414 -0.941356 0
    outer loop
      vertex 194.711 15.063 0
      vertex 194.877 15.1225 3
      vertex 194.711 15.063 3
    endloop
  endfacet
  facet normal 0.337414 -0.941356 0
    outer loop
      vertex 194.877 15.1225 3
      vertex 194.711 15.063 0
      vertex 194.877 15.1225 0
    endloop
  endfacet
  facet normal -0.902965 -0.429714 -1.44475e-18
    outer loop
      vertex 197.063 14.0888 0
      vertex 196.987 14.2485 3
      vertex 196.987 14.2485 0
    endloop
  endfacet
  facet normal -0.902965 -0.429714 -1.44475e-18
    outer loop
      vertex 196.987 14.2485 3
      vertex 197.063 14.0888 0
      vertex 197.063 14.0888 3
    endloop
  endfacet
  facet normal -0.42675 -0.90437 0
    outer loop
      vertex 196.089 15.063 0
      vertex 196.249 14.9875 3
      vertex 196.089 15.063 3
    endloop
  endfacet
  facet normal -0.42675 -0.90437 -0
    outer loop
      vertex 196.249 14.9875 3
      vertex 196.089 15.063 0
      vertex 196.249 14.9875 0
    endloop
  endfacet
  facet normal -0.515747 -0.856741 0
    outer loop
      vertex 196.249 14.9875 0
      vertex 196.4 14.8966 3
      vertex 196.249 14.9875 3
    endloop
  endfacet
  facet normal -0.515747 -0.856741 -0
    outer loop
      vertex 196.4 14.8966 3
      vertex 196.249 14.9875 0
      vertex 196.4 14.8966 0
    endloop
  endfacet
  facet normal 0.902965 -0.429714 1.44475e-18
    outer loop
      vertex 193.737 14.0888 3
      vertex 193.813 14.2485 0
      vertex 193.813 14.2485 3
    endloop
  endfacet
  facet normal 0.902965 -0.429714 1.44475e-18
    outer loop
      vertex 193.813 14.2485 0
      vertex 193.737 14.0888 3
      vertex 193.737 14.0888 0
    endloop
  endfacet
  facet normal 0.146405 -0.989225 0
    outer loop
      vertex 195.049 15.1654 0
      vertex 195.224 15.1913 3
      vertex 195.049 15.1654 3
    endloop
  endfacet
  facet normal 0.146405 -0.989225 0
    outer loop
      vertex 195.224 15.1913 3
      vertex 195.049 15.1654 0
      vertex 195.224 15.1913 0
    endloop
  endfacet
  facet normal -0.969909 0.243468 4.3723e-19
    outer loop
      vertex 197.122 12.8775 0
      vertex 197.165 13.0488 3
      vertex 197.165 13.0488 0
    endloop
  endfacet
  facet normal -0.969909 0.243468 4.3723e-19
    outer loop
      vertex 197.165 13.0488 3
      vertex 197.122 12.8775 0
      vertex 197.122 12.8775 3
    endloop
  endfacet
  facet normal -0.969909 -0.243468 -5.41941e-19
    outer loop
      vertex 197.165 13.7512 0
      vertex 197.122 13.9225 3
      vertex 197.122 13.9225 0
    endloop
  endfacet
  facet normal -0.969909 -0.243468 -5.41941e-19
    outer loop
      vertex 197.122 13.9225 3
      vertex 197.165 13.7512 0
      vertex 197.165 13.7512 3
    endloop
  endfacet
  facet normal -0.989118 -0.147123 4.17789e-19
    outer loop
      vertex 197.191 13.5764 0
      vertex 197.165 13.7512 3
      vertex 197.165 13.7512 0
    endloop
  endfacet
  facet normal -0.989118 -0.147123 4.17789e-19
    outer loop
      vertex 197.165 13.7512 3
      vertex 197.191 13.5764 0
      vertex 197.191 13.5764 3
    endloop
  endfacet
  facet normal -0.942445 -0.334361 1.07846e-18
    outer loop
      vertex 197.122 13.9225 0
      vertex 197.063 14.0888 3
      vertex 197.063 14.0888 0
    endloop
  endfacet
  facet normal -0.942445 -0.334361 1.07846e-18
    outer loop
      vertex 197.063 14.0888 3
      vertex 197.122 13.9225 0
      vertex 197.122 13.9225 3
    endloop
  endfacet
  facet normal -0.80115 -0.598463 -2.70994e-19
    outer loop
      vertex 196.897 14.4 0
      vertex 196.791 14.5419 3
      vertex 196.791 14.5419 0
    endloop
  endfacet
  facet normal -0.80115 -0.598463 -2.70994e-19
    outer loop
      vertex 196.791 14.5419 3
      vertex 196.897 14.4 0
      vertex 196.897 14.4 3
    endloop
  endfacet
  facet normal -0.742758 -0.66956 -8.57118e-19
    outer loop
      vertex 196.791 14.5419 0
      vertex 196.673 14.6728 3
      vertex 196.673 14.6728 0
    endloop
  endfacet
  facet normal -0.742758 -0.66956 -8.57118e-19
    outer loop
      vertex 196.673 14.6728 3
      vertex 196.791 14.5419 0
      vertex 196.791 14.5419 3
    endloop
  endfacet
  facet normal -0.859738 -0.510735 -1.63751e-18
    outer loop
      vertex 196.987 14.2485 0
      vertex 196.897 14.4 3
      vertex 196.897 14.4 0
    endloop
  endfacet
  facet normal -0.859738 -0.510735 -1.63751e-18
    outer loop
      vertex 196.897 14.4 3
      vertex 196.987 14.2485 0
      vertex 196.987 14.2485 3
    endloop
  endfacet
  facet normal -0.242005 -0.970275 0
    outer loop
      vertex 195.751 15.1654 0
      vertex 195.923 15.1225 3
      vertex 195.751 15.1654 3
    endloop
  endfacet
  facet normal -0.242005 -0.970275 -0
    outer loop
      vertex 195.923 15.1225 3
      vertex 195.751 15.1654 0
      vertex 195.923 15.1225 0
    endloop
  endfacet
  facet normal -0.337414 -0.941356 0
    outer loop
      vertex 195.923 15.1225 0
      vertex 196.089 15.063 3
      vertex 195.923 15.1225 3
    endloop
  endfacet
  facet normal -0.337414 -0.941356 -0
    outer loop
      vertex 196.089 15.063 3
      vertex 195.923 15.1225 0
      vertex 196.089 15.063 0
    endloop
  endfacet
  facet normal -0.146405 -0.989225 0
    outer loop
      vertex 195.576 15.1913 0
      vertex 195.751 15.1654 3
      vertex 195.576 15.1913 3
    endloop
  endfacet
  facet normal -0.146405 -0.989225 -0
    outer loop
      vertex 195.751 15.1654 3
      vertex 195.576 15.1913 0
      vertex 195.751 15.1654 0
    endloop
  endfacet
  facet normal -0.595282 -0.803517 0
    outer loop
      vertex 196.4 14.8966 0
      vertex 196.542 14.7914 3
      vertex 196.4 14.8966 3
    endloop
  endfacet
  facet normal -0.595282 -0.803517 -0
    outer loop
      vertex 196.542 14.7914 3
      vertex 196.4 14.8966 0
      vertex 196.542 14.7914 0
    endloop
  endfacet
  facet normal 0.969909 -0.243468 2.82161e-19
    outer loop
      vertex 193.635 13.7512 3
      vertex 193.678 13.9225 0
      vertex 193.678 13.9225 3
    endloop
  endfacet
  facet normal 0.969909 -0.243468 2.82161e-19
    outer loop
      vertex 193.678 13.9225 0
      vertex 193.635 13.7512 3
      vertex 193.635 13.7512 0
    endloop
  endfacet
  facet normal 0.80115 -0.598463 2.70994e-19
    outer loop
      vertex 193.903 14.4 3
      vertex 194.009 14.5419 0
      vertex 194.009 14.5419 3
    endloop
  endfacet
  facet normal 0.80115 -0.598463 2.70994e-19
    outer loop
      vertex 194.009 14.5419 0
      vertex 193.903 14.4 3
      vertex 193.903 14.4 0
    endloop
  endfacet
  facet normal 0.742758 -0.66956 -1.32653e-18
    outer loop
      vertex 194.009 14.5419 3
      vertex 194.127 14.6728 0
      vertex 194.127 14.6728 3
    endloop
  endfacet
  facet normal 0.742758 -0.66956 -1.32653e-18
    outer loop
      vertex 194.127 14.6728 0
      vertex 194.009 14.5419 3
      vertex 194.009 14.5419 0
    endloop
  endfacet
  facet normal 0.859738 -0.510735 1.63751e-18
    outer loop
      vertex 193.813 14.2485 3
      vertex 193.903 14.4 0
      vertex 193.903 14.4 3
    endloop
  endfacet
  facet normal 0.859738 -0.510735 1.63751e-18
    outer loop
      vertex 193.903 14.4 0
      vertex 193.813 14.2485 3
      vertex 193.813 14.2485 0
    endloop
  endfacet
  facet normal 0.942445 -0.334361 1.08166e-18
    outer loop
      vertex 193.678 13.9225 3
      vertex 193.737 14.0888 0
      vertex 193.737 14.0888 3
    endloop
  endfacet
  facet normal 0.942445 -0.334361 1.08166e-18
    outer loop
      vertex 193.737 14.0888 0
      vertex 193.678 13.9225 3
      vertex 193.678 13.9225 0
    endloop
  endfacet
  facet normal 0.989118 -0.147123 -6.69422e-19
    outer loop
      vertex 193.609 13.5764 3
      vertex 193.635 13.7512 0
      vertex 193.635 13.7512 3
    endloop
  endfacet
  facet normal 0.989118 -0.147123 -6.69422e-19
    outer loop
      vertex 193.635 13.7512 0
      vertex 193.609 13.5764 3
      vertex 193.609 13.5764 0
    endloop
  endfacet
  facet normal 0.515747 -0.856741 0
    outer loop
      vertex 194.4 14.8966 0
      vertex 194.551 14.9875 3
      vertex 194.4 14.8966 3
    endloop
  endfacet
  facet normal 0.515747 -0.856741 0
    outer loop
      vertex 194.551 14.9875 3
      vertex 194.4 14.8966 0
      vertex 194.551 14.9875 0
    endloop
  endfacet
  facet normal 0.42675 -0.90437 0
    outer loop
      vertex 194.551 14.9875 0
      vertex 194.711 15.063 3
      vertex 194.551 14.9875 3
    endloop
  endfacet
  facet normal 0.42675 -0.90437 0
    outer loop
      vertex 194.711 15.063 3
      vertex 194.551 14.9875 0
      vertex 194.711 15.063 0
    endloop
  endfacet
  facet normal 0.595282 -0.803517 0
    outer loop
      vertex 194.258 14.7914 0
      vertex 194.4 14.8966 3
      vertex 194.258 14.7914 3
    endloop
  endfacet
  facet normal 0.595282 -0.803517 0
    outer loop
      vertex 194.4 14.8966 3
      vertex 194.258 14.7914 0
      vertex 194.4 14.8966 0
    endloop
  endfacet
  facet normal 0.242005 -0.970275 0
    outer loop
      vertex 194.877 15.1225 0
      vertex 195.049 15.1654 3
      vertex 194.877 15.1225 3
    endloop
  endfacet
  facet normal 0.242005 -0.970275 0
    outer loop
      vertex 195.049 15.1654 3
      vertex 194.877 15.1225 0
      vertex 195.049 15.1654 0
    endloop
  endfacet
  facet normal 0.0493715 -0.99878 0
    outer loop
      vertex 195.224 15.1913 0
      vertex 195.4 15.2 3
      vertex 195.224 15.1913 3
    endloop
  endfacet
  facet normal 0.0493715 -0.99878 0
    outer loop
      vertex 195.4 15.2 3
      vertex 195.224 15.1913 0
      vertex 195.4 15.2 0
    endloop
  endfacet
  facet normal -0.998701 0.0509541 -1.89424e-19
    outer loop
      vertex 197.191 13.2236 0
      vertex 197.2 13.4 3
      vertex 197.2 13.4 0
    endloop
  endfacet
  facet normal -0.998701 0.0509541 -1.89424e-19
    outer loop
      vertex 197.2 13.4 3
      vertex 197.191 13.2236 0
      vertex 197.191 13.2236 3
    endloop
  endfacet
  facet normal -0.0493715 0.99878 0
    outer loop
      vertex 195.576 11.6087 0
      vertex 195.4 11.6 3
      vertex 195.576 11.6087 3
    endloop
  endfacet
  facet normal -0.0493715 0.99878 0
    outer loop
      vertex 195.4 11.6 3
      vertex 195.576 11.6087 0
      vertex 195.4 11.6 0
    endloop
  endfacet
  facet normal -0.337414 0.941356 0
    outer loop
      vertex 196.089 11.737 0
      vertex 195.923 11.6775 3
      vertex 196.089 11.737 3
    endloop
  endfacet
  facet normal -0.337414 0.941356 0
    outer loop
      vertex 195.923 11.6775 3
      vertex 196.089 11.737 0
      vertex 195.923 11.6775 0
    endloop
  endfacet
  facet normal -0.67115 0.741321 0
    outer loop
      vertex 196.673 12.1272 0
      vertex 196.542 12.0086 3
      vertex 196.673 12.1272 3
    endloop
  endfacet
  facet normal -0.67115 0.741321 0
    outer loop
      vertex 196.542 12.0086 3
      vertex 196.673 12.1272 0
      vertex 196.542 12.0086 0
    endloop
  endfacet
  facet normal -0.515747 0.856741 0
    outer loop
      vertex 196.4 11.9034 0
      vertex 196.249 11.8125 3
      vertex 196.4 11.9034 3
    endloop
  endfacet
  facet normal -0.515747 0.856741 0
    outer loop
      vertex 196.249 11.8125 3
      vertex 196.4 11.9034 0
      vertex 196.249 11.8125 0
    endloop
  endfacet
  facet normal -0.80115 0.598463 2.70994e-19
    outer loop
      vertex 196.791 12.2581 0
      vertex 196.897 12.4 3
      vertex 196.897 12.4 0
    endloop
  endfacet
  facet normal -0.80115 0.598463 2.70994e-19
    outer loop
      vertex 196.897 12.4 3
      vertex 196.791 12.2581 0
      vertex 196.791 12.2581 3
    endloop
  endfacet
  facet normal -0.902965 0.429714 1.44475e-18
    outer loop
      vertex 196.987 12.5515 0
      vertex 197.063 12.7112 3
      vertex 197.063 12.7112 0
    endloop
  endfacet
  facet normal -0.902965 0.429714 1.44475e-18
    outer loop
      vertex 197.063 12.7112 3
      vertex 196.987 12.5515 0
      vertex 196.987 12.5515 3
    endloop
  endfacet
  facet normal 0.67115 0.741321 -0
    outer loop
      vertex 194.258 12.0086 0
      vertex 194.127 12.1272 3
      vertex 194.258 12.0086 3
    endloop
  endfacet
  facet normal 0.67115 0.741321 0
    outer loop
      vertex 194.127 12.1272 3
      vertex 194.258 12.0086 0
      vertex 194.127 12.1272 0
    endloop
  endfacet
  facet normal 0.515747 0.856741 -0
    outer loop
      vertex 194.551 11.8125 0
      vertex 194.4 11.9034 3
      vertex 194.551 11.8125 3
    endloop
  endfacet
  facet normal 0.515747 0.856741 0
    outer loop
      vertex 194.4 11.9034 3
      vertex 194.551 11.8125 0
      vertex 194.4 11.9034 0
    endloop
  endfacet
  facet normal 0.337414 0.941356 -0
    outer loop
      vertex 194.877 11.6775 0
      vertex 194.711 11.737 3
      vertex 194.877 11.6775 3
    endloop
  endfacet
  facet normal 0.337414 0.941356 0
    outer loop
      vertex 194.711 11.737 3
      vertex 194.877 11.6775 0
      vertex 194.711 11.737 0
    endloop
  endfacet
  facet normal 0.146405 0.989225 -0
    outer loop
      vertex 195.224 11.6087 0
      vertex 195.049 11.6346 3
      vertex 195.224 11.6087 3
    endloop
  endfacet
  facet normal 0.146405 0.989225 0
    outer loop
      vertex 195.049 11.6346 3
      vertex 195.224 11.6087 0
      vertex 195.049 11.6346 0
    endloop
  endfacet
  facet normal 0.859738 0.510735 -1.63751e-18
    outer loop
      vertex 193.903 12.4 3
      vertex 193.813 12.5515 0
      vertex 193.813 12.5515 3
    endloop
  endfacet
  facet normal 0.859738 0.510735 -1.63751e-18
    outer loop
      vertex 193.813 12.5515 0
      vertex 193.903 12.4 3
      vertex 193.903 12.4 0
    endloop
  endfacet
  facet normal 0.902965 0.429714 -1.44475e-18
    outer loop
      vertex 193.813 12.5515 3
      vertex 193.737 12.7112 0
      vertex 193.737 12.7112 3
    endloop
  endfacet
  facet normal 0.902965 0.429714 -1.44475e-18
    outer loop
      vertex 193.737 12.7112 0
      vertex 193.813 12.5515 3
      vertex 193.813 12.5515 0
    endloop
  endfacet
  facet normal 0.80115 0.598463 -2.70994e-19
    outer loop
      vertex 194.009 12.2581 3
      vertex 193.903 12.4 0
      vertex 193.903 12.4 3
    endloop
  endfacet
  facet normal 0.80115 0.598463 -2.70994e-19
    outer loop
      vertex 193.903 12.4 0
      vertex 194.009 12.2581 3
      vertex 194.009 12.2581 0
    endloop
  endfacet
  facet normal 0.969909 0.243468 -1.7745e-19
    outer loop
      vertex 193.678 12.8775 3
      vertex 193.635 13.0488 0
      vertex 193.635 13.0488 3
    endloop
  endfacet
  facet normal 0.969909 0.243468 -1.7745e-19
    outer loop
      vertex 193.635 13.0488 0
      vertex 193.678 12.8775 3
      vertex 193.678 12.8775 0
    endloop
  endfacet
  facet normal 0.942445 0.334361 8.32044e-19
    outer loop
      vertex 193.737 12.7112 3
      vertex 193.678 12.8775 0
      vertex 193.678 12.8775 3
    endloop
  endfacet
  facet normal 0.942445 0.334361 8.32044e-19
    outer loop
      vertex 193.678 12.8775 0
      vertex 193.737 12.7112 3
      vertex 193.737 12.7112 0
    endloop
  endfacet
  facet normal 0.998701 0.0509541 -1.78634e-19
    outer loop
      vertex 193.609 13.2236 3
      vertex 193.6 13.4 0
      vertex 193.6 13.4 3
    endloop
  endfacet
  facet normal 0.998701 0.0509541 -1.78634e-19
    outer loop
      vertex 193.6 13.4 0
      vertex 193.609 13.2236 3
      vertex 193.609 13.2236 0
    endloop
  endfacet
  facet normal -0.146405 0.989225 0
    outer loop
      vertex 195.751 11.6346 0
      vertex 195.576 11.6087 3
      vertex 195.751 11.6346 3
    endloop
  endfacet
  facet normal -0.146405 0.989225 0
    outer loop
      vertex 195.576 11.6087 3
      vertex 195.751 11.6346 0
      vertex 195.576 11.6087 0
    endloop
  endfacet
  facet normal -0.42675 0.90437 0
    outer loop
      vertex 196.249 11.8125 0
      vertex 196.089 11.737 3
      vertex 196.249 11.8125 3
    endloop
  endfacet
  facet normal -0.42675 0.90437 0
    outer loop
      vertex 196.089 11.737 3
      vertex 196.249 11.8125 0
      vertex 196.089 11.737 0
    endloop
  endfacet
  facet normal -0.742758 0.66956 8.57118e-19
    outer loop
      vertex 196.673 12.1272 0
      vertex 196.791 12.2581 3
      vertex 196.791 12.2581 0
    endloop
  endfacet
  facet normal -0.742758 0.66956 8.57118e-19
    outer loop
      vertex 196.791 12.2581 3
      vertex 196.673 12.1272 0
      vertex 196.673 12.1272 3
    endloop
  endfacet
  facet normal -0.595282 0.803517 0
    outer loop
      vertex 196.542 12.0086 0
      vertex 196.4 11.9034 3
      vertex 196.542 12.0086 3
    endloop
  endfacet
  facet normal -0.595282 0.803517 0
    outer loop
      vertex 196.4 11.9034 3
      vertex 196.542 12.0086 0
      vertex 196.4 11.9034 0
    endloop
  endfacet
  facet normal -0.859738 0.510735 1.63751e-18
    outer loop
      vertex 196.897 12.4 0
      vertex 196.987 12.5515 3
      vertex 196.987 12.5515 0
    endloop
  endfacet
  facet normal -0.859738 0.510735 1.63751e-18
    outer loop
      vertex 196.987 12.5515 3
      vertex 196.897 12.4 0
      vertex 196.897 12.4 3
    endloop
  endfacet
  facet normal -0.942445 0.334361 2.84815e-19
    outer loop
      vertex 197.063 12.7112 0
      vertex 197.122 12.8775 3
      vertex 197.122 12.8775 0
    endloop
  endfacet
  facet normal -0.942445 0.334361 2.84815e-19
    outer loop
      vertex 197.122 12.8775 3
      vertex 197.063 12.7112 0
      vertex 197.063 12.7112 3
    endloop
  endfacet
  facet normal -0.989118 0.147123 -1.19825e-20
    outer loop
      vertex 197.165 13.0488 0
      vertex 197.191 13.2236 3
      vertex 197.191 13.2236 0
    endloop
  endfacet
  facet normal -0.989118 0.147123 -1.19825e-20
    outer loop
      vertex 197.191 13.2236 3
      vertex 197.165 13.0488 0
      vertex 197.165 13.0488 3
    endloop
  endfacet
  facet normal 0.595282 0.803517 -0
    outer loop
      vertex 194.4 11.9034 0
      vertex 194.258 12.0086 3
      vertex 194.4 11.9034 3
    endloop
  endfacet
  facet normal 0.595282 0.803517 0
    outer loop
      vertex 194.258 12.0086 3
      vertex 194.4 11.9034 0
      vertex 194.258 12.0086 0
    endloop
  endfacet
  facet normal 0.42675 0.90437 -0
    outer loop
      vertex 194.711 11.737 0
      vertex 194.551 11.8125 3
      vertex 194.711 11.737 3
    endloop
  endfacet
  facet normal 0.42675 0.90437 0
    outer loop
      vertex 194.551 11.8125 3
      vertex 194.711 11.737 0
      vertex 194.551 11.8125 0
    endloop
  endfacet
  facet normal 0.242005 0.970275 -0
    outer loop
      vertex 195.049 11.6346 0
      vertex 194.877 11.6775 3
      vertex 195.049 11.6346 3
    endloop
  endfacet
  facet normal 0.242005 0.970275 0
    outer loop
      vertex 194.877 11.6775 3
      vertex 195.049 11.6346 0
      vertex 194.877 11.6775 0
    endloop
  endfacet
  facet normal 0.989118 0.147123 2.63615e-19
    outer loop
      vertex 193.635 13.0488 3
      vertex 193.609 13.2236 0
      vertex 193.609 13.2236 3
    endloop
  endfacet
  facet normal 0.989118 0.147123 2.63615e-19
    outer loop
      vertex 193.609 13.2236 0
      vertex 193.635 13.0488 3
      vertex 193.635 13.0488 0
    endloop
  endfacet
  facet normal -0.242005 0.970275 0
    outer loop
      vertex 195.923 11.6775 0
      vertex 195.751 11.6346 3
      vertex 195.923 11.6775 3
    endloop
  endfacet
  facet normal -0.242005 0.970275 0
    outer loop
      vertex 195.751 11.6346 3
      vertex 195.923 11.6775 0
      vertex 195.751 11.6346 0
    endloop
  endfacet
  facet normal -0.99878 -0.0493715 1.06151e-19
    outer loop
      vertex 15.2 153.4 0
      vertex 15.1913 153.576 3
      vertex 15.1913 153.576 0
    endloop
  endfacet
  facet normal -0.99878 -0.0493715 1.06151e-19
    outer loop
      vertex 15.1913 153.576 3
      vertex 15.2 153.4 0
      vertex 15.2 153.4 3
    endloop
  endfacet
  facet normal 0.99878 -0.0493715 -2.08295e-20
    outer loop
      vertex 11.6 153.4 3
      vertex 11.6087 153.576 0
      vertex 11.6087 153.576 3
    endloop
  endfacet
  facet normal 0.99878 -0.0493715 -2.08295e-20
    outer loop
      vertex 11.6087 153.576 0
      vertex 11.6 153.4 3
      vertex 11.6 153.4 0
    endloop
  endfacet
  facet normal -0.0509541 -0.998701 0
    outer loop
      vertex 13.4 155.2 0
      vertex 13.5764 155.191 3
      vertex 13.4 155.2 3
    endloop
  endfacet
  facet normal -0.0509541 -0.998701 -0
    outer loop
      vertex 13.5764 155.191 3
      vertex 13.4 155.2 0
      vertex 13.5764 155.191 0
    endloop
  endfacet
  facet normal -0.66956 -0.742758 0
    outer loop
      vertex 14.5419 154.791 0
      vertex 14.6728 154.673 3
      vertex 14.5419 154.791 3
    endloop
  endfacet
  facet normal -0.66956 -0.742758 -0
    outer loop
      vertex 14.6728 154.673 3
      vertex 14.5419 154.791 0
      vertex 14.6728 154.673 0
    endloop
  endfacet
  facet normal 0.66956 -0.742758 0
    outer loop
      vertex 12.1272 154.673 0
      vertex 12.2581 154.791 3
      vertex 12.1272 154.673 3
    endloop
  endfacet
  facet normal 0.66956 -0.742758 0
    outer loop
      vertex 12.2581 154.791 3
      vertex 12.1272 154.673 0
      vertex 12.2581 154.791 0
    endloop
  endfacet
  facet normal 0.334361 -0.942445 0
    outer loop
      vertex 12.7112 155.063 0
      vertex 12.8775 155.122 3
      vertex 12.7112 155.063 3
    endloop
  endfacet
  facet normal 0.334361 -0.942445 0
    outer loop
      vertex 12.8775 155.122 3
      vertex 12.7112 155.063 0
      vertex 12.8775 155.122 0
    endloop
  endfacet
  facet normal 0.970275 0.242005 -8.76008e-20
    outer loop
      vertex 11.6775 152.877 3
      vertex 11.6346 153.049 0
      vertex 11.6346 153.049 3
    endloop
  endfacet
  facet normal 0.970275 0.242005 -8.76008e-20
    outer loop
      vertex 11.6346 153.049 0
      vertex 11.6775 152.877 3
      vertex 11.6775 152.877 0
    endloop
  endfacet
  facet normal -0.90437 -0.42675 3.95783e-19
    outer loop
      vertex 15.063 154.089 0
      vertex 14.9875 154.249 3
      vertex 14.9875 154.249 0
    endloop
  endfacet
  facet normal -0.90437 -0.42675 3.95783e-19
    outer loop
      vertex 14.9875 154.249 3
      vertex 15.063 154.089 0
      vertex 15.063 154.089 3
    endloop
  endfacet
  facet normal -0.429714 -0.902965 0
    outer loop
      vertex 14.0888 155.063 0
      vertex 14.2485 154.987 3
      vertex 14.0888 155.063 3
    endloop
  endfacet
  facet normal -0.429714 -0.902965 -0
    outer loop
      vertex 14.2485 154.987 3
      vertex 14.0888 155.063 0
      vertex 14.2485 154.987 0
    endloop
  endfacet
  facet normal -0.510735 -0.859738 0
    outer loop
      vertex 14.2485 154.987 0
      vertex 14.4 154.897 3
      vertex 14.2485 154.987 3
    endloop
  endfacet
  facet normal -0.510735 -0.859738 -0
    outer loop
      vertex 14.4 154.897 3
      vertex 14.2485 154.987 0
      vertex 14.4 154.897 0
    endloop
  endfacet
  facet normal 0.856741 -0.515747 -6.31172e-19
    outer loop
      vertex 11.8125 154.249 3
      vertex 11.9034 154.4 0
      vertex 11.9034 154.4 3
    endloop
  endfacet
  facet normal 0.856741 -0.515747 -6.31172e-19
    outer loop
      vertex 11.9034 154.4 0
      vertex 11.8125 154.249 3
      vertex 11.8125 154.249 0
    endloop
  endfacet
  facet normal 0.803517 -0.595282 7.18949e-20
    outer loop
      vertex 11.9034 154.4 3
      vertex 12.0086 154.542 0
      vertex 12.0086 154.542 3
    endloop
  endfacet
  facet normal 0.803517 -0.595282 7.18949e-20
    outer loop
      vertex 12.0086 154.542 0
      vertex 11.9034 154.4 3
      vertex 11.9034 154.4 0
    endloop
  endfacet
  facet normal 0.147123 -0.989118 0
    outer loop
      vertex 13.0488 155.165 0
      vertex 13.2236 155.191 3
      vertex 13.0488 155.165 3
    endloop
  endfacet
  facet normal 0.147123 -0.989118 0
    outer loop
      vertex 13.2236 155.191 3
      vertex 13.0488 155.165 0
      vertex 13.2236 155.191 0
    endloop
  endfacet
  facet normal -0.90437 0.42675 -3.68652e-19
    outer loop
      vertex 14.9875 152.551 0
      vertex 15.063 152.711 3
      vertex 15.063 152.711 0
    endloop
  endfacet
  facet normal -0.90437 0.42675 -3.68652e-19
    outer loop
      vertex 15.063 152.711 3
      vertex 14.9875 152.551 0
      vertex 14.9875 152.551 3
    endloop
  endfacet
  facet normal -0.334361 0.942445 0
    outer loop
      vertex 14.0888 151.737 0
      vertex 13.9225 151.678 3
      vertex 14.0888 151.737 3
    endloop
  endfacet
  facet normal -0.334361 0.942445 0
    outer loop
      vertex 13.9225 151.678 3
      vertex 14.0888 151.737 0
      vertex 13.9225 151.678 0
    endloop
  endfacet
  facet normal -0.741321 0.67115 2.23688e-20
    outer loop
      vertex 14.6728 152.127 0
      vertex 14.7914 152.258 3
      vertex 14.7914 152.258 0
    endloop
  endfacet
  facet normal -0.741321 0.67115 2.23688e-20
    outer loop
      vertex 14.7914 152.258 3
      vertex 14.6728 152.127 0
      vertex 14.6728 152.127 3
    endloop
  endfacet
  facet normal -0.970275 0.242005 8.76008e-20
    outer loop
      vertex 15.1225 152.877 0
      vertex 15.1654 153.049 3
      vertex 15.1654 153.049 0
    endloop
  endfacet
  facet normal -0.970275 0.242005 8.76008e-20
    outer loop
      vertex 15.1654 153.049 3
      vertex 15.1225 152.877 0
      vertex 15.1225 152.877 3
    endloop
  endfacet
  facet normal 0.334361 0.942445 -0
    outer loop
      vertex 12.8775 151.678 0
      vertex 12.7112 151.737 3
      vertex 12.8775 151.678 3
    endloop
  endfacet
  facet normal 0.334361 0.942445 0
    outer loop
      vertex 12.7112 151.737 3
      vertex 12.8775 151.678 0
      vertex 12.7112 151.737 0
    endloop
  endfacet
  facet normal 0.803517 0.595282 -7.18949e-20
    outer loop
      vertex 12.0086 152.258 3
      vertex 11.9034 152.4 0
      vertex 11.9034 152.4 3
    endloop
  endfacet
  facet normal 0.803517 0.595282 -7.18949e-20
    outer loop
      vertex 11.9034 152.4 0
      vertex 12.0086 152.258 3
      vertex 12.0086 152.258 0
    endloop
  endfacet
  facet normal -0.970275 -0.242005 -8.76008e-20
    outer loop
      vertex 15.1654 153.751 0
      vertex 15.1225 153.923 3
      vertex 15.1225 153.923 0
    endloop
  endfacet
  facet normal -0.970275 -0.242005 -8.76008e-20
    outer loop
      vertex 15.1225 153.923 3
      vertex 15.1654 153.751 0
      vertex 15.1654 153.751 3
    endloop
  endfacet
  facet normal -0.989225 -0.146405 4.51671e-19
    outer loop
      vertex 15.1913 153.576 0
      vertex 15.1654 153.751 3
      vertex 15.1654 153.751 0
    endloop
  endfacet
  facet normal -0.989225 -0.146405 4.51671e-19
    outer loop
      vertex 15.1654 153.751 3
      vertex 15.1913 153.576 0
      vertex 15.1913 153.576 3
    endloop
  endfacet
  facet normal -0.941356 -0.337414 -8.88624e-19
    outer loop
      vertex 15.1225 153.923 0
      vertex 15.063 154.089 3
      vertex 15.063 154.089 0
    endloop
  endfacet
  facet normal -0.941356 -0.337414 -8.88624e-19
    outer loop
      vertex 15.063 154.089 3
      vertex 15.1225 153.923 0
      vertex 15.1225 153.923 3
    endloop
  endfacet
  facet normal -0.803517 -0.595282 -7.18949e-20
    outer loop
      vertex 14.8966 154.4 0
      vertex 14.7914 154.542 3
      vertex 14.7914 154.542 0
    endloop
  endfacet
  facet normal -0.803517 -0.595282 -7.18949e-20
    outer loop
      vertex 14.7914 154.542 3
      vertex 14.8966 154.4 0
      vertex 14.8966 154.4 3
    endloop
  endfacet
  facet normal -0.856741 -0.515747 -6.02337e-19
    outer loop
      vertex 14.9875 154.249 0
      vertex 14.8966 154.4 3
      vertex 14.8966 154.4 0
    endloop
  endfacet
  facet normal -0.856741 -0.515747 -6.02337e-19
    outer loop
      vertex 14.8966 154.4 3
      vertex 14.9875 154.249 0
      vertex 14.9875 154.249 3
    endloop
  endfacet
  facet normal -0.243468 -0.969909 0
    outer loop
      vertex 13.7512 155.165 0
      vertex 13.9225 155.122 3
      vertex 13.7512 155.165 3
    endloop
  endfacet
  facet normal -0.243468 -0.969909 -0
    outer loop
      vertex 13.9225 155.122 3
      vertex 13.7512 155.165 0
      vertex 13.9225 155.122 0
    endloop
  endfacet
  facet normal -0.334361 -0.942445 0
    outer loop
      vertex 13.9225 155.122 0
      vertex 14.0888 155.063 3
      vertex 13.9225 155.122 3
    endloop
  endfacet
  facet normal -0.334361 -0.942445 -0
    outer loop
      vertex 14.0888 155.063 3
      vertex 13.9225 155.122 0
      vertex 14.0888 155.063 0
    endloop
  endfacet
  facet normal -0.147123 -0.989118 0
    outer loop
      vertex 13.5764 155.191 0
      vertex 13.7512 155.165 3
      vertex 13.5764 155.191 3
    endloop
  endfacet
  facet normal -0.147123 -0.989118 -0
    outer loop
      vertex 13.7512 155.165 3
      vertex 13.5764 155.191 0
      vertex 13.7512 155.165 0
    endloop
  endfacet
  facet normal -0.598463 -0.80115 0
    outer loop
      vertex 14.4 154.897 0
      vertex 14.5419 154.791 3
      vertex 14.4 154.897 3
    endloop
  endfacet
  facet normal -0.598463 -0.80115 -0
    outer loop
      vertex 14.5419 154.791 3
      vertex 14.4 154.897 0
      vertex 14.5419 154.791 0
    endloop
  endfacet
  facet normal 0.970275 -0.242005 8.76008e-20
    outer loop
      vertex 11.6346 153.751 3
      vertex 11.6775 153.923 0
      vertex 11.6775 153.923 3
    endloop
  endfacet
  facet normal 0.970275 -0.242005 8.76008e-20
    outer loop
      vertex 11.6775 153.923 0
      vertex 11.6346 153.751 3
      vertex 11.6346 153.751 0
    endloop
  endfacet
  facet normal 0.741321 -0.67115 -4.48973e-19
    outer loop
      vertex 12.0086 154.542 3
      vertex 12.1272 154.673 0
      vertex 12.1272 154.673 3
    endloop
  endfacet
  facet normal 0.741321 -0.67115 -4.48973e-19
    outer loop
      vertex 12.1272 154.673 0
      vertex 12.0086 154.542 3
      vertex 12.0086 154.542 0
    endloop
  endfacet
  facet normal 0.90437 -0.42675 -3.95783e-19
    outer loop
      vertex 11.737 154.089 3
      vertex 11.8125 154.249 0
      vertex 11.8125 154.249 3
    endloop
  endfacet
  facet normal 0.90437 -0.42675 -3.95783e-19
    outer loop
      vertex 11.8125 154.249 0
      vertex 11.737 154.089 3
      vertex 11.737 154.089 0
    endloop
  endfacet
  facet normal 0.941356 -0.337414 8.88624e-19
    outer loop
      vertex 11.6775 153.923 3
      vertex 11.737 154.089 0
      vertex 11.737 154.089 3
    endloop
  endfacet
  facet normal 0.941356 -0.337414 8.88624e-19
    outer loop
      vertex 11.737 154.089 0
      vertex 11.6775 153.923 3
      vertex 11.6775 153.923 0
    endloop
  endfacet
  facet normal 0.989225 -0.146405 -4.51671e-19
    outer loop
      vertex 11.6087 153.576 3
      vertex 11.6346 153.751 0
      vertex 11.6346 153.751 3
    endloop
  endfacet
  facet normal 0.989225 -0.146405 -4.51671e-19
    outer loop
      vertex 11.6346 153.751 0
      vertex 11.6087 153.576 3
      vertex 11.6087 153.576 0
    endloop
  endfacet
  facet normal 0.429714 -0.902965 0
    outer loop
      vertex 12.5515 154.987 0
      vertex 12.7112 155.063 3
      vertex 12.5515 154.987 3
    endloop
  endfacet
  facet normal 0.429714 -0.902965 0
    outer loop
      vertex 12.7112 155.063 3
      vertex 12.5515 154.987 0
      vertex 12.7112 155.063 0
    endloop
  endfacet
  facet normal 0.510735 -0.859738 0
    outer loop
      vertex 12.4 154.897 0
      vertex 12.5515 154.987 3
      vertex 12.4 154.897 3
    endloop
  endfacet
  facet normal 0.510735 -0.859738 0
    outer loop
      vertex 12.5515 154.987 3
      vertex 12.4 154.897 0
      vertex 12.5515 154.987 0
    endloop
  endfacet
  facet normal 0.598463 -0.80115 0
    outer loop
      vertex 12.2581 154.791 0
      vertex 12.4 154.897 3
      vertex 12.2581 154.791 3
    endloop
  endfacet
  facet normal 0.598463 -0.80115 0
    outer loop
      vertex 12.4 154.897 3
      vertex 12.2581 154.791 0
      vertex 12.4 154.897 0
    endloop
  endfacet
  facet normal 0.243468 -0.969909 0
    outer loop
      vertex 12.8775 155.122 0
      vertex 13.0488 155.165 3
      vertex 12.8775 155.122 3
    endloop
  endfacet
  facet normal 0.243468 -0.969909 0
    outer loop
      vertex 13.0488 155.165 3
      vertex 12.8775 155.122 0
      vertex 13.0488 155.165 0
    endloop
  endfacet
  facet normal 0.0509541 -0.998701 0
    outer loop
      vertex 13.2236 155.191 0
      vertex 13.4 155.2 3
      vertex 13.2236 155.191 3
    endloop
  endfacet
  facet normal 0.0509541 -0.998701 0
    outer loop
      vertex 13.4 155.2 3
      vertex 13.2236 155.191 0
      vertex 13.4 155.2 0
    endloop
  endfacet
  facet normal -0.147123 0.989118 0
    outer loop
      vertex 13.7512 151.635 0
      vertex 13.5764 151.609 3
      vertex 13.7512 151.635 3
    endloop
  endfacet
  facet normal -0.147123 0.989118 0
    outer loop
      vertex 13.5764 151.609 3
      vertex 13.7512 151.635 0
      vertex 13.5764 151.609 0
    endloop
  endfacet
  facet normal -0.0509541 0.998701 0
    outer loop
      vertex 13.5764 151.609 0
      vertex 13.4 151.6 3
      vertex 13.5764 151.609 3
    endloop
  endfacet
  facet normal -0.0509541 0.998701 0
    outer loop
      vertex 13.4 151.6 3
      vertex 13.5764 151.609 0
      vertex 13.4 151.6 0
    endloop
  endfacet
  facet normal -0.510735 0.859738 0
    outer loop
      vertex 14.4 151.903 0
      vertex 14.2485 151.813 3
      vertex 14.4 151.903 3
    endloop
  endfacet
  facet normal -0.510735 0.859738 0
    outer loop
      vertex 14.2485 151.813 3
      vertex 14.4 151.903 0
      vertex 14.2485 151.813 0
    endloop
  endfacet
  facet normal -0.66956 0.742758 0
    outer loop
      vertex 14.6728 152.127 0
      vertex 14.5419 152.009 3
      vertex 14.6728 152.127 3
    endloop
  endfacet
  facet normal -0.66956 0.742758 0
    outer loop
      vertex 14.5419 152.009 3
      vertex 14.6728 152.127 0
      vertex 14.5419 152.009 0
    endloop
  endfacet
  facet normal -0.598463 0.80115 0
    outer loop
      vertex 14.5419 152.009 0
      vertex 14.4 151.903 3
      vertex 14.5419 152.009 3
    endloop
  endfacet
  facet normal -0.598463 0.80115 0
    outer loop
      vertex 14.4 151.903 3
      vertex 14.5419 152.009 0
      vertex 14.4 151.903 0
    endloop
  endfacet
  facet normal -0.803517 0.595282 7.18949e-20
    outer loop
      vertex 14.7914 152.258 0
      vertex 14.8966 152.4 3
      vertex 14.8966 152.4 0
    endloop
  endfacet
  facet normal -0.803517 0.595282 7.18949e-20
    outer loop
      vertex 14.8966 152.4 3
      vertex 14.7914 152.258 0
      vertex 14.7914 152.258 3
    endloop
  endfacet
  facet normal -0.856741 0.515747 1.60516e-18
    outer loop
      vertex 14.8966 152.4 0
      vertex 14.9875 152.551 3
      vertex 14.9875 152.551 0
    endloop
  endfacet
  facet normal -0.856741 0.515747 1.60516e-18
    outer loop
      vertex 14.9875 152.551 3
      vertex 14.8966 152.4 0
      vertex 14.8966 152.4 3
    endloop
  endfacet
  facet normal 0.66956 0.742758 -0
    outer loop
      vertex 12.2581 152.009 0
      vertex 12.1272 152.127 3
      vertex 12.2581 152.009 3
    endloop
  endfacet
  facet normal 0.66956 0.742758 0
    outer loop
      vertex 12.1272 152.127 3
      vertex 12.2581 152.009 0
      vertex 12.1272 152.127 0
    endloop
  endfacet
  facet normal 0.598463 0.80115 -0
    outer loop
      vertex 12.4 151.903 0
      vertex 12.2581 152.009 3
      vertex 12.4 151.903 3
    endloop
  endfacet
  facet normal 0.598463 0.80115 0
    outer loop
      vertex 12.2581 152.009 3
      vertex 12.4 151.903 0
      vertex 12.2581 152.009 0
    endloop
  endfacet
  facet normal 0.510735 0.859738 -0
    outer loop
      vertex 12.5515 151.813 0
      vertex 12.4 151.903 3
      vertex 12.5515 151.813 3
    endloop
  endfacet
  facet normal 0.510735 0.859738 0
    outer loop
      vertex 12.4 151.903 3
      vertex 12.5515 151.813 0
      vertex 12.4 151.903 0
    endloop
  endfacet
  facet normal 0.147123 0.989118 -0
    outer loop
      vertex 13.2236 151.609 0
      vertex 13.0488 151.635 3
      vertex 13.2236 151.609 3
    endloop
  endfacet
  facet normal 0.147123 0.989118 0
    outer loop
      vertex 13.0488 151.635 3
      vertex 13.2236 151.609 0
      vertex 13.0488 151.635 0
    endloop
  endfacet
  facet normal 0.90437 0.42675 3.68652e-19
    outer loop
      vertex 11.8125 152.551 3
      vertex 11.737 152.711 0
      vertex 11.737 152.711 3
    endloop
  endfacet
  facet normal 0.90437 0.42675 3.68652e-19
    outer loop
      vertex 11.737 152.711 0
      vertex 11.8125 152.551 3
      vertex 11.8125 152.551 0
    endloop
  endfacet
  facet normal 0.856741 0.515747 -3.71655e-19
    outer loop
      vertex 11.9034 152.4 3
      vertex 11.8125 152.551 0
      vertex 11.8125 152.551 3
    endloop
  endfacet
  facet normal 0.856741 0.515747 -3.71655e-19
    outer loop
      vertex 11.8125 152.551 0
      vertex 11.9034 152.4 3
      vertex 11.9034 152.4 0
    endloop
  endfacet
  facet normal 0.941356 0.337414 -8.88624e-19
    outer loop
      vertex 11.737 152.711 3
      vertex 11.6775 152.877 0
      vertex 11.6775 152.877 3
    endloop
  endfacet
  facet normal 0.941356 0.337414 -8.88624e-19
    outer loop
      vertex 11.6775 152.877 0
      vertex 11.737 152.711 3
      vertex 11.737 152.711 0
    endloop
  endfacet
  facet normal 0.99878 0.0493715 1.5482e-19
    outer loop
      vertex 11.6087 153.224 3
      vertex 11.6 153.4 0
      vertex 11.6 153.4 3
    endloop
  endfacet
  facet normal 0.99878 0.0493715 1.5482e-19
    outer loop
      vertex 11.6 153.4 0
      vertex 11.6087 153.224 3
      vertex 11.6087 153.224 0
    endloop
  endfacet
  facet normal -0.741321 -0.67115 -2.23688e-20
    outer loop
      vertex 14.7914 154.542 0
      vertex 14.6728 154.673 3
      vertex 14.6728 154.673 0
    endloop
  endfacet
  facet normal -0.741321 -0.67115 -2.23688e-20
    outer loop
      vertex 14.6728 154.673 3
      vertex 14.7914 154.542 0
      vertex 14.7914 154.542 3
    endloop
  endfacet
  facet normal -0.429714 0.902965 0
    outer loop
      vertex 14.2485 151.813 0
      vertex 14.0888 151.737 3
      vertex 14.2485 151.813 3
    endloop
  endfacet
  facet normal -0.429714 0.902965 0
    outer loop
      vertex 14.0888 151.737 3
      vertex 14.2485 151.813 0
      vertex 14.0888 151.737 0
    endloop
  endfacet
  facet normal -0.941356 0.337414 8.88624e-19
    outer loop
      vertex 15.063 152.711 0
      vertex 15.1225 152.877 3
      vertex 15.1225 152.877 0
    endloop
  endfacet
  facet normal -0.941356 0.337414 8.88624e-19
    outer loop
      vertex 15.1225 152.877 3
      vertex 15.063 152.711 0
      vertex 15.063 152.711 3
    endloop
  endfacet
  facet normal -0.989225 0.146405 6.77507e-19
    outer loop
      vertex 15.1654 153.049 0
      vertex 15.1913 153.224 3
      vertex 15.1913 153.224 0
    endloop
  endfacet
  facet normal -0.989225 0.146405 6.77507e-19
    outer loop
      vertex 15.1913 153.224 3
      vertex 15.1654 153.049 0
      vertex 15.1654 153.049 3
    endloop
  endfacet
  facet normal -0.99878 0.0493715 1.70041e-19
    outer loop
      vertex 15.1913 153.224 0
      vertex 15.2 153.4 3
      vertex 15.2 153.4 0
    endloop
  endfacet
  facet normal -0.99878 0.0493715 1.70041e-19
    outer loop
      vertex 15.2 153.4 3
      vertex 15.1913 153.224 0
      vertex 15.1913 153.224 3
    endloop
  endfacet
  facet normal 0.429714 0.902965 -0
    outer loop
      vertex 12.7112 151.737 0
      vertex 12.5515 151.813 3
      vertex 12.7112 151.737 3
    endloop
  endfacet
  facet normal 0.429714 0.902965 0
    outer loop
      vertex 12.5515 151.813 3
      vertex 12.7112 151.737 0
      vertex 12.5515 151.813 0
    endloop
  endfacet
  facet normal 0.243468 0.969909 -0
    outer loop
      vertex 13.0488 151.635 0
      vertex 12.8775 151.678 3
      vertex 13.0488 151.635 3
    endloop
  endfacet
  facet normal 0.243468 0.969909 0
    outer loop
      vertex 12.8775 151.678 3
      vertex 13.0488 151.635 0
      vertex 12.8775 151.678 0
    endloop
  endfacet
  facet normal 0.0509541 0.998701 -0
    outer loop
      vertex 13.4 151.6 0
      vertex 13.2236 151.609 3
      vertex 13.4 151.6 3
    endloop
  endfacet
  facet normal 0.0509541 0.998701 0
    outer loop
      vertex 13.2236 151.609 3
      vertex 13.4 151.6 0
      vertex 13.2236 151.609 0
    endloop
  endfacet
  facet normal 0.741321 0.67115 4.48973e-19
    outer loop
      vertex 12.1272 152.127 3
      vertex 12.0086 152.258 0
      vertex 12.0086 152.258 3
    endloop
  endfacet
  facet normal 0.741321 0.67115 4.48973e-19
    outer loop
      vertex 12.0086 152.258 0
      vertex 12.1272 152.127 3
      vertex 12.1272 152.127 0
    endloop
  endfacet
  facet normal 0.989225 0.146405 -6.77507e-19
    outer loop
      vertex 11.6346 153.049 3
      vertex 11.6087 153.224 0
      vertex 11.6087 153.224 3
    endloop
  endfacet
  facet normal 0.989225 0.146405 -6.77507e-19
    outer loop
      vertex 11.6087 153.224 0
      vertex 11.6346 153.049 3
      vertex 11.6346 153.049 0
    endloop
  endfacet
  facet normal -0.243468 0.969909 0
    outer loop
      vertex 13.9225 151.678 0
      vertex 13.7512 151.635 3
      vertex 13.9225 151.678 3
    endloop
  endfacet
  facet normal -0.243468 0.969909 0
    outer loop
      vertex 13.7512 151.635 3
      vertex 13.9225 151.678 0
      vertex 13.7512 151.635 0
    endloop
  endfacet
  facet normal -0.998695 -0.0510696 1.31175e-19
    outer loop
      vertex 197.2 153.4 0
      vertex 197.191 153.576 3
      vertex 197.191 153.576 0
    endloop
  endfacet
  facet normal -0.998695 -0.0510696 1.31175e-19
    outer loop
      vertex 197.191 153.576 3
      vertex 197.2 153.4 0
      vertex 197.2 153.4 3
    endloop
  endfacet
  facet normal 0.998695 -0.0510696 3.20427e-21
    outer loop
      vertex 193.6 153.4 3
      vertex 193.609 153.576 0
      vertex 193.609 153.576 3
    endloop
  endfacet
  facet normal 0.998695 -0.0510696 3.20427e-21
    outer loop
      vertex 193.609 153.576 0
      vertex 193.6 153.4 3
      vertex 193.6 153.4 0
    endloop
  endfacet
  facet normal -0.0510696 -0.998695 0
    outer loop
      vertex 195.4 155.2 0
      vertex 195.576 155.191 3
      vertex 195.4 155.2 3
    endloop
  endfacet
  facet normal -0.0510696 -0.998695 -0
    outer loop
      vertex 195.576 155.191 3
      vertex 195.4 155.2 0
      vertex 195.576 155.191 0
    endloop
  endfacet
  facet normal 0.0510696 0.998695 -0
    outer loop
      vertex 195.4 151.6 0
      vertex 195.224 151.609 3
      vertex 195.4 151.6 3
    endloop
  endfacet
  facet normal 0.0510696 0.998695 0
    outer loop
      vertex 195.224 151.609 3
      vertex 195.4 151.6 0
      vertex 195.224 151.609 0
    endloop
  endfacet
  facet normal 0.743012 0.669278 9.78464e-19
    outer loop
      vertex 194.127 152.127 3
      vertex 194.009 152.258 0
      vertex 194.009 152.258 3
    endloop
  endfacet
  facet normal 0.743012 0.669278 9.78464e-19
    outer loop
      vertex 194.009 152.258 0
      vertex 194.127 152.127 3
      vertex 194.127 152.127 0
    endloop
  endfacet
  facet normal -0.669278 -0.743012 0
    outer loop
      vertex 196.542 154.791 0
      vertex 196.673 154.673 3
      vertex 196.542 154.791 3
    endloop
  endfacet
  facet normal -0.669278 -0.743012 -0
    outer loop
      vertex 196.673 154.673 3
      vertex 196.542 154.791 0
      vertex 196.673 154.673 0
    endloop
  endfacet
  facet normal 0.669278 -0.743012 0
    outer loop
      vertex 194.127 154.673 0
      vertex 194.258 154.791 3
      vertex 194.127 154.673 3
    endloop
  endfacet
  facet normal 0.669278 -0.743012 0
    outer loop
      vertex 194.258 154.791 3
      vertex 194.127 154.673 0
      vertex 194.258 154.791 0
    endloop
  endfacet
  facet normal 0.334898 -0.942254 0
    outer loop
      vertex 194.711 155.063 0
      vertex 194.877 155.122 3
      vertex 194.711 155.063 3
    endloop
  endfacet
  facet normal 0.334898 -0.942254 0
    outer loop
      vertex 194.877 155.122 3
      vertex 194.711 155.063 0
      vertex 194.877 155.122 0
    endloop
  endfacet
  facet normal -0.903278 -0.429057 5.89769e-20
    outer loop
      vertex 197.063 154.089 0
      vertex 196.987 154.249 3
      vertex 196.987 154.249 0
    endloop
  endfacet
  facet normal -0.903278 -0.429057 5.89769e-20
    outer loop
      vertex 196.987 154.249 3
      vertex 197.063 154.089 0
      vertex 197.063 154.089 3
    endloop
  endfacet
  facet normal -0.429057 -0.903278 0
    outer loop
      vertex 196.089 155.063 0
      vertex 196.249 154.987 3
      vertex 196.089 155.063 3
    endloop
  endfacet
  facet normal -0.429057 -0.903278 -0
    outer loop
      vertex 196.249 154.987 3
      vertex 196.089 155.063 0
      vertex 196.249 154.987 0
    endloop
  endfacet
  facet normal -0.511984 -0.858995 0
    outer loop
      vertex 196.249 154.987 0
      vertex 196.4 154.897 3
      vertex 196.249 154.987 3
    endloop
  endfacet
  facet normal -0.511984 -0.858995 -0
    outer loop
      vertex 196.4 154.897 3
      vertex 196.249 154.987 0
      vertex 196.4 154.897 0
    endloop
  endfacet
  facet normal 0.903278 -0.429057 -5.89769e-20
    outer loop
      vertex 193.737 154.089 3
      vertex 193.813 154.249 0
      vertex 193.813 154.249 3
    endloop
  endfacet
  facet normal 0.903278 -0.429057 -5.89769e-20
    outer loop
      vertex 193.813 154.249 0
      vertex 193.737 154.089 3
      vertex 193.737 154.089 0
    endloop
  endfacet
  facet normal 0.146958 -0.989143 0
    outer loop
      vertex 195.049 155.165 0
      vertex 195.224 155.191 3
      vertex 195.049 155.165 3
    endloop
  endfacet
  facet normal 0.146958 -0.989143 0
    outer loop
      vertex 195.224 155.191 3
      vertex 195.049 155.165 0
      vertex 195.224 155.191 0
    endloop
  endfacet
  facet normal -0.942254 0.334898 7.1318e-19
    outer loop
      vertex 197.063 152.711 0
      vertex 197.122 152.877 3
      vertex 197.122 152.877 0
    endloop
  endfacet
  facet normal -0.942254 0.334898 7.1318e-19
    outer loop
      vertex 197.122 152.877 3
      vertex 197.063 152.711 0
      vertex 197.063 152.711 3
    endloop
  endfacet
  facet normal -0.970143 0.242536 -1.39346e-19
    outer loop
      vertex 197.122 152.877 0
      vertex 197.165 153.049 3
      vertex 197.165 153.049 0
    endloop
  endfacet
  facet normal -0.970143 0.242536 -1.39346e-19
    outer loop
      vertex 197.165 153.049 3
      vertex 197.122 152.877 0
      vertex 197.122 152.877 3
    endloop
  endfacet
  facet normal -0.970143 -0.242536 1.39346e-19
    outer loop
      vertex 197.165 153.751 0
      vertex 197.122 153.923 3
      vertex 197.122 153.923 0
    endloop
  endfacet
  facet normal -0.970143 -0.242536 1.39346e-19
    outer loop
      vertex 197.122 153.923 3
      vertex 197.165 153.751 0
      vertex 197.165 153.751 3
    endloop
  endfacet
  facet normal -0.989143 -0.146958 -3.47902e-19
    outer loop
      vertex 197.191 153.576 0
      vertex 197.165 153.751 3
      vertex 197.165 153.751 0
    endloop
  endfacet
  facet normal -0.989143 -0.146958 -3.47902e-19
    outer loop
      vertex 197.165 153.751 3
      vertex 197.191 153.576 0
      vertex 197.191 153.576 3
    endloop
  endfacet
  facet normal -0.942254 -0.334898 -7.1318e-19
    outer loop
      vertex 197.122 153.923 0
      vertex 197.063 154.089 3
      vertex 197.063 154.089 0
    endloop
  endfacet
  facet normal -0.942254 -0.334898 -7.1318e-19
    outer loop
      vertex 197.063 154.089 3
      vertex 197.122 153.923 0
      vertex 197.122 153.923 3
    endloop
  endfacet
  facet normal -0.801352 -0.598193 -1.42765e-18
    outer loop
      vertex 196.897 154.4 0
      vertex 196.791 154.542 3
      vertex 196.791 154.542 0
    endloop
  endfacet
  facet normal -0.801352 -0.598193 -1.42765e-18
    outer loop
      vertex 196.791 154.542 3
      vertex 196.897 154.4 0
      vertex 196.897 154.4 3
    endloop
  endfacet
  facet normal -0.743012 -0.669278 -1.76156e-20
    outer loop
      vertex 196.791 154.542 0
      vertex 196.673 154.673 3
      vertex 196.673 154.673 0
    endloop
  endfacet
  facet normal -0.743012 -0.669278 -1.76156e-20
    outer loop
      vertex 196.673 154.673 3
      vertex 196.791 154.542 0
      vertex 196.791 154.542 3
    endloop
  endfacet
  facet normal -0.858995 -0.511984 -9.26763e-19
    outer loop
      vertex 196.987 154.249 0
      vertex 196.897 154.4 3
      vertex 196.897 154.4 0
    endloop
  endfacet
  facet normal -0.858995 -0.511984 -9.26763e-19
    outer loop
      vertex 196.897 154.4 3
      vertex 196.987 154.249 0
      vertex 196.987 154.249 3
    endloop
  endfacet
  facet normal -0.242536 -0.970143 0
    outer loop
      vertex 195.751 155.165 0
      vertex 195.923 155.122 3
      vertex 195.751 155.165 3
    endloop
  endfacet
  facet normal -0.242536 -0.970143 -0
    outer loop
      vertex 195.923 155.122 3
      vertex 195.751 155.165 0
      vertex 195.923 155.122 0
    endloop
  endfacet
  facet normal -0.334898 -0.942254 0
    outer loop
      vertex 195.923 155.122 0
      vertex 196.089 155.063 3
      vertex 195.923 155.122 3
    endloop
  endfacet
  facet normal -0.334898 -0.942254 -0
    outer loop
      vertex 196.089 155.063 3
      vertex 195.923 155.122 0
      vertex 196.089 155.063 0
    endloop
  endfacet
  facet normal -0.146958 -0.989143 0
    outer loop
      vertex 195.576 155.191 0
      vertex 195.751 155.165 3
      vertex 195.576 155.191 3
    endloop
  endfacet
  facet normal -0.146958 -0.989143 -0
    outer loop
      vertex 195.751 155.165 3
      vertex 195.576 155.191 0
      vertex 195.751 155.165 0
    endloop
  endfacet
  facet normal -0.598193 -0.801352 0
    outer loop
      vertex 196.4 154.897 0
      vertex 196.542 154.791 3
      vertex 196.4 154.897 3
    endloop
  endfacet
  facet normal -0.598193 -0.801352 -0
    outer loop
      vertex 196.542 154.791 3
      vertex 196.4 154.897 0
      vertex 196.542 154.791 0
    endloop
  endfacet
  facet normal 0.970143 -0.242536 -2.9621e-19
    outer loop
      vertex 193.635 153.751 3
      vertex 193.678 153.923 0
      vertex 193.678 153.923 3
    endloop
  endfacet
  facet normal 0.970143 -0.242536 -2.9621e-19
    outer loop
      vertex 193.678 153.923 0
      vertex 193.635 153.751 3
      vertex 193.635 153.751 0
    endloop
  endfacet
  facet normal 0.801352 -0.598193 1.42765e-18
    outer loop
      vertex 193.903 154.4 3
      vertex 194.009 154.542 0
      vertex 194.009 154.542 3
    endloop
  endfacet
  facet normal 0.801352 -0.598193 1.42765e-18
    outer loop
      vertex 194.009 154.542 0
      vertex 193.903 154.4 3
      vertex 193.903 154.4 0
    endloop
  endfacet
  facet normal 0.743012 -0.669278 -9.78464e-19
    outer loop
      vertex 194.009 154.542 3
      vertex 194.127 154.673 0
      vertex 194.127 154.673 3
    endloop
  endfacet
  facet normal 0.743012 -0.669278 -9.78464e-19
    outer loop
      vertex 194.127 154.673 0
      vertex 194.009 154.542 3
      vertex 194.009 154.542 0
    endloop
  endfacet
  facet normal 0.858995 -0.511984 9.26763e-19
    outer loop
      vertex 193.813 154.249 3
      vertex 193.903 154.4 0
      vertex 193.903 154.4 3
    endloop
  endfacet
  facet normal 0.858995 -0.511984 9.26763e-19
    outer loop
      vertex 193.903 154.4 0
      vertex 193.813 154.249 3
      vertex 193.813 154.249 0
    endloop
  endfacet
  facet normal 0.942254 -0.334898 -1.26609e-19
    outer loop
      vertex 193.678 153.923 3
      vertex 193.737 154.089 0
      vertex 193.737 154.089 3
    endloop
  endfacet
  facet normal 0.942254 -0.334898 -1.26609e-19
    outer loop
      vertex 193.737 154.089 0
      vertex 193.678 153.923 3
      vertex 193.678 153.923 0
    endloop
  endfacet
  facet normal 0.989143 -0.146958 -6.32766e-19
    outer loop
      vertex 193.609 153.576 3
      vertex 193.635 153.751 0
      vertex 193.635 153.751 3
    endloop
  endfacet
  facet normal 0.989143 -0.146958 -6.32766e-19
    outer loop
      vertex 193.635 153.751 0
      vertex 193.609 153.576 3
      vertex 193.609 153.576 0
    endloop
  endfacet
  facet normal 0.511984 -0.858995 0
    outer loop
      vertex 194.4 154.897 0
      vertex 194.551 154.987 3
      vertex 194.4 154.897 3
    endloop
  endfacet
  facet normal 0.511984 -0.858995 0
    outer loop
      vertex 194.551 154.987 3
      vertex 194.4 154.897 0
      vertex 194.551 154.987 0
    endloop
  endfacet
  facet normal 0.429057 -0.903278 0
    outer loop
      vertex 194.551 154.987 0
      vertex 194.711 155.063 3
      vertex 194.551 154.987 3
    endloop
  endfacet
  facet normal 0.429057 -0.903278 0
    outer loop
      vertex 194.711 155.063 3
      vertex 194.551 154.987 0
      vertex 194.711 155.063 0
    endloop
  endfacet
  facet normal 0.598193 -0.801352 0
    outer loop
      vertex 194.258 154.791 0
      vertex 194.4 154.897 3
      vertex 194.258 154.791 3
    endloop
  endfacet
  facet normal 0.598193 -0.801352 0
    outer loop
      vertex 194.4 154.897 3
      vertex 194.258 154.791 0
      vertex 194.4 154.897 0
    endloop
  endfacet
  facet normal 0.242536 -0.970143 0
    outer loop
      vertex 194.877 155.122 0
      vertex 195.049 155.165 3
      vertex 194.877 155.122 3
    endloop
  endfacet
  facet normal 0.242536 -0.970143 0
    outer loop
      vertex 195.049 155.165 3
      vertex 194.877 155.122 0
      vertex 195.049 155.165 0
    endloop
  endfacet
  facet normal 0.0510696 -0.998695 0
    outer loop
      vertex 195.224 155.191 0
      vertex 195.4 155.2 3
      vertex 195.224 155.191 3
    endloop
  endfacet
  facet normal 0.0510696 -0.998695 0
    outer loop
      vertex 195.4 155.2 3
      vertex 195.224 155.191 0
      vertex 195.4 155.2 0
    endloop
  endfacet
  facet normal -0.0510696 0.998695 0
    outer loop
      vertex 195.576 151.609 0
      vertex 195.4 151.6 3
      vertex 195.576 151.609 3
    endloop
  endfacet
  facet normal -0.0510696 0.998695 0
    outer loop
      vertex 195.4 151.6 3
      vertex 195.576 151.609 0
      vertex 195.4 151.6 0
    endloop
  endfacet
  facet normal -0.334898 0.942254 0
    outer loop
      vertex 196.089 151.737 0
      vertex 195.923 151.678 3
      vertex 196.089 151.737 3
    endloop
  endfacet
  facet normal -0.334898 0.942254 0
    outer loop
      vertex 195.923 151.678 3
      vertex 196.089 151.737 0
      vertex 195.923 151.678 0
    endloop
  endfacet
  facet normal -0.669278 0.743012 0
    outer loop
      vertex 196.673 152.127 0
      vertex 196.542 152.009 3
      vertex 196.673 152.127 3
    endloop
  endfacet
  facet normal -0.669278 0.743012 0
    outer loop
      vertex 196.542 152.009 3
      vertex 196.673 152.127 0
      vertex 196.542 152.009 0
    endloop
  endfacet
  facet normal -0.511984 0.858995 0
    outer loop
      vertex 196.4 151.903 0
      vertex 196.249 151.813 3
      vertex 196.4 151.903 3
    endloop
  endfacet
  facet normal -0.511984 0.858995 0
    outer loop
      vertex 196.249 151.813 3
      vertex 196.4 151.903 0
      vertex 196.249 151.813 0
    endloop
  endfacet
  facet normal -0.801352 0.598193 1.42765e-18
    outer loop
      vertex 196.791 152.258 0
      vertex 196.897 152.4 3
      vertex 196.897 152.4 0
    endloop
  endfacet
  facet normal -0.801352 0.598193 1.42765e-18
    outer loop
      vertex 196.897 152.4 3
      vertex 196.791 152.258 0
      vertex 196.791 152.258 3
    endloop
  endfacet
  facet normal -0.903278 0.429057 -6.59904e-19
    outer loop
      vertex 196.987 152.551 0
      vertex 197.063 152.711 3
      vertex 197.063 152.711 0
    endloop
  endfacet
  facet normal -0.903278 0.429057 -6.59904e-19
    outer loop
      vertex 197.063 152.711 3
      vertex 196.987 152.551 0
      vertex 196.987 152.551 3
    endloop
  endfacet
  facet normal 0.669278 0.743012 -0
    outer loop
      vertex 194.258 152.009 0
      vertex 194.127 152.127 3
      vertex 194.258 152.009 3
    endloop
  endfacet
  facet normal 0.669278 0.743012 0
    outer loop
      vertex 194.127 152.127 3
      vertex 194.258 152.009 0
      vertex 194.127 152.127 0
    endloop
  endfacet
  facet normal 0.511984 0.858995 -0
    outer loop
      vertex 194.551 151.813 0
      vertex 194.4 151.903 3
      vertex 194.551 151.813 3
    endloop
  endfacet
  facet normal 0.511984 0.858995 0
    outer loop
      vertex 194.4 151.903 3
      vertex 194.551 151.813 0
      vertex 194.4 151.903 0
    endloop
  endfacet
  facet normal 0.334898 0.942254 -0
    outer loop
      vertex 194.877 151.678 0
      vertex 194.711 151.737 3
      vertex 194.877 151.678 3
    endloop
  endfacet
  facet normal 0.334898 0.942254 0
    outer loop
      vertex 194.711 151.737 3
      vertex 194.877 151.678 0
      vertex 194.711 151.737 0
    endloop
  endfacet
  facet normal 0.146958 0.989143 -0
    outer loop
      vertex 195.224 151.609 0
      vertex 195.049 151.635 3
      vertex 195.224 151.609 3
    endloop
  endfacet
  facet normal 0.146958 0.989143 0
    outer loop
      vertex 195.049 151.635 3
      vertex 195.224 151.609 0
      vertex 195.049 151.635 0
    endloop
  endfacet
  facet normal 0.858995 0.511984 5.20401e-19
    outer loop
      vertex 193.903 152.4 3
      vertex 193.813 152.551 0
      vertex 193.813 152.551 3
    endloop
  endfacet
  facet normal 0.858995 0.511984 5.20401e-19
    outer loop
      vertex 193.813 152.551 0
      vertex 193.903 152.4 3
      vertex 193.903 152.4 0
    endloop
  endfacet
  facet normal 0.903278 0.429057 6.59904e-19
    outer loop
      vertex 193.813 152.551 3
      vertex 193.737 152.711 0
      vertex 193.737 152.711 3
    endloop
  endfacet
  facet normal 0.903278 0.429057 6.59904e-19
    outer loop
      vertex 193.737 152.711 0
      vertex 193.813 152.551 3
      vertex 193.813 152.551 0
    endloop
  endfacet
  facet normal 0.801352 0.598193 -1.42765e-18
    outer loop
      vertex 194.009 152.258 3
      vertex 193.903 152.4 0
      vertex 193.903 152.4 3
    endloop
  endfacet
  facet normal 0.801352 0.598193 -1.42765e-18
    outer loop
      vertex 193.903 152.4 0
      vertex 194.009 152.258 3
      vertex 194.009 152.258 0
    endloop
  endfacet
  facet normal 0.970143 0.242536 2.9621e-19
    outer loop
      vertex 193.678 152.877 3
      vertex 193.635 153.049 0
      vertex 193.635 153.049 3
    endloop
  endfacet
  facet normal 0.970143 0.242536 2.9621e-19
    outer loop
      vertex 193.635 153.049 0
      vertex 193.678 152.877 3
      vertex 193.678 152.877 0
    endloop
  endfacet
  facet normal 0.942254 0.334898 1.26609e-19
    outer loop
      vertex 193.737 152.711 3
      vertex 193.678 152.877 0
      vertex 193.678 152.877 3
    endloop
  endfacet
  facet normal 0.942254 0.334898 1.26609e-19
    outer loop
      vertex 193.678 152.877 0
      vertex 193.737 152.711 3
      vertex 193.737 152.711 0
    endloop
  endfacet
  facet normal 0.998695 0.0510696 -1.47597e-19
    outer loop
      vertex 193.609 153.224 3
      vertex 193.6 153.4 0
      vertex 193.6 153.4 3
    endloop
  endfacet
  facet normal 0.998695 0.0510696 -1.47597e-19
    outer loop
      vertex 193.6 153.4 0
      vertex 193.609 153.224 3
      vertex 193.609 153.224 0
    endloop
  endfacet
  facet normal -0.146958 0.989143 0
    outer loop
      vertex 195.751 151.635 0
      vertex 195.576 151.609 3
      vertex 195.751 151.635 3
    endloop
  endfacet
  facet normal -0.146958 0.989143 0
    outer loop
      vertex 195.576 151.609 3
      vertex 195.751 151.635 0
      vertex 195.576 151.609 0
    endloop
  endfacet
  facet normal -0.429057 0.903278 0
    outer loop
      vertex 196.249 151.813 0
      vertex 196.089 151.737 3
      vertex 196.249 151.813 3
    endloop
  endfacet
  facet normal -0.429057 0.903278 0
    outer loop
      vertex 196.089 151.737 3
      vertex 196.249 151.813 0
      vertex 196.089 151.737 0
    endloop
  endfacet
  facet normal -0.743012 0.669278 1.76156e-20
    outer loop
      vertex 196.673 152.127 0
      vertex 196.791 152.258 3
      vertex 196.791 152.258 0
    endloop
  endfacet
  facet normal -0.743012 0.669278 1.76156e-20
    outer loop
      vertex 196.791 152.258 3
      vertex 196.673 152.127 0
      vertex 196.673 152.127 3
    endloop
  endfacet
  facet normal -0.598193 0.801352 0
    outer loop
      vertex 196.542 152.009 0
      vertex 196.4 151.903 3
      vertex 196.542 152.009 3
    endloop
  endfacet
  facet normal -0.598193 0.801352 0
    outer loop
      vertex 196.4 151.903 3
      vertex 196.542 152.009 0
      vertex 196.4 151.903 0
    endloop
  endfacet
  facet normal -0.858995 0.511984 -5.20401e-19
    outer loop
      vertex 196.897 152.4 0
      vertex 196.987 152.551 3
      vertex 196.987 152.551 0
    endloop
  endfacet
  facet normal -0.858995 0.511984 -5.20401e-19
    outer loop
      vertex 196.987 152.551 3
      vertex 196.897 152.4 0
      vertex 196.897 152.4 3
    endloop
  endfacet
  facet normal -0.989143 0.146958 2.95238e-19
    outer loop
      vertex 197.165 153.049 0
      vertex 197.191 153.224 3
      vertex 197.191 153.224 0
    endloop
  endfacet
  facet normal -0.989143 0.146958 2.95238e-19
    outer loop
      vertex 197.191 153.224 3
      vertex 197.165 153.049 0
      vertex 197.165 153.049 3
    endloop
  endfacet
  facet normal -0.998695 0.0510696 1.30174e-20
    outer loop
      vertex 197.191 153.224 0
      vertex 197.2 153.4 3
      vertex 197.2 153.4 0
    endloop
  endfacet
  facet normal -0.998695 0.0510696 1.30174e-20
    outer loop
      vertex 197.2 153.4 3
      vertex 197.191 153.224 0
      vertex 197.191 153.224 3
    endloop
  endfacet
  facet normal 0.598193 0.801352 -0
    outer loop
      vertex 194.4 151.903 0
      vertex 194.258 152.009 3
      vertex 194.4 151.903 3
    endloop
  endfacet
  facet normal 0.598193 0.801352 0
    outer loop
      vertex 194.258 152.009 3
      vertex 194.4 151.903 0
      vertex 194.258 152.009 0
    endloop
  endfacet
  facet normal 0.429057 0.903278 -0
    outer loop
      vertex 194.711 151.737 0
      vertex 194.551 151.813 3
      vertex 194.711 151.737 3
    endloop
  endfacet
  facet normal 0.429057 0.903278 0
    outer loop
      vertex 194.551 151.813 3
      vertex 194.711 151.737 0
      vertex 194.551 151.813 0
    endloop
  endfacet
  facet normal 0.242536 0.970143 -0
    outer loop
      vertex 195.049 151.635 0
      vertex 194.877 151.678 3
      vertex 195.049 151.635 3
    endloop
  endfacet
  facet normal 0.242536 0.970143 0
    outer loop
      vertex 194.877 151.678 3
      vertex 195.049 151.635 0
      vertex 194.877 151.678 0
    endloop
  endfacet
  facet normal 0.989143 0.146958 6.8543e-19
    outer loop
      vertex 193.635 153.049 3
      vertex 193.609 153.224 0
      vertex 193.609 153.224 3
    endloop
  endfacet
  facet normal 0.989143 0.146958 6.8543e-19
    outer loop
      vertex 193.609 153.224 0
      vertex 193.635 153.049 3
      vertex 193.635 153.049 0
    endloop
  endfacet
  facet normal -0.242536 0.970143 0
    outer loop
      vertex 195.923 151.678 0
      vertex 195.751 151.635 3
      vertex 195.923 151.678 3
    endloop
  endfacet
  facet normal -0.242536 0.970143 0
    outer loop
      vertex 195.751 151.635 3
      vertex 195.923 151.678 0
      vertex 195.751 151.635 0
    endloop
  endfacet
  facet normal 1 -0 0
    outer loop
      vertex 58 38 3
      vertex 58 41 0
      vertex 58 41 3
    endloop
  endfacet
  facet normal 1 0 0
    outer loop
      vertex 58 41 0
      vertex 58 38 3
      vertex 58 38 0
    endloop
  endfacet
  facet normal -1 0 0
    outer loop
      vertex 64 38 0
      vertex 64 41 3
      vertex 64 41 0
    endloop
  endfacet
  facet normal -1 -0 0
    outer loop
      vertex 64 41 3
      vertex 64 38 0
      vertex 64 38 3
    endloop
  endfacet
  facet normal 0 1 -0
    outer loop
      vertex 64 38 0
      vertex 58 38 3
      vertex 64 38 3
    endloop
  endfacet
  facet normal 0 1 0
    outer loop
      vertex 58 38 3
      vertex 64 38 0
      vertex 58 38 0
    endloop
  endfacet
  facet normal 0 -1 0
    outer loop
      vertex 58 41 0
      vertex 64 41 3
      vertex 58 41 3
    endloop
  endfacet
  facet normal 0 -1 -0
    outer loop
      vertex 64 41 3
      vertex 58 41 0
      vertex 64 41 0
    endloop
  endfacet
  facet normal 1 -0 0
    outer loop
      vertex 68 38 3
      vertex 68 41 0
      vertex 68 41 3
    endloop
  endfacet
  facet normal 1 0 0
    outer loop
      vertex 68 41 0
      vertex 68 38 3
      vertex 68 38 0
    endloop
  endfacet
  facet normal -1 0 0
    outer loop
      vertex 74 38 0
      vertex 74 41 3
      vertex 74 41 0
    endloop
  endfacet
  facet normal -1 -0 0
    outer loop
      vertex 74 41 3
      vertex 74 38 0
      vertex 74 38 3
    endloop
  endfacet
  facet normal 0 -1 0
    outer loop
      vertex 68 41 0
      vertex 74 41 3
      vertex 68 41 3
    endloop
  endfacet
  facet normal 0 -1 -0
    outer loop
      vertex 74 41 3
      vertex 68 41 0
      vertex 74 41 0
    endloop
  endfacet
  facet normal 0 1 -0
    outer loop
      vertex 74 38 0
      vertex 68 38 3
      vertex 74 38 3
    endloop
  endfacet
  facet normal 0 1 0
    outer loop
      vertex 68 38 3
      vertex 74 38 0
      vertex 68 38 0
    endloop
  endfacet
  facet normal 1 -0 0
    outer loop
      vertex 78 38 3
      vertex 78 41 0
      vertex 78 41 3
    endloop
  endfacet
  facet normal 1 0 0
    outer loop
      vertex 78 41 0
      vertex 78 38 3
      vertex 78 38 0
    endloop
  endfacet
  facet normal -1 0 0
    outer loop
      vertex 84 38 0
      vertex 84 41 3
      vertex 84 41 0
    endloop
  endfacet
  facet normal -1 -0 0
    outer loop
      vertex 84 41 3
      vertex 84 38 0
      vertex 84 38 3
    endloop
  endfacet
  facet normal 0 -1 0
    outer loop
      vertex 78 41 0
      vertex 84 41 3
      vertex 78 41 3
    endloop
  endfacet
  facet normal 0 -1 -0
    outer loop
      vertex 84 41 3
      vertex 78 41 0
      vertex 84 41 0
    endloop
  endfacet
  facet normal 0 1 -0
    outer loop
      vertex 84 38 0
      vertex 78 38 3
      vertex 84 38 3
    endloop
  endfacet
  facet normal 0 1 0
    outer loop
      vertex 78 38 3
      vertex 84 38 0
      vertex 78 38 0
    endloop
  endfacet
  facet normal 1 -0 0
    outer loop
      vertex 88 38 3
      vertex 88 41 0
      vertex 88 41 3
    endloop
  endfacet
  facet normal 1 0 0
    outer loop
      vertex 88 41 0
      vertex 88 38 3
      vertex 88 38 0
    endloop
  endfacet
  facet normal -1 0 0
    outer loop
      vertex 94 38 0
      vertex 94 41 3
      vertex 94 41 0
    endloop
  endfacet
  facet normal -1 -0 0
    outer loop
      vertex 94 41 3
      vertex 94 38 0
      vertex 94 38 3
    endloop
  endfacet
  facet normal 0 1 -0
    outer loop
      vertex 94 38 0
      vertex 88 38 3
      vertex 94 38 3
    endloop
  endfacet
  facet normal 0 1 0
    outer loop
      vertex 88 38 3
      vertex 94 38 0
      vertex 88 38 0
    endloop
  endfacet
  facet normal 0 -1 0
    outer loop
      vertex 88 41 0
      vertex 94 41 3
      vertex 88 41 3
    endloop
  endfacet
  facet normal 0 -1 -0
    outer loop
      vertex 94 41 3
      vertex 88 41 0
      vertex 94 41 0
    endloop
  endfacet
  facet normal 1 -0 0
    outer loop
      vertex 98 38 3
      vertex 98 41 0
      vertex 98 41 3
    endloop
  endfacet
  facet normal 1 0 0
    outer loop
      vertex 98 41 0
      vertex 98 38 3
      vertex 98 38 0
    endloop
  endfacet
  facet normal -1 0 0
    outer loop
      vertex 104 38 0
      vertex 104 41 3
      vertex 104 41 0
    endloop
  endfacet
  facet normal -1 -0 0
    outer loop
      vertex 104 41 3
      vertex 104 38 0
      vertex 104 38 3
    endloop
  endfacet
  facet normal 0 1 -0
    outer loop
      vertex 104 38 0
      vertex 98 38 3
      vertex 104 38 3
    endloop
  endfacet
  facet normal 0 1 0
    outer loop
      vertex 98 38 3
      vertex 104 38 0
      vertex 98 38 0
    endloop
  endfacet
  facet normal 0 -1 0
    outer loop
      vertex 98 41 0
      vertex 104 41 3
      vertex 98 41 3
    endloop
  endfacet
  facet normal 0 -1 -0
    outer loop
      vertex 104 41 3
      vertex 98 41 0
      vertex 104 41 0
    endloop
  endfacet
  facet normal 1 -0 0
    outer loop
      vertex 108 38 3
      vertex 108 41 0
      vertex 108 41 3
    endloop
  endfacet
  facet normal 1 0 0
    outer loop
      vertex 108 41 0
      vertex 108 38 3
      vertex 108 38 0
    endloop
  endfacet
  facet normal -1 0 0
    outer loop
      vertex 114 38 0
      vertex 114 41 3
      vertex 114 41 0
    endloop
  endfacet
  facet normal -1 -0 0
    outer loop
      vertex 114 41 3
      vertex 114 38 0
      vertex 114 38 3
    endloop
  endfacet
  facet normal 0 -1 0
    outer loop
      vertex 108 41 0
      vertex 114 41 3
      vertex 108 41 3
    endloop
  endfacet
  facet normal 0 -1 -0
    outer loop
      vertex 114 41 3
      vertex 108 41 0
      vertex 114 41 0
    endloop
  endfacet
  facet normal 0 1 -0
    outer loop
      vertex 114 38 0
      vertex 108 38 3
      vertex 114 38 3
    endloop
  endfacet
  facet normal 0 1 0
    outer loop
      vertex 108 38 3
      vertex 114 38 0
      vertex 108 38 0
    endloop
  endfacet
  facet normal 1 -0 0
    outer loop
      vertex 118 38 3
      vertex 118 41 0
      vertex 118 41 3
    endloop
  endfacet
  facet normal 1 0 0
    outer loop
      vertex 118 41 0
      vertex 118 38 3
      vertex 118 38 0
    endloop
  endfacet
  facet normal -1 0 0
    outer loop
      vertex 124 38 0
      vertex 124 41 3
      vertex 124 41 0
    endloop
  endfacet
  facet normal -1 -0 0
    outer loop
      vertex 124 41 3
      vertex 124 38 0
      vertex 124 38 3
    endloop
  endfacet
  facet normal 0 1 -0
    outer loop
      vertex 124 38 0
      vertex 118 38 3
      vertex 124 38 3
    endloop
  endfacet
  facet normal 0 1 0
    outer loop
      vertex 118 38 3
      vertex 124 38 0
      vertex 118 38 0
    endloop
  endfacet
  facet normal 0 -1 0
    outer loop
      vertex 118 41 0
      vertex 124 41 3
      vertex 118 41 3
    endloop
  endfacet
  facet normal 0 -1 -0
    outer loop
      vertex 124 41 3
      vertex 118 41 0
      vertex 124 41 0
    endloop
  endfacet
  facet normal 1 -0 0
    outer loop
      vertex 128 38 3
      vertex 128 41 0
      vertex 128 41 3
    endloop
  endfacet
  facet normal 1 0 0
    outer loop
      vertex 128 41 0
      vertex 128 38 3
      vertex 128 38 0
    endloop
  endfacet
  facet normal -1 0 0
    outer loop
      vertex 134 38 0
      vertex 134 41 3
      vertex 134 41 0
    endloop
  endfacet
  facet normal -1 -0 0
    outer loop
      vertex 134 41 3
      vertex 134 38 0
      vertex 134 38 3
    endloop
  endfacet
  facet normal 0 -1 0
    outer loop
      vertex 128 41 0
      vertex 134 41 3
      vertex 128 41 3
    endloop
  endfacet
  facet normal 0 -1 -0
    outer loop
      vertex 134 41 3
      vertex 128 41 0
      vertex 134 41 0
    endloop
  endfacet
  facet normal 0 1 -0
    outer loop
      vertex 134 38 0
      vertex 128 38 3
      vertex 134 38 3
    endloop
  endfacet
  facet normal 0 1 0
    outer loop
      vertex 128 38 3
      vertex 134 38 0
      vertex 128 38 0
    endloop
  endfacet
  facet normal 1 -0 0
    outer loop
      vertex 138 38 3
      vertex 138 41 0
      vertex 138 41 3
    endloop
  endfacet
  facet normal 1 0 0
    outer loop
      vertex 138 41 0
      vertex 138 38 3
      vertex 138 38 0
    endloop
  endfacet
  facet normal -1 0 0
    outer loop
      vertex 144 38 0
      vertex 144 41 3
      vertex 144 41 0
    endloop
  endfacet
  facet normal -1 -0 0
    outer loop
      vertex 144 41 3
      vertex 144 38 0
      vertex 144 38 3
    endloop
  endfacet
  facet normal 0 -1 0
    outer loop
      vertex 138 41 0
      vertex 144 41 3
      vertex 138 41 3
    endloop
  endfacet
  facet normal 0 -1 -0
    outer loop
      vertex 144 41 3
      vertex 138 41 0
      vertex 144 41 0
    endloop
  endfacet
  facet normal 0 1 -0
    outer loop
      vertex 144 38 0
      vertex 138 38 3
      vertex 144 38 3
    endloop
  endfacet
  facet normal 0 1 0
    outer loop
      vertex 138 38 3
      vertex 144 38 0
      vertex 138 38 0
    endloop
  endfacet
  facet normal 1 -0 0
    outer loop
      vertex 58 50 3
      vertex 58 53 0
      vertex 58 53 3
    endloop
  endfacet
  facet normal 1 0 0
    outer loop
      vertex 58 53 0
      vertex 58 50 3
      vertex 58 50 0
    endloop
  endfacet
  facet normal -1 0 0
    outer loop
      vertex 64 50 0
      vertex 64 53 3
      vertex 64 53 0
    endloop
  endfacet
  facet normal -1 -0 0
    outer loop
      vertex 64 53 3
      vertex 64 50 0
      vertex 64 50 3
    endloop
  endfacet
  facet normal 0 -1 0
    outer loop
      vertex 58 53 0
      vertex 64 53 3
      vertex 58 53 3
    endloop
  endfacet
  facet normal 0 -1 -0
    outer loop
      vertex 64 53 3
      vertex 58 53 0
      vertex 64 53 0
    endloop
  endfacet
  facet normal 0 1 -0
    outer loop
      vertex 64 50 0
      vertex 58 50 3
      vertex 64 50 3
    endloop
  endfacet
  facet normal 0 1 0
    outer loop
      vertex 58 50 3
      vertex 64 50 0
      vertex 58 50 0
    endloop
  endfacet
  facet normal 1 -0 0
    outer loop
      vertex 68 50 3
      vertex 68 53 0
      vertex 68 53 3
    endloop
  endfacet
  facet normal 1 0 0
    outer loop
      vertex 68 53 0
      vertex 68 50 3
      vertex 68 50 0
    endloop
  endfacet
  facet normal -1 0 0
    outer loop
      vertex 74 50 0
      vertex 74 53 3
      vertex 74 53 0
    endloop
  endfacet
  facet normal -1 -0 0
    outer loop
      vertex 74 53 3
      vertex 74 50 0
      vertex 74 50 3
    endloop
  endfacet
  facet normal 0 -1 0
    outer loop
      vertex 68 53 0
      vertex 74 53 3
      vertex 68 53 3
    endloop
  endfacet
  facet normal 0 -1 -0
    outer loop
      vertex 74 53 3
      vertex 68 53 0
      vertex 74 53 0
    endloop
  endfacet
  facet normal 0 1 -0
    outer loop
      vertex 74 50 0
      vertex 68 50 3
      vertex 74 50 3
    endloop
  endfacet
  facet normal 0 1 0
    outer loop
      vertex 68 50 3
      vertex 74 50 0
      vertex 68 50 0
    endloop
  endfacet
  facet normal 1 -0 0
    outer loop
      vertex 78 50 3
      vertex 78 53 0
      vertex 78 53 3
    endloop
  endfacet
  facet normal 1 0 0
    outer loop
      vertex 78 53 0
      vertex 78 50 3
      vertex 78 50 0
    endloop
  endfacet
  facet normal -1 0 0
    outer loop
      vertex 84 50 0
      vertex 84 53 3
      vertex 84 53 0
    endloop
  endfacet
  facet normal -1 -0 0
    outer loop
      vertex 84 53 3
      vertex 84 50 0
      vertex 84 50 3
    endloop
  endfacet
  facet normal 0 1 -0
    outer loop
      vertex 84 50 0
      vertex 78 50 3
      vertex 84 50 3
    endloop
  endfacet
  facet normal 0 1 0
    outer loop
      vertex 78 50 3
      vertex 84 50 0
      vertex 78 50 0
    endloop
  endfacet
  facet normal 0 -1 0
    outer loop
      vertex 78 53 0
      vertex 84 53 3
      vertex 78 53 3
    endloop
  endfacet
  facet normal 0 -1 -0
    outer loop
      vertex 84 53 3
      vertex 78 53 0
      vertex 84 53 0
    endloop
  endfacet
  facet normal 1 -0 0
    outer loop
      vertex 88 50 3
      vertex 88 53 0
      vertex 88 53 3
    endloop
  endfacet
  facet normal 1 0 0
    outer loop
      vertex 88 53 0
      vertex 88 50 3
      vertex 88 50 0
    endloop
  endfacet
  facet normal -1 0 0
    outer loop
      vertex 94 50 0
      vertex 94 53 3
      vertex 94 53 0
    endloop
  endfacet
  facet normal -1 -0 0
    outer loop
      vertex 94 53 3
      vertex 94 50 0
      vertex 94 50 3
    endloop
  endfacet
  facet normal 0 -1 0
    outer loop
      vertex 88 53 0
      vertex 94 53 3
      vertex 88 53 3
    endloop
  endfacet
  facet normal 0 -1 -0
    outer loop
      vertex 94 53 3
      vertex 88 53 0
      vertex 94 53 0
    endloop
  endfacet
  facet normal 0 1 -0
    outer loop
      vertex 94 50 0
      vertex 88 50 3
      vertex 94 50 3
    endloop
  endfacet
  facet normal 0 1 0
    outer loop
      vertex 88 50 3
      vertex 94 50 0
      vertex 88 50 0
    endloop
  endfacet
  facet normal 1 -0 0
    outer loop
      vertex 98 50 3
      vertex 98 53 0
      vertex 98 53 3
    endloop
  endfacet
  facet normal 1 0 0
    outer loop
      vertex 98 53 0
      vertex 98 50 3
      vertex 98 50 0
    endloop
  endfacet
  facet normal -1 0 0
    outer loop
      vertex 104 50 0
      vertex 104 53 3
      vertex 104 53 0
    endloop
  endfacet
  facet normal -1 -0 0
    outer loop
      vertex 104 53 3
      vertex 104 50 0
      vertex 104 50 3
    endloop
  endfacet
  facet normal 0 -1 0
    outer loop
      vertex 98 53 0
      vertex 104 53 3
      vertex 98 53 3
    endloop
  endfacet
  facet normal 0 -1 -0
    outer loop
      vertex 104 53 3
      vertex 98 53 0
      vertex 104 53 0
    endloop
  endfacet
  facet normal 0 1 -0
    outer loop
      vertex 104 50 0
      vertex 98 50 3
      vertex 104 50 3
    endloop
  endfacet
  facet normal 0 1 0
    outer loop
      vertex 98 50 3
      vertex 104 50 0
      vertex 98 50 0
    endloop
  endfacet
  facet normal 1 -0 0
    outer loop
      vertex 108 50 3
      vertex 108 53 0
      vertex 108 53 3
    endloop
  endfacet
  facet normal 1 0 0
    outer loop
      vertex 108 53 0
      vertex 108 50 3
      vertex 108 50 0
    endloop
  endfacet
  facet normal -1 0 0
    outer loop
      vertex 114 50 0
      vertex 114 53 3
      vertex 114 53 0
    endloop
  endfacet
  facet normal -1 -0 0
    outer loop
      vertex 114 53 3
      vertex 114 50 0
      vertex 114 50 3
    endloop
  endfacet
  facet normal 0 1 -0
    outer loop
      vertex 114 50 0
      vertex 108 50 3
      vertex 114 50 3
    endloop
  endfacet
  facet normal 0 1 0
    outer loop
      vertex 108 50 3
      vertex 114 50 0
      vertex 108 50 0
    endloop
  endfacet
  facet normal 0 -1 0
    outer loop
      vertex 108 53 0
      vertex 114 53 3
      vertex 108 53 3
    endloop
  endfacet
  facet normal 0 -1 -0
    outer loop
      vertex 114 53 3
      vertex 108 53 0
      vertex 114 53 0
    endloop
  endfacet
  facet normal 1 -0 0
    outer loop
      vertex 118 50 3
      vertex 118 53 0
      vertex 118 53 3
    endloop
  endfacet
  facet normal 1 0 0
    outer loop
      vertex 118 53 0
      vertex 118 50 3
      vertex 118 50 0
    endloop
  endfacet
  facet normal -1 0 0
    outer loop
      vertex 124 50 0
      vertex 124 53 3
      vertex 124 53 0
    endloop
  endfacet
  facet normal -1 -0 0
    outer loop
      vertex 124 53 3
      vertex 124 50 0
      vertex 124 50 3
    endloop
  endfacet
  facet normal 0 -1 0
    outer loop
      vertex 118 53 0
      vertex 124 53 3
      vertex 118 53 3
    endloop
  endfacet
  facet normal 0 -1 -0
    outer loop
      vertex 124 53 3
      vertex 118 53 0
      vertex 124 53 0
    endloop
  endfacet
  facet normal 0 1 -0
    outer loop
      vertex 124 50 0
      vertex 118 50 3
      vertex 124 50 3
    endloop
  endfacet
  facet normal 0 1 0
    outer loop
      vertex 118 50 3
      vertex 124 50 0
      vertex 118 50 0
    endloop
  endfacet
  facet normal 1 -0 0
    outer loop
      vertex 128 50 3
      vertex 128 53 0
      vertex 128 53 3
    endloop
  endfacet
  facet normal 1 0 0
    outer loop
      vertex 128 53 0
      vertex 128 50 3
      vertex 128 50 0
    endloop
  endfacet
  facet normal -1 0 0
    outer loop
      vertex 134 50 0
      vertex 134 53 3
      vertex 134 53 0
    endloop
  endfacet
  facet normal -1 -0 0
    outer loop
      vertex 134 53 3
      vertex 134 50 0
      vertex 134 50 3
    endloop
  endfacet
  facet normal 0 1 -0
    outer loop
      vertex 134 50 0
      vertex 128 50 3
      vertex 134 50 3
    endloop
  endfacet
  facet normal 0 1 0
    outer loop
      vertex 128 50 3
      vertex 134 50 0
      vertex 128 50 0
    endloop
  endfacet
  facet normal 0 -1 0
    outer loop
      vertex 128 53 0
      vertex 134 53 3
      vertex 128 53 3
    endloop
  endfacet
  facet normal 0 -1 -0
    outer loop
      vertex 134 53 3
      vertex 128 53 0
      vertex 134 53 0
    endloop
  endfacet
  facet normal 1 -0 0
    outer loop
      vertex 138 50 3
      vertex 138 53 0
      vertex 138 53 3
    endloop
  endfacet
  facet normal 1 0 0
    outer loop
      vertex 138 53 0
      vertex 138 50 3
      vertex 138 50 0
    endloop
  endfacet
  facet normal -1 0 0
    outer loop
      vertex 144 50 0
      vertex 144 53 3
      vertex 144 53 0
    endloop
  endfacet
  facet normal -1 -0 0
    outer loop
      vertex 144 53 3
      vertex 144 50 0
      vertex 144 50 3
    endloop
  endfacet
  facet normal 0 -1 0
    outer loop
      vertex 138 53 0
      vertex 144 53 3
      vertex 138 53 3
    endloop
  endfacet
  facet normal 0 -1 -0
    outer loop
      vertex 144 53 3
      vertex 138 53 0
      vertex 144 53 0
    endloop
  endfacet
  facet normal 0 1 -0
    outer loop
      vertex 144 50 0
      vertex 138 50 3
      vertex 144 50 3
    endloop
  endfacet
  facet normal 0 1 0
    outer loop
      vertex 138 50 3
      vertex 144 50 0
      vertex 138 50 0
    endloop
  endfacet
  facet normal 1 -0 0
    outer loop
      vertex 58 62 3
      vertex 58 65 0
      vertex 58 65 3
    endloop
  endfacet
  facet normal 1 0 0
    outer loop
      vertex 58 65 0
      vertex 58 62 3
      vertex 58 62 0
    endloop
  endfacet
  facet normal -1 0 0
    outer loop
      vertex 64 62 0
      vertex 64 65 3
      vertex 64 65 0
    endloop
  endfacet
  facet normal -1 -0 0
    outer loop
      vertex 64 65 3
      vertex 64 62 0
      vertex 64 62 3
    endloop
  endfacet
  facet normal 0 -1 0
    outer loop
      vertex 58 65 0
      vertex 64 65 3
      vertex 58 65 3
    endloop
  endfacet
  facet normal 0 -1 -0
    outer loop
      vertex 64 65 3
      vertex 58 65 0
      vertex 64 65 0
    endloop
  endfacet
  facet normal 0 1 -0
    outer loop
      vertex 64 62 0
      vertex 58 62 3
      vertex 64 62 3
    endloop
  endfacet
  facet normal 0 1 0
    outer loop
      vertex 58 62 3
      vertex 64 62 0
      vertex 58 62 0
    endloop
  endfacet
  facet normal 1 -0 0
    outer loop
      vertex 68 62 3
      vertex 68 65 0
      vertex 68 65 3
    endloop
  endfacet
  facet normal 1 0 0
    outer loop
      vertex 68 65 0
      vertex 68 62 3
      vertex 68 62 0
    endloop
  endfacet
  facet normal -1 0 0
    outer loop
      vertex 74 62 0
      vertex 74 65 3
      vertex 74 65 0
    endloop
  endfacet
  facet normal -1 -0 0
    outer loop
      vertex 74 65 3
      vertex 74 62 0
      vertex 74 62 3
    endloop
  endfacet
  facet normal 0 -1 0
    outer loop
      vertex 68 65 0
      vertex 74 65 3
      vertex 68 65 3
    endloop
  endfacet
  facet normal 0 -1 -0
    outer loop
      vertex 74 65 3
      vertex 68 65 0
      vertex 74 65 0
    endloop
  endfacet
  facet normal 0 1 -0
    outer loop
      vertex 74 62 0
      vertex 68 62 3
      vertex 74 62 3
    endloop
  endfacet
  facet normal 0 1 0
    outer loop
      vertex 68 62 3
      vertex 74 62 0
      vertex 68 62 0
    endloop
  endfacet
  facet normal 1 -0 0
    outer loop
      vertex 78 62 3
      vertex 78 65 0
      vertex 78 65 3
    endloop
  endfacet
  facet normal 1 0 0
    outer loop
      vertex 78 65 0
      vertex 78 62 3
      vertex 78 62 0
    endloop
  endfacet
  facet normal -1 0 0
    outer loop
      vertex 84 62 0
      vertex 84 65 3
      vertex 84 65 0
    endloop
  endfacet
  facet normal -1 -0 0
    outer loop
      vertex 84 65 3
      vertex 84 62 0
      vertex 84 62 3
    endloop
  endfacet
  facet normal 0 1 -0
    outer loop
      vertex 84 62 0
      vertex 78 62 3
      vertex 84 62 3
    endloop
  endfacet
  facet normal 0 1 0
    outer loop
      vertex 78 62 3
      vertex 84 62 0
      vertex 78 62 0
    endloop
  endfacet
  facet normal 0 -1 0
    outer loop
      vertex 78 65 0
      vertex 84 65 3
      vertex 78 65 3
    endloop
  endfacet
  facet normal 0 -1 -0
    outer loop
      vertex 84 65 3
      vertex 78 65 0
      vertex 84 65 0
    endloop
  endfacet
  facet normal 1 -0 0
    outer loop
      vertex 88 62 3
      vertex 88 65 0
      vertex 88 65 3
    endloop
  endfacet
  facet normal 1 0 0
    outer loop
      vertex 88 65 0
      vertex 88 62 3
      vertex 88 62 0
    endloop
  endfacet
  facet normal -1 0 0
    outer loop
      vertex 94 62 0
      vertex 94 65 3
      vertex 94 65 0
    endloop
  endfacet
  facet normal -1 -0 0
    outer loop
      vertex 94 65 3
      vertex 94 62 0
      vertex 94 62 3
    endloop
  endfacet
  facet normal 0 1 -0
    outer loop
      vertex 94 62 0
      vertex 88 62 3
      vertex 94 62 3
    endloop
  endfacet
  facet normal 0 1 0
    outer loop
      vertex 88 62 3
      vertex 94 62 0
      vertex 88 62 0
    endloop
  endfacet
  facet normal 0 -1 0
    outer loop
      vertex 88 65 0
      vertex 94 65 3
      vertex 88 65 3
    endloop
  endfacet
  facet normal 0 -1 -0
    outer loop
      vertex 94 65 3
      vertex 88 65 0
      vertex 94 65 0
    endloop
  endfacet
  facet normal 1 -0 0
    outer loop
      vertex 98 62 3
      vertex 98 65 0
      vertex 98 65 3
    endloop
  endfacet
  facet normal 1 0 0
    outer loop
      vertex 98 65 0
      vertex 98 62 3
      vertex 98 62 0
    endloop
  endfacet
  facet normal -1 0 0
    outer loop
      vertex 104 62 0
      vertex 104 65 3
      vertex 104 65 0
    endloop
  endfacet
  facet normal -1 -0 0
    outer loop
      vertex 104 65 3
      vertex 104 62 0
      vertex 104 62 3
    endloop
  endfacet
  facet normal 0 -1 0
    outer loop
      vertex 98 65 0
      vertex 104 65 3
      vertex 98 65 3
    endloop
  endfacet
  facet normal 0 -1 -0
    outer loop
      vertex 104 65 3
      vertex 98 65 0
      vertex 104 65 0
    endloop
  endfacet
  facet normal 0 1 -0
    outer loop
      vertex 104 62 0
      vertex 98 62 3
      vertex 104 62 3
    endloop
  endfacet
  facet normal 0 1 0
    outer loop
      vertex 98 62 3
      vertex 104 62 0
      vertex 98 62 0
    endloop
  endfacet
  facet normal 1 -0 0
    outer loop
      vertex 108 62 3
      vertex 108 65 0
      vertex 108 65 3
    endloop
  endfacet
  facet normal 1 0 0
    outer loop
      vertex 108 65 0
      vertex 108 62 3
      vertex 108 62 0
    endloop
  endfacet
  facet normal -1 0 0
    outer loop
      vertex 114 62 0
      vertex 114 65 3
      vertex 114 65 0
    endloop
  endfacet
  facet normal -1 -0 0
    outer loop
      vertex 114 65 3
      vertex 114 62 0
      vertex 114 62 3
    endloop
  endfacet
  facet normal 0 -1 0
    outer loop
      vertex 108 65 0
      vertex 114 65 3
      vertex 108 65 3
    endloop
  endfacet
  facet normal 0 -1 -0
    outer loop
      vertex 114 65 3
      vertex 108 65 0
      vertex 114 65 0
    endloop
  endfacet
  facet normal 0 1 -0
    outer loop
      vertex 114 62 0
      vertex 108 62 3
      vertex 114 62 3
    endloop
  endfacet
  facet normal 0 1 0
    outer loop
      vertex 108 62 3
      vertex 114 62 0
      vertex 108 62 0
    endloop
  endfacet
  facet normal 1 -0 0
    outer loop
      vertex 118 62 3
      vertex 118 65 0
      vertex 118 65 3
    endloop
  endfacet
  facet normal 1 0 0
    outer loop
      vertex 118 65 0
      vertex 118 62 3
      vertex 118 62 0
    endloop
  endfacet
  facet normal -1 0 0
    outer loop
      vertex 124 62 0
      vertex 124 65 3
      vertex 124 65 0
    endloop
  endfacet
  facet normal -1 -0 0
    outer loop
      vertex 124 65 3
      vertex 124 62 0
      vertex 124 62 3
    endloop
  endfacet
  facet normal 0 -1 0
    outer loop
      vertex 118 65 0
      vertex 124 65 3
      vertex 118 65 3
    endloop
  endfacet
  facet normal 0 -1 -0
    outer loop
      vertex 124 65 3
      vertex 118 65 0
      vertex 124 65 0
    endloop
  endfacet
  facet normal 0 1 -0
    outer loop
      vertex 124 62 0
      vertex 118 62 3
      vertex 124 62 3
    endloop
  endfacet
  facet normal 0 1 0
    outer loop
      vertex 118 62 3
      vertex 124 62 0
      vertex 118 62 0
    endloop
  endfacet
  facet normal 1 -0 0
    outer loop
      vertex 128 62 3
      vertex 128 65 0
      vertex 128 65 3
    endloop
  endfacet
  facet normal 1 0 0
    outer loop
      vertex 128 65 0
      vertex 128 62 3
      vertex 128 62 0
    endloop
  endfacet
  facet normal -1 0 0
    outer loop
      vertex 134 62 0
      vertex 134 65 3
      vertex 134 65 0
    endloop
  endfacet
  facet normal -1 -0 0
    outer loop
      vertex 134 65 3
      vertex 134 62 0
      vertex 134 62 3
    endloop
  endfacet
  facet normal 0 -1 0
    outer loop
      vertex 128 65 0
      vertex 134 65 3
      vertex 128 65 3
    endloop
  endfacet
  facet normal 0 -1 -0
    outer loop
      vertex 134 65 3
      vertex 128 65 0
      vertex 134 65 0
    endloop
  endfacet
  facet normal 0 1 -0
    outer loop
      vertex 134 62 0
      vertex 128 62 3
      vertex 134 62 3
    endloop
  endfacet
  facet normal 0 1 0
    outer loop
      vertex 128 62 3
      vertex 134 62 0
      vertex 128 62 0
    endloop
  endfacet
  facet normal 1 -0 0
    outer loop
      vertex 138 62 3
      vertex 138 65 0
      vertex 138 65 3
    endloop
  endfacet
  facet normal 1 0 0
    outer loop
      vertex 138 65 0
      vertex 138 62 3
      vertex 138 62 0
    endloop
  endfacet
  facet normal -1 0 0
    outer loop
      vertex 144 62 0
      vertex 144 65 3
      vertex 144 65 0
    endloop
  endfacet
  facet normal -1 -0 0
    outer loop
      vertex 144 65 3
      vertex 144 62 0
      vertex 144 62 3
    endloop
  endfacet
  facet normal 0 -1 0
    outer loop
      vertex 138 65 0
      vertex 144 65 3
      vertex 138 65 3
    endloop
  endfacet
  facet normal 0 -1 -0
    outer loop
      vertex 144 65 3
      vertex 138 65 0
      vertex 144 65 0
    endloop
  endfacet
  facet normal 0 1 -0
    outer loop
      vertex 144 62 0
      vertex 138 62 3
      vertex 144 62 3
    endloop
  endfacet
  facet normal 0 1 0
    outer loop
      vertex 138 62 3
      vertex 144 62 0
      vertex 138 62 0
    endloop
  endfacet
  facet normal 0 0 -1
    outer loop
      vertex 14.7914 14.5419 0
      vertex 58 38 0
      vertex 14.8966 14.4 0
    endloop
  endfacet
  facet normal 0 0 -1
    outer loop
      vertex 58 65 0
      vertex 15.1913 153.224 0
      vertex 15.2 153.4 0
    endloop
  endfacet
  facet normal 0 0 -1
    outer loop
      vertex 14.6728 14.6728 0
      vertex 58 38 0
      vertex 14.7914 14.5419 0
    endloop
  endfacet
  facet normal 0 0 -1
    outer loop
      vertex 58 65 0
      vertex 15.1654 153.049 0
      vertex 15.1913 153.224 0
    endloop
  endfacet
  facet normal 0 0 -1
    outer loop
      vertex 14.5419 14.7914 0
      vertex 58 38 0
      vertex 14.6728 14.6728 0
    endloop
  endfacet
  facet normal 0 0 -1
    outer loop
      vertex 58 65 0
      vertex 15.1225 152.877 0
      vertex 15.1654 153.049 0
    endloop
  endfacet
  facet normal 0 0 -1
    outer loop
      vertex 14.4 14.8966 0
      vertex 58 38 0
      vertex 14.5419 14.7914 0
    endloop
  endfacet
  facet normal 0 0 -1
    outer loop
      vertex 58 65 0
      vertex 15.063 152.711 0
      vertex 15.1225 152.877 0
    endloop
  endfacet
  facet normal -0 0 -1
    outer loop
      vertex 58 38 0
      vertex 14.4 14.8966 0
      vertex 58 41 0
    endloop
  endfacet
  facet normal 0 0 -1
    outer loop
      vertex 58 65 0
      vertex 14.9875 152.551 0
      vertex 15.063 152.711 0
    endloop
  endfacet
  facet normal 0 0 -1
    outer loop
      vertex 14.2485 14.9875 0
      vertex 58 41 0
      vertex 14.4 14.8966 0
    endloop
  endfacet
  facet normal 0 0 -1
    outer loop
      vertex 58 65 0
      vertex 14.8966 152.4 0
      vertex 14.9875 152.551 0
    endloop
  endfacet
  facet normal 0 0 -1
    outer loop
      vertex 14.0888 15.063 0
      vertex 58 41 0
      vertex 14.2485 14.9875 0
    endloop
  endfacet
  facet normal 0 0 -1
    outer loop
      vertex 58 65 0
      vertex 14.7914 152.258 0
      vertex 14.8966 152.4 0
    endloop
  endfacet
  facet normal -0 0 -1
    outer loop
      vertex 58 41 0
      vertex 14.0888 15.063 0
      vertex 58 50 0
    endloop
  endfacet
  facet normal 0 0 -1
    outer loop
      vertex 58 65 0
      vertex 14.6728 152.127 0
      vertex 14.7914 152.258 0
    endloop
  endfacet
  facet normal 0 0 -1
    outer loop
      vertex 13.9225 15.1225 0
      vertex 58 50 0
      vertex 14.0888 15.063 0
    endloop
  endfacet
  facet normal 0 0 -1
    outer loop
      vertex 58 65 0
      vertex 14.5419 152.009 0
      vertex 14.6728 152.127 0
    endloop
  endfacet
  facet normal 0 0 -1
    outer loop
      vertex 13.7512 15.1654 0
      vertex 58 50 0
      vertex 13.9225 15.1225 0
    endloop
  endfacet
  facet normal 0 0 -1
    outer loop
      vertex 58 65 0
      vertex 14.4 151.903 0
      vertex 14.5419 152.009 0
    endloop
  endfacet
  facet normal -0 0 -1
    outer loop
      vertex 58 50 0
      vertex 13.7512 15.1654 0
      vertex 58 53 0
    endloop
  endfacet
  facet normal 0 0 -1
    outer loop
      vertex 58 65 0
      vertex 14.2485 151.813 0
      vertex 14.4 151.903 0
    endloop
  endfacet
  facet normal 0 0 -1
    outer loop
      vertex 13.5764 15.1913 0
      vertex 58 53 0
      vertex 13.7512 15.1654 0
    endloop
  endfacet
  facet normal 0 0 -1
    outer loop
      vertex 58 65 0
      vertex 14.0888 151.737 0
      vertex 14.2485 151.813 0
    endloop
  endfacet
  facet normal -0 0 -1
    outer loop
      vertex 58 53 0
      vertex 13.5764 15.1913 0
      vertex 58 62 0
    endloop
  endfacet
  facet normal 0 0 -1
    outer loop
      vertex 58 65 0
      vertex 13.9225 151.678 0
      vertex 14.0888 151.737 0
    endloop
  endfacet
  facet normal 0 0 -1
    outer loop
      vertex 13.4 15.2 0
      vertex 58 62 0
      vertex 13.5764 15.1913 0
    endloop
  endfacet
  facet normal 0 0 -1
    outer loop
      vertex 58 65 0
      vertex 13.7512 151.635 0
      vertex 13.9225 151.678 0
    endloop
  endfacet
  facet normal 0 0 -1
    outer loop
      vertex 13.2236 15.1913 0
      vertex 58 62 0
      vertex 13.4 15.2 0
    endloop
  endfacet
  facet normal 0 0 -1
    outer loop
      vertex 58 65 0
      vertex 13.5764 151.609 0
      vertex 13.7512 151.635 0
    endloop
  endfacet
  facet normal -0 0 -1
    outer loop
      vertex 58 62 0
      vertex 13.2236 15.1913 0
      vertex 58 65 0
    endloop
  endfacet
  facet normal 0 0 -1
    outer loop
      vertex 58 65 0
      vertex 13.4 151.6 0
      vertex 13.5764 151.609 0
    endloop
  endfacet
  facet normal 0 0 -1
    outer loop
      vertex 13.0488 15.1654 0
      vertex 58 65 0
      vertex 13.2236 15.1913 0
    endloop
  endfacet
  facet normal 0 0 -1
    outer loop
      vertex 58 65 0
      vertex 13.2236 151.609 0
      vertex 13.4 151.6 0
    endloop
  endfacet
  facet normal 0 0 -1
    outer loop
      vertex 12.8775 15.1225 0
      vertex 58 65 0
      vertex 13.0488 15.1654 0
    endloop
  endfacet
  facet normal 0 0 -1
    outer loop
      vertex 58 65 0
      vertex 13.0488 151.635 0
      vertex 13.2236 151.609 0
    endloop
  endfacet
  facet normal 0 0 -1
    outer loop
      vertex 12.7112 15.063 0
      vertex 58 65 0
      vertex 12.8775 15.1225 0
    endloop
  endfacet
  facet normal 0 0 -1
    outer loop
      vertex 58 65 0
      vertex 12.8775 151.678 0
      vertex 13.0488 151.635 0
    endloop
  endfacet
  facet normal 0 0 -1
    outer loop
      vertex 12.7112 151.737 0
      vertex 58 65 0
      vertex 12.7112 15.063 0
    endloop
  endfacet
  facet normal 0 0 -1
    outer loop
      vertex 58 65 0
      vertex 12.7112 151.737 0
      vertex 12.8775 151.678 0
    endloop
  endfacet
  facet normal 0 0 -1
    outer loop
      vertex 12.5515 14.9875 0
      vertex 12.7112 151.737 0
      vertex 12.7112 15.063 0
    endloop
  endfacet
  facet normal 0 0 -1
    outer loop
      vertex 12.5515 14.9875 0
      vertex 12.5515 151.813 0
      vertex 12.7112 151.737 0
    endloop
  endfacet
  facet normal 0 0 -1
    outer loop
      vertex 12.4 14.8966 0
      vertex 12.5515 151.813 0
      vertex 12.5515 14.9875 0
    endloop
  endfacet
  facet normal 0 0 -1
    outer loop
      vertex 12.4 14.8966 0
      vertex 12.4 151.903 0
      vertex 12.5515 151.813 0
    endloop
  endfacet
  facet normal 0 0 -1
    outer loop
      vertex 12.2581 14.7914 0
      vertex 12.4 151.903 0
      vertex 12.4 14.8966 0
    endloop
  endfacet
  facet normal 0 0 -1
    outer loop
      vertex 12.2581 14.7914 0
      vertex 12.2581 152.009 0
      vertex 12.4 151.903 0
    endloop
  endfacet
  facet normal 0 0 -1
    outer loop
      vertex 0 7 0
      vertex 12.2581 14.7914 0
      vertex 12.1272 14.6728 0
    endloop
  endfacet
  facet normal -0 0 -1
    outer loop
      vertex 12.2581 14.7914 0
      vertex 0 7 0
      vertex 12.2581 152.009 0
    endloop
  endfacet
  facet normal 0 0 -1
    outer loop
      vertex 0 7 0
      vertex 12.1272 14.6728 0
      vertex 12.0086 14.5419 0
    endloop
  endfacet
  facet normal 0 0 -1
    outer loop
      vertex 0 159.8 0
      vertex 12.2581 152.009 0
      vertex 0 7 0
    endloop
  endfacet
  facet normal 0 0 -1
    outer loop
      vertex 0 7 0
      vertex 12.0086 14.5419 0
      vertex 11.9034 14.4 0
    endloop
  endfacet
  facet normal 0 0 -1
    outer loop
      vertex 12.2581 152.009 0
      vertex 0 159.8 0
      vertex 12.1272 152.127 0
    endloop
  endfacet
  facet normal 0 0 -1
    outer loop
      vertex 0 7 0
      vertex 11.9034 14.4 0
      vertex 11.8125 14.2485 0
    endloop
  endfacet
  facet normal 0 0 -1
    outer loop
      vertex 12.1272 152.127 0
      vertex 0 159.8 0
      vertex 12.0086 152.258 0
    endloop
  endfacet
  facet normal 0 0 -1
    outer loop
      vertex 0 7 0
      vertex 11.8125 14.2485 0
      vertex 11.737 14.0888 0
    endloop
  endfacet
  facet normal 0 0 -1
    outer loop
      vertex 12.0086 152.258 0
      vertex 0 159.8 0
      vertex 11.9034 152.4 0
    endloop
  endfacet
  facet normal 0 0 -1
    outer loop
      vertex 0 7 0
      vertex 11.737 14.0888 0
      vertex 11.6775 13.9225 0
    endloop
  endfacet
  facet normal 0 0 -1
    outer loop
      vertex 11.9034 152.4 0
      vertex 0 159.8 0
      vertex 11.8125 152.551 0
    endloop
  endfacet
  facet normal 0 0 -1
    outer loop
      vertex 0 7 0
      vertex 11.6775 13.9225 0
      vertex 11.6346 13.7512 0
    endloop
  endfacet
  facet normal 0 0 -1
    outer loop
      vertex 11.8125 152.551 0
      vertex 0 159.8 0
      vertex 11.737 152.711 0
    endloop
  endfacet
  facet normal 0 0 -1
    outer loop
      vertex 0 7 0
      vertex 11.6346 13.7512 0
      vertex 11.6087 13.5764 0
    endloop
  endfacet
  facet normal 0 0 -1
    outer loop
      vertex 11.737 152.711 0
      vertex 0 159.8 0
      vertex 11.6775 152.877 0
    endloop
  endfacet
  facet normal 0 0 -1
    outer loop
      vertex 0 7 0
      vertex 11.6087 13.5764 0
      vertex 11.6 13.4 0
    endloop
  endfacet
  facet normal 0 0 -1
    outer loop
      vertex 11.6775 152.877 0
      vertex 0 159.8 0
      vertex 11.6346 153.049 0
    endloop
  endfacet
  facet normal 0 0 -1
    outer loop
      vertex 58 53 0
      vertex 64 62 0
      vertex 64 53 0
    endloop
  endfacet
  facet normal -0 0 -1
    outer loop
      vertex 64 62 0
      vertex 58 53 0
      vertex 58 62 0
    endloop
  endfacet
  facet normal 0 0 -1
    outer loop
      vertex 58 41 0
      vertex 64 50 0
      vertex 64 41 0
    endloop
  endfacet
  facet normal -0 0 -1
    outer loop
      vertex 64 50 0
      vertex 58 41 0
      vertex 58 50 0
    endloop
  endfacet
  facet normal 0 0 -1
    outer loop
      vertex 68 53 0
      vertex 74 62 0
      vertex 74 53 0
    endloop
  endfacet
  facet normal -0 0 -1
    outer loop
      vertex 74 62 0
      vertex 68 53 0
      vertex 68 62 0
    endloop
  endfacet
  facet normal 0 0 -1
    outer loop
      vertex 68 41 0
      vertex 74 50 0
      vertex 74 41 0
    endloop
  endfacet
  facet normal -0 0 -1
    outer loop
      vertex 74 50 0
      vertex 68 41 0
      vertex 68 50 0
    endloop
  endfacet
  facet normal 0 0 -1
    outer loop
      vertex 78 53 0
      vertex 84 62 0
      vertex 84 53 0
    endloop
  endfacet
  facet normal -0 0 -1
    outer loop
      vertex 84 62 0
      vertex 78 53 0
      vertex 78 62 0
    endloop
  endfacet
  facet normal 0 0 -1
    outer loop
      vertex 78 41 0
      vertex 84 50 0
      vertex 84 41 0
    endloop
  endfacet
  facet normal -0 0 -1
    outer loop
      vertex 84 50 0
      vertex 78 41 0
      vertex 78 50 0
    endloop
  endfacet
  facet normal 0 0 -1
    outer loop
      vertex 88 53 0
      vertex 94 62 0
      vertex 94 53 0
    endloop
  endfacet
  facet normal -0 0 -1
    outer loop
      vertex 94 62 0
      vertex 88 53 0
      vertex 88 62 0
    endloop
  endfacet
  facet normal 0 0 -1
    outer loop
      vertex 88 41 0
      vertex 94 50 0
      vertex 94 41 0
    endloop
  endfacet
  facet normal -0 0 -1
    outer loop
      vertex 94 50 0
      vertex 88 41 0
      vertex 88 50 0
    endloop
  endfacet
  facet normal 0 0 -1
    outer loop
      vertex 98 53 0
      vertex 104 62 0
      vertex 104 53 0
    endloop
  endfacet
  facet normal -0 0 -1
    outer loop
      vertex 104 62 0
      vertex 98 53 0
      vertex 98 62 0
    endloop
  endfacet
  facet normal 0 0 -1
    outer loop
      vertex 98 41 0
      vertex 104 50 0
      vertex 104 41 0
    endloop
  endfacet
  facet normal -0 0 -1
    outer loop
      vertex 104 50 0
      vertex 98 41 0
      vertex 98 50 0
    endloop
  endfacet
  facet normal 0 0 -1
    outer loop
      vertex 108 53 0
      vertex 114 62 0
      vertex 114 53 0
    endloop
  endfacet
  facet normal -0 0 -1
    outer loop
      vertex 114 62 0
      vertex 108 53 0
      vertex 108 62 0
    endloop
  endfacet
  facet normal 0 0 -1
    outer loop
      vertex 108 41 0
      vertex 114 50 0
      vertex 114 41 0
    endloop
  endfacet
  facet normal -0 0 -1
    outer loop
      vertex 114 50 0
      vertex 108 41 0
      vertex 108 50 0
    endloop
  endfacet
  facet normal 0 0 -1
    outer loop
      vertex 118 53 0
      vertex 124 62 0
      vertex 124 53 0
    endloop
  endfacet
  facet normal -0 0 -1
    outer loop
      vertex 124 62 0
      vertex 118 53 0
      vertex 118 62 0
    endloop
  endfacet
  facet normal 0 0 -1
    outer loop
      vertex 118 41 0
      vertex 124 50 0
      vertex 124 41 0
    endloop
  endfacet
  facet normal -0 0 -1
    outer loop
      vertex 124 50 0
      vertex 118 41 0
      vertex 118 50 0
    endloop
  endfacet
  facet normal 0 0 -1
    outer loop
      vertex 128 53 0
      vertex 134 62 0
      vertex 134 53 0
    endloop
  endfacet
  facet normal -0 0 -1
    outer loop
      vertex 134 62 0
      vertex 128 53 0
      vertex 128 62 0
    endloop
  endfacet
  facet normal 0 0 -1
    outer loop
      vertex 128 41 0
      vertex 134 50 0
      vertex 134 41 0
    endloop
  endfacet
  facet normal -0 0 -1
    outer loop
      vertex 134 50 0
      vertex 128 41 0
      vertex 128 50 0
    endloop
  endfacet
  facet normal 0 0 -1
    outer loop
      vertex 138 53 0
      vertex 144 62 0
      vertex 144 53 0
    endloop
  endfacet
  facet normal -0 0 -1
    outer loop
      vertex 144 62 0
      vertex 138 53 0
      vertex 138 62 0
    endloop
  endfacet
  facet normal 0 0 -1
    outer loop
      vertex 138 41 0
      vertex 144 50 0
      vertex 144 41 0
    endloop
  endfacet
  facet normal -0 0 -1
    outer loop
      vertex 144 50 0
      vertex 138 41 0
      vertex 138 50 0
    endloop
  endfacet
  facet normal 0 0 -1
    outer loop
      vertex 197.122 13.9225 0
      vertex 208.8 7 0
      vertex 197.165 13.7512 0
    endloop
  endfacet
  facet normal 0 0 -1
    outer loop
      vertex 208.8 159.8 0
      vertex 197.191 153.224 0
      vertex 197.2 153.4 0
    endloop
  endfacet
  facet normal 0 0 -1
    outer loop
      vertex 197.063 14.0888 0
      vertex 208.8 7 0
      vertex 197.122 13.9225 0
    endloop
  endfacet
  facet normal 0 0 -1
    outer loop
      vertex 208.8 159.8 0
      vertex 197.165 153.049 0
      vertex 197.191 153.224 0
    endloop
  endfacet
  facet normal 0 0 -1
    outer loop
      vertex 196.987 14.2485 0
      vertex 208.8 7 0
      vertex 197.063 14.0888 0
    endloop
  endfacet
  facet normal 0 0 -1
    outer loop
      vertex 208.8 159.8 0
      vertex 197.122 152.877 0
      vertex 197.165 153.049 0
    endloop
  endfacet
  facet normal 0 0 -1
    outer loop
      vertex 196.897 14.4 0
      vertex 208.8 7 0
      vertex 196.987 14.2485 0
    endloop
  endfacet
  facet normal 0 0 -1
    outer loop
      vertex 208.8 159.8 0
      vertex 197.063 152.711 0
      vertex 197.122 152.877 0
    endloop
  endfacet
  facet normal 0 0 -1
    outer loop
      vertex 196.791 14.5419 0
      vertex 208.8 7 0
      vertex 196.897 14.4 0
    endloop
  endfacet
  facet normal 0 0 -1
    outer loop
      vertex 208.8 159.8 0
      vertex 196.987 152.551 0
      vertex 197.063 152.711 0
    endloop
  endfacet
  facet normal 0 0 -1
    outer loop
      vertex 196.673 14.6728 0
      vertex 208.8 7 0
      vertex 196.791 14.5419 0
    endloop
  endfacet
  facet normal 0 0 -1
    outer loop
      vertex 208.8 159.8 0
      vertex 196.897 152.4 0
      vertex 196.987 152.551 0
    endloop
  endfacet
  facet normal 0 0 -1
    outer loop
      vertex 196.542 14.7914 0
      vertex 208.8 7 0
      vertex 196.673 14.6728 0
    endloop
  endfacet
  facet normal 0 0 -1
    outer loop
      vertex 208.8 159.8 0
      vertex 196.791 152.258 0
      vertex 196.897 152.4 0
    endloop
  endfacet
  facet normal 0 0 -1
    outer loop
      vertex 208.8 7 0
      vertex 196.542 14.7914 0
      vertex 208.8 159.8 0
    endloop
  endfacet
  facet normal 0 0 -1
    outer loop
      vertex 208.8 159.8 0
      vertex 196.673 152.127 0
      vertex 196.791 152.258 0
    endloop
  endfacet
  facet normal 0 0 -1
    outer loop
      vertex 196.542 152.009 0
      vertex 208.8 159.8 0
      vertex 196.542 14.7914 0
    endloop
  endfacet
  facet normal 0 0 -1
    outer loop
      vertex 208.8 159.8 0
      vertex 196.542 152.009 0
      vertex 196.673 152.127 0
    endloop
  endfacet
  facet normal 0 0 -1
    outer loop
      vertex 196.4 14.8966 0
      vertex 196.542 152.009 0
      vertex 196.542 14.7914 0
    endloop
  endfacet
  facet normal 0 0 -1
    outer loop
      vertex 196.4 14.8966 0
      vertex 196.4 151.903 0
      vertex 196.542 152.009 0
    endloop
  endfacet
  facet normal 0 0 -1
    outer loop
      vertex 196.249 14.9875 0
      vertex 196.4 151.903 0
      vertex 196.4 14.8966 0
    endloop
  endfacet
  facet normal 0 0 -1
    outer loop
      vertex 196.249 14.9875 0
      vertex 196.249 151.813 0
      vertex 196.4 151.903 0
    endloop
  endfacet
  facet normal 0 0 -1
    outer loop
      vertex 196.089 15.063 0
      vertex 196.249 151.813 0
      vertex 196.249 14.9875 0
    endloop
  endfacet
  facet normal 0 0 -1
    outer loop
      vertex 196.089 15.063 0
      vertex 196.089 151.737 0
      vertex 196.249 151.813 0
    endloop
  endfacet
  facet normal 0 0 -1
    outer loop
      vertex 195.923 15.1225 0
      vertex 196.089 151.737 0
      vertex 196.089 15.063 0
    endloop
  endfacet
  facet normal 0 0 -1
    outer loop
      vertex 195.923 15.1225 0
      vertex 195.923 151.678 0
      vertex 196.089 151.737 0
    endloop
  endfacet
  facet normal 0 0 -1
    outer loop
      vertex 195.751 15.1654 0
      vertex 195.923 151.678 0
      vertex 195.923 15.1225 0
    endloop
  endfacet
  facet normal 0 0 -1
    outer loop
      vertex 195.751 15.1654 0
      vertex 195.751 151.635 0
      vertex 195.923 151.678 0
    endloop
  endfacet
  facet normal 0 0 -1
    outer loop
      vertex 144 65 0
      vertex 195.751 15.1654 0
      vertex 195.576 15.1913 0
    endloop
  endfacet
  facet normal 0 0 -1
    outer loop
      vertex 195.751 15.1654 0
      vertex 144 65 0
      vertex 195.751 151.635 0
    endloop
  endfacet
  facet normal 0 0 -1
    outer loop
      vertex 144 65 0
      vertex 195.576 15.1913 0
      vertex 195.4 15.2 0
    endloop
  endfacet
  facet normal 0 0 -1
    outer loop
      vertex 195.751 151.635 0
      vertex 144 65 0
      vertex 195.576 151.609 0
    endloop
  endfacet
  facet normal 0 0 -1
    outer loop
      vertex 144 65 0
      vertex 195.4 15.2 0
      vertex 195.224 15.1913 0
    endloop
  endfacet
  facet normal 0 0 -1
    outer loop
      vertex 195.576 151.609 0
      vertex 144 65 0
      vertex 195.4 151.6 0
    endloop
  endfacet
  facet normal 0 0 -1
    outer loop
      vertex 144 62 0
      vertex 195.224 15.1913 0
      vertex 195.049 15.1654 0
    endloop
  endfacet
  facet normal -0 0 -1
    outer loop
      vertex 195.4 151.6 0
      vertex 144 65 0
      vertex 195.224 151.609 0
    endloop
  endfacet
  facet normal 0 0 -1
    outer loop
      vertex 144 53 0
      vertex 195.049 15.1654 0
      vertex 194.877 15.1225 0
    endloop
  endfacet
  facet normal -0 0 -1
    outer loop
      vertex 195.224 151.609 0
      vertex 144 65 0
      vertex 195.049 151.635 0
    endloop
  endfacet
  facet normal 0 0 -1
    outer loop
      vertex 144 50 0
      vertex 194.877 15.1225 0
      vertex 194.711 15.063 0
    endloop
  endfacet
  facet normal -0 0 -1
    outer loop
      vertex 195.049 151.635 0
      vertex 144 65 0
      vertex 194.877 151.678 0
    endloop
  endfacet
  facet normal 0 0 -1
    outer loop
      vertex 144 50 0
      vertex 194.711 15.063 0
      vertex 194.551 14.9875 0
    endloop
  endfacet
  facet normal -0 0 -1
    outer loop
      vertex 194.877 151.678 0
      vertex 144 65 0
      vertex 194.711 151.737 0
    endloop
  endfacet
  facet normal 0 0 -1
    outer loop
      vertex 144 41 0
      vertex 194.551 14.9875 0
      vertex 194.4 14.8966 0
    endloop
  endfacet
  facet normal -0 0 -1
    outer loop
      vertex 194.711 151.737 0
      vertex 144 65 0
      vertex 194.551 151.813 0
    endloop
  endfacet
  facet normal 0 0 -1
    outer loop
      vertex 144 41 0
      vertex 194.4 14.8966 0
      vertex 194.258 14.7914 0
    endloop
  endfacet
  facet normal -0 0 -1
    outer loop
      vertex 194.551 151.813 0
      vertex 144 65 0
      vertex 194.4 151.903 0
    endloop
  endfacet
  facet normal 0 0 -1
    outer loop
      vertex 144 38 0
      vertex 194.258 14.7914 0
      vertex 194.127 14.6728 0
    endloop
  endfacet
  facet normal -0 0 -1
    outer loop
      vertex 194.4 151.903 0
      vertex 144 65 0
      vertex 194.258 152.009 0
    endloop
  endfacet
  facet normal 0 0 -1
    outer loop
      vertex 144 38 0
      vertex 194.127 14.6728 0
      vertex 194.009 14.5419 0
    endloop
  endfacet
  facet normal -0 0 -1
    outer loop
      vertex 194.258 152.009 0
      vertex 144 65 0
      vertex 194.127 152.127 0
    endloop
  endfacet
  facet normal 0 0 -1
    outer loop
      vertex 144 38 0
      vertex 194.009 14.5419 0
      vertex 193.903 14.4 0
    endloop
  endfacet
  facet normal -0 0 -1
    outer loop
      vertex 194.127 152.127 0
      vertex 144 65 0
      vertex 194.009 152.258 0
    endloop
  endfacet
  facet normal 0 0 -1
    outer loop
      vertex 144 38 0
      vertex 193.903 14.4 0
      vertex 193.813 14.2485 0
    endloop
  endfacet
  facet normal -0 0 -1
    outer loop
      vertex 194.009 152.258 0
      vertex 144 65 0
      vertex 193.903 152.4 0
    endloop
  endfacet
  facet normal 0 0 -1
    outer loop
      vertex 144 38 0
      vertex 193.813 14.2485 0
      vertex 193.737 14.0888 0
    endloop
  endfacet
  facet normal -0 0 -1
    outer loop
      vertex 193.903 152.4 0
      vertex 144 65 0
      vertex 193.813 152.551 0
    endloop
  endfacet
  facet normal 0 0 -1
    outer loop
      vertex 144 38 0
      vertex 193.737 14.0888 0
      vertex 193.678 13.9225 0
    endloop
  endfacet
  facet normal 0 0 -1
    outer loop
      vertex 138 65 0
      vertex 193.813 152.551 0
      vertex 144 65 0
    endloop
  endfacet
  facet normal 0 0 -1
    outer loop
      vertex 144 38 0
      vertex 193.678 13.9225 0
      vertex 193.635 13.7512 0
    endloop
  endfacet
  facet normal -0 0 -1
    outer loop
      vertex 193.813 152.551 0
      vertex 138 65 0
      vertex 193.737 152.711 0
    endloop
  endfacet
  facet normal 0 0 -1
    outer loop
      vertex 144 38 0
      vertex 193.635 13.7512 0
      vertex 193.609 13.5764 0
    endloop
  endfacet
  facet normal 0 0 -1
    outer loop
      vertex 134 65 0
      vertex 193.737 152.711 0
      vertex 138 65 0
    endloop
  endfacet
  facet normal 0 0 -1
    outer loop
      vertex 144 38 0
      vertex 193.609 13.5764 0
      vertex 193.6 13.4 0
    endloop
  endfacet
  facet normal -0 0 -1
    outer loop
      vertex 193.737 152.711 0
      vertex 134 65 0
      vertex 193.678 152.877 0
    endloop
  endfacet
  facet normal 0 0 -1
    outer loop
      vertex 196.673 12.1272 0
      vertex 208.8 7 0
      vertex 208.766 6.31388 0
    endloop
  endfacet
  facet normal 0 0 -1
    outer loop
      vertex 197.191 13.5764 0
      vertex 208.8 7 0
      vertex 197.2 13.4 0
    endloop
  endfacet
  facet normal 0 0 -1
    outer loop
      vertex 196.673 12.1272 0
      vertex 208.766 6.31388 0
      vertex 208.665 5.63437 0
    endloop
  endfacet
  facet normal 0 0 -1
    outer loop
      vertex 197.165 13.7512 0
      vertex 208.8 7 0
      vertex 197.191 13.5764 0
    endloop
  endfacet
  facet normal 0 0 -1
    outer loop
      vertex 196.673 12.1272 0
      vertex 208.665 5.63437 0
      vertex 208.499 4.96801 0
    endloop
  endfacet
  facet normal 0 0 -1
    outer loop
      vertex 197.191 153.576 0
      vertex 208.8 159.8 0
      vertex 197.2 153.4 0
    endloop
  endfacet
  facet normal 0 0 -1
    outer loop
      vertex 196.673 12.1272 0
      vertex 208.499 4.96801 0
      vertex 208.267 4.32122 0
    endloop
  endfacet
  facet normal 0 0 -1
    outer loop
      vertex 197.165 153.751 0
      vertex 208.8 159.8 0
      vertex 197.191 153.576 0
    endloop
  endfacet
  facet normal 0 0 -1
    outer loop
      vertex 196.673 12.1272 0
      vertex 208.267 4.32122 0
      vertex 207.973 3.70022 0
    endloop
  endfacet
  facet normal 0 0 -1
    outer loop
      vertex 197.122 153.923 0
      vertex 208.8 159.8 0
      vertex 197.165 153.751 0
    endloop
  endfacet
  facet normal 0 0 -1
    outer loop
      vertex 196.673 12.1272 0
      vertex 207.973 3.70022 0
      vertex 207.62 3.11101 0
    endloop
  endfacet
  facet normal 0 0 -1
    outer loop
      vertex 197.063 154.089 0
      vertex 208.8 159.8 0
      vertex 197.122 153.923 0
    endloop
  endfacet
  facet normal 0 0 -1
    outer loop
      vertex 196.673 12.1272 0
      vertex 207.62 3.11101 0
      vertex 207.211 2.55925 0
    endloop
  endfacet
  facet normal 0 0 -1
    outer loop
      vertex 196.987 154.249 0
      vertex 208.8 159.8 0
      vertex 197.063 154.089 0
    endloop
  endfacet
  facet normal 0 0 -1
    outer loop
      vertex 196.673 12.1272 0
      vertex 207.211 2.55925 0
      vertex 206.75 2.05025 0
    endloop
  endfacet
  facet normal 0 0 -1
    outer loop
      vertex 196.897 154.4 0
      vertex 208.8 159.8 0
      vertex 196.987 154.249 0
    endloop
  endfacet
  facet normal 0 0 -1
    outer loop
      vertex 196.673 12.1272 0
      vertex 206.75 2.05025 0
      vertex 206.241 1.58893 0
    endloop
  endfacet
  facet normal 0 0 -1
    outer loop
      vertex 196.791 154.542 0
      vertex 208.8 159.8 0
      vertex 196.897 154.4 0
    endloop
  endfacet
  facet normal 0 0 -1
    outer loop
      vertex 196.673 12.1272 0
      vertex 206.241 1.58893 0
      vertex 205.689 1.17971 0
    endloop
  endfacet
  facet normal 0 0 -1
    outer loop
      vertex 196.673 154.673 0
      vertex 208.8 159.8 0
      vertex 196.791 154.542 0
    endloop
  endfacet
  facet normal 0 0 -1
    outer loop
      vertex 196.673 12.1272 0
      vertex 205.689 1.17971 0
      vertex 205.1 0.82655 0
    endloop
  endfacet
  facet normal -0 0 -1
    outer loop
      vertex 208.8 159.8 0
      vertex 196.673 154.673 0
      vertex 208.766 160.486 0
    endloop
  endfacet
  facet normal 0 0 -1
    outer loop
      vertex 196.673 12.1272 0
      vertex 205.1 0.82655 0
      vertex 204.479 0.532843 0
    endloop
  endfacet
  facet normal -0 0 -1
    outer loop
      vertex 208.766 160.486 0
      vertex 196.673 154.673 0
      vertex 208.665 161.166 0
    endloop
  endfacet
  facet normal 0 0 -1
    outer loop
      vertex 196.673 12.1272 0
      vertex 204.479 0.532843 0
      vertex 203.832 0.301417 0
    endloop
  endfacet
  facet normal -0 0 -1
    outer loop
      vertex 208.665 161.166 0
      vertex 196.673 154.673 0
      vertex 208.499 161.832 0
    endloop
  endfacet
  facet normal 0 0 -1
    outer loop
      vertex 196.673 12.1272 0
      vertex 203.832 0.301417 0
      vertex 203.166 0.134502 0
    endloop
  endfacet
  facet normal -0 0 -1
    outer loop
      vertex 208.499 161.832 0
      vertex 196.673 154.673 0
      vertex 208.267 162.479 0
    endloop
  endfacet
  facet normal 0 0 -1
    outer loop
      vertex 196.673 12.1272 0
      vertex 203.166 0.134502 0
      vertex 202.486 0.0337067 0
    endloop
  endfacet
  facet normal -0 0 -1
    outer loop
      vertex 208.267 162.479 0
      vertex 196.673 154.673 0
      vertex 207.973 163.1 0
    endloop
  endfacet
  facet normal 0 0 -1
    outer loop
      vertex 196.673 12.1272 0
      vertex 202.486 0.0337067 0
      vertex 201.8 0 0
    endloop
  endfacet
  facet normal -0 0 -1
    outer loop
      vertex 207.973 163.1 0
      vertex 196.673 154.673 0
      vertex 207.62 163.689 0
    endloop
  endfacet
  facet normal -0 0 -1
    outer loop
      vertex 207.62 163.689 0
      vertex 196.673 154.673 0
      vertex 207.211 164.241 0
    endloop
  endfacet
  facet normal 0 0 -1
    outer loop
      vertex 208.8 7 0
      vertex 197.191 13.2236 0
      vertex 197.2 13.4 0
    endloop
  endfacet
  facet normal 0 0 -1
    outer loop
      vertex 208.8 7 0
      vertex 197.165 13.0488 0
      vertex 197.191 13.2236 0
    endloop
  endfacet
  facet normal 0 0 -1
    outer loop
      vertex 208.8 7 0
      vertex 197.122 12.8775 0
      vertex 197.165 13.0488 0
    endloop
  endfacet
  facet normal 0 0 -1
    outer loop
      vertex 208.8 7 0
      vertex 197.063 12.7112 0
      vertex 197.122 12.8775 0
    endloop
  endfacet
  facet normal 0 0 -1
    outer loop
      vertex 208.8 7 0
      vertex 196.987 12.5515 0
      vertex 197.063 12.7112 0
    endloop
  endfacet
  facet normal 0 0 -1
    outer loop
      vertex 208.8 7 0
      vertex 196.897 12.4 0
      vertex 196.987 12.5515 0
    endloop
  endfacet
  facet normal 0 0 -1
    outer loop
      vertex 208.8 7 0
      vertex 196.791 12.2581 0
      vertex 196.897 12.4 0
    endloop
  endfacet
  facet normal 0 0 -1
    outer loop
      vertex 208.8 7 0
      vertex 196.673 12.1272 0
      vertex 196.791 12.2581 0
    endloop
  endfacet
  facet normal 0 0 -1
    outer loop
      vertex 201.8 0 0
      vertex 196.542 12.0086 0
      vertex 196.673 12.1272 0
    endloop
  endfacet
  facet normal 0 0 -1
    outer loop
      vertex 201.8 0 0
      vertex 196.4 11.9034 0
      vertex 196.542 12.0086 0
    endloop
  endfacet
  facet normal 0 0 -1
    outer loop
      vertex 201.8 0 0
      vertex 196.249 11.8125 0
      vertex 196.4 11.9034 0
    endloop
  endfacet
  facet normal 0 0 -1
    outer loop
      vertex 201.8 0 0
      vertex 196.089 11.737 0
      vertex 196.249 11.8125 0
    endloop
  endfacet
  facet normal 0 0 -1
    outer loop
      vertex 201.8 0 0
      vertex 195.923 11.6775 0
      vertex 196.089 11.737 0
    endloop
  endfacet
  facet normal 0 0 -1
    outer loop
      vertex 201.8 0 0
      vertex 195.751 11.6346 0
      vertex 195.923 11.6775 0
    endloop
  endfacet
  facet normal 0 0 -1
    outer loop
      vertex 201.8 0 0
      vertex 195.576 11.6087 0
      vertex 195.751 11.6346 0
    endloop
  endfacet
  facet normal 0 0 -1
    outer loop
      vertex 201.8 0 0
      vertex 195.4 11.6 0
      vertex 195.576 11.6087 0
    endloop
  endfacet
  facet normal 0 0 -1
    outer loop
      vertex 201.8 0 0
      vertex 195.224 11.6087 0
      vertex 195.4 11.6 0
    endloop
  endfacet
  facet normal 0 0 -1
    outer loop
      vertex 201.8 0 0
      vertex 195.049 11.6346 0
      vertex 195.224 11.6087 0
    endloop
  endfacet
  facet normal 0 0 -1
    outer loop
      vertex 201.8 0 0
      vertex 194.877 11.6775 0
      vertex 195.049 11.6346 0
    endloop
  endfacet
  facet normal 0 0 -1
    outer loop
      vertex 201.8 0 0
      vertex 194.711 11.737 0
      vertex 194.877 11.6775 0
    endloop
  endfacet
  facet normal 0 0 -1
    outer loop
      vertex 201.8 0 0
      vertex 194.551 11.8125 0
      vertex 194.711 11.737 0
    endloop
  endfacet
  facet normal 0 0 -1
    outer loop
      vertex 201.8 0 0
      vertex 194.4 11.9034 0
      vertex 194.551 11.8125 0
    endloop
  endfacet
  facet normal 0 0 -1
    outer loop
      vertex 201.8 0 0
      vertex 194.258 12.0086 0
      vertex 194.4 11.9034 0
    endloop
  endfacet
  facet normal 0 0 -1
    outer loop
      vertex 201.8 0 0
      vertex 194.127 12.1272 0
      vertex 194.258 12.0086 0
    endloop
  endfacet
  facet normal 0 0 -1
    outer loop
      vertex 201.8 0 0
      vertex 194.009 12.2581 0
      vertex 194.127 12.1272 0
    endloop
  endfacet
  facet normal 0 0 -1
    outer loop
      vertex 144 38 0
      vertex 194.009 12.2581 0
      vertex 201.8 0 0
    endloop
  endfacet
  facet normal 0 0 -1
    outer loop
      vertex 194.258 14.7914 0
      vertex 144 38 0
      vertex 144 41 0
    endloop
  endfacet
  facet normal 0 0 -1
    outer loop
      vertex 193.609 13.2236 0
      vertex 144 38 0
      vertex 193.6 13.4 0
    endloop
  endfacet
  facet normal 0 0 -1
    outer loop
      vertex 193.635 13.0488 0
      vertex 144 38 0
      vertex 193.609 13.2236 0
    endloop
  endfacet
  facet normal 0 0 -1
    outer loop
      vertex 193.678 12.8775 0
      vertex 144 38 0
      vertex 193.635 13.0488 0
    endloop
  endfacet
  facet normal 0 0 -1
    outer loop
      vertex 193.737 12.7112 0
      vertex 144 38 0
      vertex 193.678 12.8775 0
    endloop
  endfacet
  facet normal 0 0 -1
    outer loop
      vertex 193.813 12.5515 0
      vertex 144 38 0
      vertex 193.737 12.7112 0
    endloop
  endfacet
  facet normal 0 0 -1
    outer loop
      vertex 193.903 12.4 0
      vertex 144 38 0
      vertex 193.813 12.5515 0
    endloop
  endfacet
  facet normal 0 0 -1
    outer loop
      vertex 194.009 12.2581 0
      vertex 144 38 0
      vertex 193.903 12.4 0
    endloop
  endfacet
  facet normal 0 0 -1
    outer loop
      vertex 201.8 0 0
      vertex 138 38 0
      vertex 144 38 0
    endloop
  endfacet
  facet normal 0 0 -1
    outer loop
      vertex 134 41 0
      vertex 138 41 0
      vertex 138 38 0
    endloop
  endfacet
  facet normal 0 0 -1
    outer loop
      vertex 138 41 0
      vertex 134 41 0
      vertex 138 50 0
    endloop
  endfacet
  facet normal 0 0 -1
    outer loop
      vertex 138 50 0
      vertex 134 50 0
      vertex 138 53 0
    endloop
  endfacet
  facet normal 0 0 -1
    outer loop
      vertex 134 53 0
      vertex 138 53 0
      vertex 134 50 0
    endloop
  endfacet
  facet normal 0 0 -1
    outer loop
      vertex 134 41 0
      vertex 138 38 0
      vertex 134 38 0
    endloop
  endfacet
  facet normal 0 0 -1
    outer loop
      vertex 201.8 0 0
      vertex 134 38 0
      vertex 138 38 0
    endloop
  endfacet
  facet normal 0 0 -1
    outer loop
      vertex 201.8 0 0
      vertex 128 38 0
      vertex 134 38 0
    endloop
  endfacet
  facet normal 0 0 -1
    outer loop
      vertex 124 41 0
      vertex 128 41 0
      vertex 128 38 0
    endloop
  endfacet
  facet normal 0 0 -1
    outer loop
      vertex 128 41 0
      vertex 124 41 0
      vertex 128 50 0
    endloop
  endfacet
  facet normal 0 0 -1
    outer loop
      vertex 128 50 0
      vertex 124 50 0
      vertex 128 53 0
    endloop
  endfacet
  facet normal 0 0 -1
    outer loop
      vertex 124 53 0
      vertex 128 53 0
      vertex 124 50 0
    endloop
  endfacet
  facet normal 0 0 -1
    outer loop
      vertex 124 41 0
      vertex 128 38 0
      vertex 124 38 0
    endloop
  endfacet
  facet normal 0 0 -1
    outer loop
      vertex 201.8 0 0
      vertex 124 38 0
      vertex 128 38 0
    endloop
  endfacet
  facet normal 0 0 -1
    outer loop
      vertex 201.8 0 0
      vertex 118 38 0
      vertex 124 38 0
    endloop
  endfacet
  facet normal 0 0 -1
    outer loop
      vertex 114 41 0
      vertex 118 41 0
      vertex 118 38 0
    endloop
  endfacet
  facet normal 0 0 -1
    outer loop
      vertex 118 41 0
      vertex 114 41 0
      vertex 118 50 0
    endloop
  endfacet
  facet normal 0 0 -1
    outer loop
      vertex 118 50 0
      vertex 114 50 0
      vertex 118 53 0
    endloop
  endfacet
  facet normal 0 0 -1
    outer loop
      vertex 114 53 0
      vertex 118 53 0
      vertex 114 50 0
    endloop
  endfacet
  facet normal 0 0 -1
    outer loop
      vertex 114 41 0
      vertex 118 38 0
      vertex 114 38 0
    endloop
  endfacet
  facet normal 0 0 -1
    outer loop
      vertex 201.8 0 0
      vertex 114 38 0
      vertex 118 38 0
    endloop
  endfacet
  facet normal 0 0 -1
    outer loop
      vertex 201.8 0 0
      vertex 108 38 0
      vertex 114 38 0
    endloop
  endfacet
  facet normal 0 0 -1
    outer loop
      vertex 104 41 0
      vertex 108 41 0
      vertex 108 38 0
    endloop
  endfacet
  facet normal 0 0 -1
    outer loop
      vertex 108 41 0
      vertex 104 41 0
      vertex 108 50 0
    endloop
  endfacet
  facet normal 0 0 -1
    outer loop
      vertex 108 50 0
      vertex 104 50 0
      vertex 108 53 0
    endloop
  endfacet
  facet normal 0 0 -1
    outer loop
      vertex 104 53 0
      vertex 108 53 0
      vertex 104 50 0
    endloop
  endfacet
  facet normal 0 0 -1
    outer loop
      vertex 104 41 0
      vertex 108 38 0
      vertex 104 38 0
    endloop
  endfacet
  facet normal 0 0 -1
    outer loop
      vertex 201.8 0 0
      vertex 104 38 0
      vertex 108 38 0
    endloop
  endfacet
  facet normal 0 0 -1
    outer loop
      vertex 7 0 0
      vertex 104 38 0
      vertex 201.8 0 0
    endloop
  endfacet
  facet normal 0 0 -1
    outer loop
      vertex 94 41 0
      vertex 98 41 0
      vertex 98 38 0
    endloop
  endfacet
  facet normal 0 0 -1
    outer loop
      vertex 98 41 0
      vertex 94 41 0
      vertex 98 50 0
    endloop
  endfacet
  facet normal 0 0 -1
    outer loop
      vertex 98 50 0
      vertex 94 50 0
      vertex 98 53 0
    endloop
  endfacet
  facet normal 0 0 -1
    outer loop
      vertex 94 53 0
      vertex 98 53 0
      vertex 94 50 0
    endloop
  endfacet
  facet normal 0 0 -1
    outer loop
      vertex 94 41 0
      vertex 98 38 0
      vertex 94 38 0
    endloop
  endfacet
  facet normal -0 0 -1
    outer loop
      vertex 104 38 0
      vertex 7 0 0
      vertex 98 38 0
    endloop
  endfacet
  facet normal -0 0 -1
    outer loop
      vertex 98 38 0
      vertex 7 0 0
      vertex 94 38 0
    endloop
  endfacet
  facet normal 0 0 -1
    outer loop
      vertex 84 41 0
      vertex 88 41 0
      vertex 88 38 0
    endloop
  endfacet
  facet normal 0 0 -1
    outer loop
      vertex 88 41 0
      vertex 84 41 0
      vertex 88 50 0
    endloop
  endfacet
  facet normal 0 0 -1
    outer loop
      vertex 88 50 0
      vertex 84 50 0
      vertex 88 53 0
    endloop
  endfacet
  facet normal 0 0 -1
    outer loop
      vertex 84 53 0
      vertex 88 53 0
      vertex 84 50 0
    endloop
  endfacet
  facet normal 0 0 -1
    outer loop
      vertex 84 41 0
      vertex 88 38 0
      vertex 84 38 0
    endloop
  endfacet
  facet normal -0 0 -1
    outer loop
      vertex 94 38 0
      vertex 7 0 0
      vertex 88 38 0
    endloop
  endfacet
  facet normal -0 0 -1
    outer loop
      vertex 88 38 0
      vertex 7 0 0
      vertex 84 38 0
    endloop
  endfacet
  facet normal 0 0 -1
    outer loop
      vertex 74 41 0
      vertex 78 41 0
      vertex 78 38 0
    endloop
  endfacet
  facet normal 0 0 -1
    outer loop
      vertex 78 41 0
      vertex 74 41 0
      vertex 78 50 0
    endloop
  endfacet
  facet normal 0 0 -1
    outer loop
      vertex 78 50 0
      vertex 74 50 0
      vertex 78 53 0
    endloop
  endfacet
  facet normal 0 0 -1
    outer loop
      vertex 74 53 0
      vertex 78 53 0
      vertex 74 50 0
    endloop
  endfacet
  facet normal 0 0 -1
    outer loop
      vertex 74 41 0
      vertex 78 38 0
      vertex 74 38 0
    endloop
  endfacet
  facet normal -0 0 -1
    outer loop
      vertex 84 38 0
      vertex 7 0 0
      vertex 78 38 0
    endloop
  endfacet
  facet normal -0 0 -1
    outer loop
      vertex 78 38 0
      vertex 7 0 0
      vertex 74 38 0
    endloop
  endfacet
  facet normal 0 0 -1
    outer loop
      vertex 64 41 0
      vertex 68 41 0
      vertex 68 38 0
    endloop
  endfacet
  facet normal 0 0 -1
    outer loop
      vertex 68 41 0
      vertex 64 41 0
      vertex 68 50 0
    endloop
  endfacet
  facet normal 0 0 -1
    outer loop
      vertex 68 50 0
      vertex 64 50 0
      vertex 68 53 0
    endloop
  endfacet
  facet normal 0 0 -1
    outer loop
      vertex 64 53 0
      vertex 68 53 0
      vertex 64 50 0
    endloop
  endfacet
  facet normal 0 0 -1
    outer loop
      vertex 64 41 0
      vertex 68 38 0
      vertex 64 38 0
    endloop
  endfacet
  facet normal -0 0 -1
    outer loop
      vertex 74 38 0
      vertex 7 0 0
      vertex 68 38 0
    endloop
  endfacet
  facet normal 0 -0 -1
    outer loop
      vertex 14.7914 12.2581 0
      vertex 68 38 0
      vertex 7 0 0
    endloop
  endfacet
  facet normal 0 0 -1
    outer loop
      vertex 15.1913 13.5764 0
      vertex 58 38 0
      vertex 15.2 13.4 0
    endloop
  endfacet
  facet normal 0 0 -1
    outer loop
      vertex 15.1654 13.7512 0
      vertex 58 38 0
      vertex 15.1913 13.5764 0
    endloop
  endfacet
  facet normal 0 0 -1
    outer loop
      vertex 15.1225 13.9225 0
      vertex 58 38 0
      vertex 15.1654 13.7512 0
    endloop
  endfacet
  facet normal 0 0 -1
    outer loop
      vertex 15.063 14.0888 0
      vertex 58 38 0
      vertex 15.1225 13.9225 0
    endloop
  endfacet
  facet normal 0 0 -1
    outer loop
      vertex 14.9875 14.2485 0
      vertex 58 38 0
      vertex 15.063 14.0888 0
    endloop
  endfacet
  facet normal -0 0 -1
    outer loop
      vertex 68 38 0
      vertex 14.7914 12.2581 0
      vertex 64 38 0
    endloop
  endfacet
  facet normal 0 0 -1
    outer loop
      vertex 58 38 0
      vertex 15.1913 13.2236 0
      vertex 15.2 13.4 0
    endloop
  endfacet
  facet normal 0 0 -1
    outer loop
      vertex 58 38 0
      vertex 15.1654 13.0488 0
      vertex 15.1913 13.2236 0
    endloop
  endfacet
  facet normal 0 0 -1
    outer loop
      vertex 58 38 0
      vertex 15.1225 12.8775 0
      vertex 15.1654 13.0488 0
    endloop
  endfacet
  facet normal 0 0 -1
    outer loop
      vertex 58 38 0
      vertex 15.063 12.7112 0
      vertex 15.1225 12.8775 0
    endloop
  endfacet
  facet normal 0 0 -1
    outer loop
      vertex 58 38 0
      vertex 14.9875 12.5515 0
      vertex 15.063 12.7112 0
    endloop
  endfacet
  facet normal 0 0 -1
    outer loop
      vertex 58 38 0
      vertex 14.8966 12.4 0
      vertex 14.9875 12.5515 0
    endloop
  endfacet
  facet normal -0 0 -1
    outer loop
      vertex 64 38 0
      vertex 14.8966 12.4 0
      vertex 58 38 0
    endloop
  endfacet
  facet normal 0 -0 -1
    outer loop
      vertex 14.8966 12.4 0
      vertex 64 38 0
      vertex 14.7914 12.2581 0
    endloop
  endfacet
  facet normal 0 0 -1
    outer loop
      vertex 14.7914 12.2581 0
      vertex 7 0 0
      vertex 14.6728 12.1272 0
    endloop
  endfacet
  facet normal 0 0 -1
    outer loop
      vertex 14.6728 12.1272 0
      vertex 7 0 0
      vertex 14.5419 12.0086 0
    endloop
  endfacet
  facet normal 0 0 -1
    outer loop
      vertex 14.5419 12.0086 0
      vertex 7 0 0
      vertex 14.4 11.9034 0
    endloop
  endfacet
  facet normal 0 0 -1
    outer loop
      vertex 14.4 11.9034 0
      vertex 7 0 0
      vertex 14.2485 11.8125 0
    endloop
  endfacet
  facet normal 0 0 -1
    outer loop
      vertex 14.2485 11.8125 0
      vertex 7 0 0
      vertex 14.0888 11.737 0
    endloop
  endfacet
  facet normal 0 0 -1
    outer loop
      vertex 14.0888 11.737 0
      vertex 7 0 0
      vertex 13.9225 11.6775 0
    endloop
  endfacet
  facet normal 0 0 -1
    outer loop
      vertex 13.9225 11.6775 0
      vertex 7 0 0
      vertex 13.7512 11.6346 0
    endloop
  endfacet
  facet normal 0 0 -1
    outer loop
      vertex 13.7512 11.6346 0
      vertex 7 0 0
      vertex 13.5764 11.6087 0
    endloop
  endfacet
  facet normal 0 0 -1
    outer loop
      vertex 13.5764 11.6087 0
      vertex 7 0 0
      vertex 13.4 11.6 0
    endloop
  endfacet
  facet normal -0 0 -1
    outer loop
      vertex 11.6087 13.2236 0
      vertex 0 7 0
      vertex 11.6 13.4 0
    endloop
  endfacet
  facet normal -0 0 -1
    outer loop
      vertex 11.6346 13.0488 0
      vertex 0 7 0
      vertex 11.6087 13.2236 0
    endloop
  endfacet
  facet normal -0 0 -1
    outer loop
      vertex 11.6775 12.8775 0
      vertex 0 7 0
      vertex 11.6346 13.0488 0
    endloop
  endfacet
  facet normal -0 0 -1
    outer loop
      vertex 11.737 12.7112 0
      vertex 0 7 0
      vertex 11.6775 12.8775 0
    endloop
  endfacet
  facet normal -0 0 -1
    outer loop
      vertex 11.8125 12.5515 0
      vertex 0 7 0
      vertex 11.737 12.7112 0
    endloop
  endfacet
  facet normal -0 0 -1
    outer loop
      vertex 11.9034 12.4 0
      vertex 0 7 0
      vertex 11.8125 12.5515 0
    endloop
  endfacet
  facet normal -0 0 -1
    outer loop
      vertex 12.0086 12.2581 0
      vertex 0 7 0
      vertex 11.9034 12.4 0
    endloop
  endfacet
  facet normal -0 0 -1
    outer loop
      vertex 12.1272 12.1272 0
      vertex 0 7 0
      vertex 12.0086 12.2581 0
    endloop
  endfacet
  facet normal 0 0 -1
    outer loop
      vertex 0 7 0
      vertex 12.1272 12.1272 0
      vertex 7 0 0
    endloop
  endfacet
  facet normal -0 0 -1
    outer loop
      vertex 12.2581 12.0086 0
      vertex 7 0 0
      vertex 12.1272 12.1272 0
    endloop
  endfacet
  facet normal -0 0 -1
    outer loop
      vertex 12.4 11.9034 0
      vertex 7 0 0
      vertex 12.2581 12.0086 0
    endloop
  endfacet
  facet normal -0 0 -1
    outer loop
      vertex 12.5515 11.8125 0
      vertex 7 0 0
      vertex 12.4 11.9034 0
    endloop
  endfacet
  facet normal -0 0 -1
    outer loop
      vertex 12.7112 11.737 0
      vertex 7 0 0
      vertex 12.5515 11.8125 0
    endloop
  endfacet
  facet normal -0 0 -1
    outer loop
      vertex 12.8775 11.6775 0
      vertex 7 0 0
      vertex 12.7112 11.737 0
    endloop
  endfacet
  facet normal -0 0 -1
    outer loop
      vertex 13.0488 11.6346 0
      vertex 7 0 0
      vertex 12.8775 11.6775 0
    endloop
  endfacet
  facet normal -0 0 -1
    outer loop
      vertex 13.2236 11.6087 0
      vertex 7 0 0
      vertex 13.0488 11.6346 0
    endloop
  endfacet
  facet normal -0 0 -1
    outer loop
      vertex 13.4 11.6 0
      vertex 7 0 0
      vertex 13.2236 11.6087 0
    endloop
  endfacet
  facet normal -0 0 -1
    outer loop
      vertex 207.211 164.241 0
      vertex 196.673 154.673 0
      vertex 206.75 164.75 0
    endloop
  endfacet
  facet normal -0 0 -1
    outer loop
      vertex 206.75 164.75 0
      vertex 196.673 154.673 0
      vertex 206.241 165.211 0
    endloop
  endfacet
  facet normal -0 0 -1
    outer loop
      vertex 206.241 165.211 0
      vertex 196.673 154.673 0
      vertex 205.689 165.62 0
    endloop
  endfacet
  facet normal -0 0 -1
    outer loop
      vertex 205.689 165.62 0
      vertex 196.673 154.673 0
      vertex 205.1 165.973 0
    endloop
  endfacet
  facet normal -0 0 -1
    outer loop
      vertex 205.1 165.973 0
      vertex 196.673 154.673 0
      vertex 204.479 166.267 0
    endloop
  endfacet
  facet normal -0 0 -1
    outer loop
      vertex 204.479 166.267 0
      vertex 196.673 154.673 0
      vertex 203.832 166.499 0
    endloop
  endfacet
  facet normal -0 0 -1
    outer loop
      vertex 203.832 166.499 0
      vertex 196.673 154.673 0
      vertex 203.166 166.665 0
    endloop
  endfacet
  facet normal -0 0 -1
    outer loop
      vertex 203.166 166.665 0
      vertex 196.673 154.673 0
      vertex 202.486 166.766 0
    endloop
  endfacet
  facet normal -0 0 -1
    outer loop
      vertex 202.486 166.766 0
      vertex 196.673 154.673 0
      vertex 201.8 166.8 0
    endloop
  endfacet
  facet normal 0 0 -1
    outer loop
      vertex 196.542 154.791 0
      vertex 201.8 166.8 0
      vertex 196.673 154.673 0
    endloop
  endfacet
  facet normal 0 0 -1
    outer loop
      vertex 196.4 154.897 0
      vertex 201.8 166.8 0
      vertex 196.542 154.791 0
    endloop
  endfacet
  facet normal 0 0 -1
    outer loop
      vertex 196.249 154.987 0
      vertex 201.8 166.8 0
      vertex 196.4 154.897 0
    endloop
  endfacet
  facet normal 0 0 -1
    outer loop
      vertex 196.089 155.063 0
      vertex 201.8 166.8 0
      vertex 196.249 154.987 0
    endloop
  endfacet
  facet normal 0 0 -1
    outer loop
      vertex 195.923 155.122 0
      vertex 201.8 166.8 0
      vertex 196.089 155.063 0
    endloop
  endfacet
  facet normal 0 0 -1
    outer loop
      vertex 195.751 155.165 0
      vertex 201.8 166.8 0
      vertex 195.923 155.122 0
    endloop
  endfacet
  facet normal 0 0 -1
    outer loop
      vertex 195.576 155.191 0
      vertex 201.8 166.8 0
      vertex 195.751 155.165 0
    endloop
  endfacet
  facet normal 0 0 -1
    outer loop
      vertex 195.4 155.2 0
      vertex 201.8 166.8 0
      vertex 195.576 155.191 0
    endloop
  endfacet
  facet normal 0 0 -1
    outer loop
      vertex 195.224 155.191 0
      vertex 201.8 166.8 0
      vertex 195.4 155.2 0
    endloop
  endfacet
  facet normal 0 0 -1
    outer loop
      vertex 195.049 155.165 0
      vertex 201.8 166.8 0
      vertex 195.224 155.191 0
    endloop
  endfacet
  facet normal 0 0 -1
    outer loop
      vertex 194.877 155.122 0
      vertex 201.8 166.8 0
      vertex 195.049 155.165 0
    endloop
  endfacet
  facet normal 0 0 -1
    outer loop
      vertex 194.711 155.063 0
      vertex 201.8 166.8 0
      vertex 194.877 155.122 0
    endloop
  endfacet
  facet normal 0 0 -1
    outer loop
      vertex 194.551 154.987 0
      vertex 201.8 166.8 0
      vertex 194.711 155.063 0
    endloop
  endfacet
  facet normal 0 0 -1
    outer loop
      vertex 194.4 154.897 0
      vertex 201.8 166.8 0
      vertex 194.551 154.987 0
    endloop
  endfacet
  facet normal 0 0 -1
    outer loop
      vertex 194.258 154.791 0
      vertex 201.8 166.8 0
      vertex 194.4 154.897 0
    endloop
  endfacet
  facet normal 0 0 -1
    outer loop
      vertex 194.127 154.673 0
      vertex 201.8 166.8 0
      vertex 194.258 154.791 0
    endloop
  endfacet
  facet normal 0 0 -1
    outer loop
      vertex 194.009 154.542 0
      vertex 201.8 166.8 0
      vertex 194.127 154.673 0
    endloop
  endfacet
  facet normal 0 0 -1
    outer loop
      vertex 193.903 154.4 0
      vertex 201.8 166.8 0
      vertex 194.009 154.542 0
    endloop
  endfacet
  facet normal 0 0 -1
    outer loop
      vertex 194.551 14.9875 0
      vertex 144 41 0
      vertex 144 50 0
    endloop
  endfacet
  facet normal 0 0 -1
    outer loop
      vertex 194.877 15.1225 0
      vertex 144 50 0
      vertex 144 53 0
    endloop
  endfacet
  facet normal 0 0 -1
    outer loop
      vertex 195.049 15.1654 0
      vertex 144 53 0
      vertex 144 62 0
    endloop
  endfacet
  facet normal 0 0 -1
    outer loop
      vertex 195.224 15.1913 0
      vertex 144 62 0
      vertex 144 65 0
    endloop
  endfacet
  facet normal 0 0 -1
    outer loop
      vertex 128 65 0
      vertex 193.678 152.877 0
      vertex 134 65 0
    endloop
  endfacet
  facet normal 0 0 -1
    outer loop
      vertex 124 65 0
      vertex 193.678 152.877 0
      vertex 128 65 0
    endloop
  endfacet
  facet normal -0 0 -1
    outer loop
      vertex 193.678 152.877 0
      vertex 124 65 0
      vertex 193.635 153.049 0
    endloop
  endfacet
  facet normal 0 0 -1
    outer loop
      vertex 118 65 0
      vertex 193.635 153.049 0
      vertex 124 65 0
    endloop
  endfacet
  facet normal -0 0 -1
    outer loop
      vertex 193.635 153.049 0
      vertex 118 65 0
      vertex 193.609 153.224 0
    endloop
  endfacet
  facet normal 0 0 -1
    outer loop
      vertex 114 65 0
      vertex 193.609 153.224 0
      vertex 118 65 0
    endloop
  endfacet
  facet normal 0 0 -1
    outer loop
      vertex 108 65 0
      vertex 193.609 153.224 0
      vertex 114 65 0
    endloop
  endfacet
  facet normal -0 0 -1
    outer loop
      vertex 193.609 153.224 0
      vertex 108 65 0
      vertex 193.6 153.4 0
    endloop
  endfacet
  facet normal -0 0 -1
    outer loop
      vertex 138 50 0
      vertex 134 41 0
      vertex 134 50 0
    endloop
  endfacet
  facet normal 0 0 -1
    outer loop
      vertex 138 53 0
      vertex 134 53 0
      vertex 138 62 0
    endloop
  endfacet
  facet normal 0 0 -1
    outer loop
      vertex 134 62 0
      vertex 138 62 0
      vertex 134 53 0
    endloop
  endfacet
  facet normal 0 0 -1
    outer loop
      vertex 138 62 0
      vertex 134 62 0
      vertex 138 65 0
    endloop
  endfacet
  facet normal 0 0 -1
    outer loop
      vertex 134 65 0
      vertex 138 65 0
      vertex 134 62 0
    endloop
  endfacet
  facet normal 0 0 -1
    outer loop
      vertex 104 65 0
      vertex 193.6 153.4 0
      vertex 108 65 0
    endloop
  endfacet
  facet normal 0 0 -1
    outer loop
      vertex 15.2 153.4 0
      vertex 193.6 153.4 0
      vertex 104 65 0
    endloop
  endfacet
  facet normal 0 0 -1
    outer loop
      vertex 193.6 153.4 0
      vertex 15.2 153.4 0
      vertex 193.609 153.576 0
    endloop
  endfacet
  facet normal -0 0 -1
    outer loop
      vertex 128 50 0
      vertex 124 41 0
      vertex 124 50 0
    endloop
  endfacet
  facet normal 0 0 -1
    outer loop
      vertex 128 53 0
      vertex 124 53 0
      vertex 128 62 0
    endloop
  endfacet
  facet normal 0 0 -1
    outer loop
      vertex 124 62 0
      vertex 128 62 0
      vertex 124 53 0
    endloop
  endfacet
  facet normal 0 0 -1
    outer loop
      vertex 128 62 0
      vertex 124 62 0
      vertex 128 65 0
    endloop
  endfacet
  facet normal 0 0 -1
    outer loop
      vertex 124 65 0
      vertex 128 65 0
      vertex 124 62 0
    endloop
  endfacet
  facet normal 0 0 -1
    outer loop
      vertex 15.1913 153.576 0
      vertex 193.609 153.576 0
      vertex 15.2 153.4 0
    endloop
  endfacet
  facet normal 0 0 -1
    outer loop
      vertex 193.609 153.576 0
      vertex 15.1913 153.576 0
      vertex 193.635 153.751 0
    endloop
  endfacet
  facet normal -0 0 -1
    outer loop
      vertex 118 50 0
      vertex 114 41 0
      vertex 114 50 0
    endloop
  endfacet
  facet normal 0 0 -1
    outer loop
      vertex 118 53 0
      vertex 114 53 0
      vertex 118 62 0
    endloop
  endfacet
  facet normal 0 0 -1
    outer loop
      vertex 114 62 0
      vertex 118 62 0
      vertex 114 53 0
    endloop
  endfacet
  facet normal 0 0 -1
    outer loop
      vertex 118 62 0
      vertex 114 62 0
      vertex 118 65 0
    endloop
  endfacet
  facet normal 0 0 -1
    outer loop
      vertex 114 65 0
      vertex 118 65 0
      vertex 114 62 0
    endloop
  endfacet
  facet normal 0 0 -1
    outer loop
      vertex 15.1654 153.751 0
      vertex 193.635 153.751 0
      vertex 15.1913 153.576 0
    endloop
  endfacet
  facet normal 0 0 -1
    outer loop
      vertex 193.635 153.751 0
      vertex 15.1654 153.751 0
      vertex 193.678 153.923 0
    endloop
  endfacet
  facet normal -0 0 -1
    outer loop
      vertex 108 50 0
      vertex 104 41 0
      vertex 104 50 0
    endloop
  endfacet
  facet normal 0 0 -1
    outer loop
      vertex 108 53 0
      vertex 104 53 0
      vertex 108 62 0
    endloop
  endfacet
  facet normal 0 0 -1
    outer loop
      vertex 104 62 0
      vertex 108 62 0
      vertex 104 53 0
    endloop
  endfacet
  facet normal 0 0 -1
    outer loop
      vertex 108 62 0
      vertex 104 62 0
      vertex 108 65 0
    endloop
  endfacet
  facet normal 0 0 -1
    outer loop
      vertex 104 65 0
      vertex 108 65 0
      vertex 104 62 0
    endloop
  endfacet
  facet normal 0 0 -1
    outer loop
      vertex 15.1225 153.923 0
      vertex 193.678 153.923 0
      vertex 15.1654 153.751 0
    endloop
  endfacet
  facet normal 0 0 -1
    outer loop
      vertex 15.2 153.4 0
      vertex 104 65 0
      vertex 98 65 0
    endloop
  endfacet
  facet normal -0 0 -1
    outer loop
      vertex 98 50 0
      vertex 94 41 0
      vertex 94 50 0
    endloop
  endfacet
  facet normal 0 0 -1
    outer loop
      vertex 98 53 0
      vertex 94 53 0
      vertex 98 62 0
    endloop
  endfacet
  facet normal 0 0 -1
    outer loop
      vertex 94 62 0
      vertex 98 62 0
      vertex 94 53 0
    endloop
  endfacet
  facet normal 0 0 -1
    outer loop
      vertex 98 62 0
      vertex 94 62 0
      vertex 98 65 0
    endloop
  endfacet
  facet normal 0 0 -1
    outer loop
      vertex 94 65 0
      vertex 98 65 0
      vertex 94 62 0
    endloop
  endfacet
  facet normal 0 0 -1
    outer loop
      vertex 15.2 153.4 0
      vertex 98 65 0
      vertex 94 65 0
    endloop
  endfacet
  facet normal 0 0 -1
    outer loop
      vertex 15.2 153.4 0
      vertex 94 65 0
      vertex 88 65 0
    endloop
  endfacet
  facet normal -0 0 -1
    outer loop
      vertex 88 50 0
      vertex 84 41 0
      vertex 84 50 0
    endloop
  endfacet
  facet normal 0 0 -1
    outer loop
      vertex 88 53 0
      vertex 84 53 0
      vertex 88 62 0
    endloop
  endfacet
  facet normal 0 0 -1
    outer loop
      vertex 84 62 0
      vertex 88 62 0
      vertex 84 53 0
    endloop
  endfacet
  facet normal 0 0 -1
    outer loop
      vertex 88 62 0
      vertex 84 62 0
      vertex 88 65 0
    endloop
  endfacet
  facet normal 0 0 -1
    outer loop
      vertex 84 65 0
      vertex 88 65 0
      vertex 84 62 0
    endloop
  endfacet
  facet normal 0 0 -1
    outer loop
      vertex 15.2 153.4 0
      vertex 88 65 0
      vertex 84 65 0
    endloop
  endfacet
  facet normal 0 0 -1
    outer loop
      vertex 15.2 153.4 0
      vertex 84 65 0
      vertex 78 65 0
    endloop
  endfacet
  facet normal -0 0 -1
    outer loop
      vertex 78 50 0
      vertex 74 41 0
      vertex 74 50 0
    endloop
  endfacet
  facet normal 0 0 -1
    outer loop
      vertex 78 53 0
      vertex 74 53 0
      vertex 78 62 0
    endloop
  endfacet
  facet normal 0 0 -1
    outer loop
      vertex 74 62 0
      vertex 78 62 0
      vertex 74 53 0
    endloop
  endfacet
  facet normal 0 0 -1
    outer loop
      vertex 78 62 0
      vertex 74 62 0
      vertex 78 65 0
    endloop
  endfacet
  facet normal 0 0 -1
    outer loop
      vertex 74 65 0
      vertex 78 65 0
      vertex 74 62 0
    endloop
  endfacet
  facet normal 0 0 -1
    outer loop
      vertex 15.2 153.4 0
      vertex 78 65 0
      vertex 74 65 0
    endloop
  endfacet
  facet normal 0 0 -1
    outer loop
      vertex 15.2 153.4 0
      vertex 74 65 0
      vertex 68 65 0
    endloop
  endfacet
  facet normal -0 0 -1
    outer loop
      vertex 68 50 0
      vertex 64 41 0
      vertex 64 50 0
    endloop
  endfacet
  facet normal 0 0 -1
    outer loop
      vertex 68 53 0
      vertex 64 53 0
      vertex 68 62 0
    endloop
  endfacet
  facet normal 0 0 -1
    outer loop
      vertex 64 62 0
      vertex 68 62 0
      vertex 64 53 0
    endloop
  endfacet
  facet normal 0 0 -1
    outer loop
      vertex 68 62 0
      vertex 64 62 0
      vertex 68 65 0
    endloop
  endfacet
  facet normal 0 0 -1
    outer loop
      vertex 64 65 0
      vertex 68 65 0
      vertex 64 62 0
    endloop
  endfacet
  facet normal 0 0 -1
    outer loop
      vertex 15.2 153.4 0
      vertex 68 65 0
      vertex 64 65 0
    endloop
  endfacet
  facet normal 0 0 -1
    outer loop
      vertex 15.2 153.4 0
      vertex 64 65 0
      vertex 58 65 0
    endloop
  endfacet
  facet normal 0 0 -1
    outer loop
      vertex 14.8966 14.4 0
      vertex 58 38 0
      vertex 14.9875 14.2485 0
    endloop
  endfacet
  facet normal 0 0 -1
    outer loop
      vertex 193.678 153.923 0
      vertex 15.1225 153.923 0
      vertex 193.737 154.089 0
    endloop
  endfacet
  facet normal 0 0 -1
    outer loop
      vertex 15.063 154.089 0
      vertex 193.737 154.089 0
      vertex 15.1225 153.923 0
    endloop
  endfacet
  facet normal 0 0 -1
    outer loop
      vertex 193.737 154.089 0
      vertex 15.063 154.089 0
      vertex 193.813 154.249 0
    endloop
  endfacet
  facet normal 0 0 -1
    outer loop
      vertex 14.9875 154.249 0
      vertex 193.813 154.249 0
      vertex 15.063 154.089 0
    endloop
  endfacet
  facet normal 0 0 -1
    outer loop
      vertex 193.813 154.249 0
      vertex 14.9875 154.249 0
      vertex 193.903 154.4 0
    endloop
  endfacet
  facet normal 0 0 -1
    outer loop
      vertex 14.8966 154.4 0
      vertex 193.903 154.4 0
      vertex 14.9875 154.249 0
    endloop
  endfacet
  facet normal 0 0 -1
    outer loop
      vertex 193.903 154.4 0
      vertex 14.8966 154.4 0
      vertex 201.8 166.8 0
    endloop
  endfacet
  facet normal 0 0 -1
    outer loop
      vertex 14.7914 154.542 0
      vertex 201.8 166.8 0
      vertex 14.8966 154.4 0
    endloop
  endfacet
  facet normal 0 0 -1
    outer loop
      vertex 7 166.8 0
      vertex 14.7914 154.542 0
      vertex 14.6728 154.673 0
    endloop
  endfacet
  facet normal 0 0 -1
    outer loop
      vertex 7 166.8 0
      vertex 14.6728 154.673 0
      vertex 14.5419 154.791 0
    endloop
  endfacet
  facet normal 0 0 -1
    outer loop
      vertex 7 166.8 0
      vertex 14.5419 154.791 0
      vertex 14.4 154.897 0
    endloop
  endfacet
  facet normal 0 0 -1
    outer loop
      vertex 7 166.8 0
      vertex 14.4 154.897 0
      vertex 14.2485 154.987 0
    endloop
  endfacet
  facet normal 0 0 -1
    outer loop
      vertex 7 166.8 0
      vertex 14.2485 154.987 0
      vertex 14.0888 155.063 0
    endloop
  endfacet
  facet normal 0 0 -1
    outer loop
      vertex 7 166.8 0
      vertex 14.0888 155.063 0
      vertex 13.9225 155.122 0
    endloop
  endfacet
  facet normal 0 0 -1
    outer loop
      vertex 7 166.8 0
      vertex 13.9225 155.122 0
      vertex 13.7512 155.165 0
    endloop
  endfacet
  facet normal 0 0 -1
    outer loop
      vertex 7 166.8 0
      vertex 13.7512 155.165 0
      vertex 13.5764 155.191 0
    endloop
  endfacet
  facet normal 0 0 -1
    outer loop
      vertex 7 166.8 0
      vertex 13.5764 155.191 0
      vertex 13.4 155.2 0
    endloop
  endfacet
  facet normal 0 0 -1
    outer loop
      vertex 7 166.8 0
      vertex 13.4 155.2 0
      vertex 13.2236 155.191 0
    endloop
  endfacet
  facet normal 0 0 -1
    outer loop
      vertex 14.7914 154.542 0
      vertex 7 166.8 0
      vertex 201.8 166.8 0
    endloop
  endfacet
  facet normal 0 0 -1
    outer loop
      vertex 13.0488 155.165 0
      vertex 7 166.8 0
      vertex 13.2236 155.191 0
    endloop
  endfacet
  facet normal 0 0 -1
    outer loop
      vertex 12.8775 155.122 0
      vertex 7 166.8 0
      vertex 13.0488 155.165 0
    endloop
  endfacet
  facet normal 0 0 -1
    outer loop
      vertex 12.7112 155.063 0
      vertex 7 166.8 0
      vertex 12.8775 155.122 0
    endloop
  endfacet
  facet normal 0 0 -1
    outer loop
      vertex 12.5515 154.987 0
      vertex 7 166.8 0
      vertex 12.7112 155.063 0
    endloop
  endfacet
  facet normal 0 0 -1
    outer loop
      vertex 12.4 154.897 0
      vertex 7 166.8 0
      vertex 12.5515 154.987 0
    endloop
  endfacet
  facet normal 0 0 -1
    outer loop
      vertex 12.2581 154.791 0
      vertex 7 166.8 0
      vertex 12.4 154.897 0
    endloop
  endfacet
  facet normal 0 0 -1
    outer loop
      vertex 12.1272 154.673 0
      vertex 7 166.8 0
      vertex 12.2581 154.791 0
    endloop
  endfacet
  facet normal 0 0 -1
    outer loop
      vertex 0 159.8 0
      vertex 12.1272 154.673 0
      vertex 12.0086 154.542 0
    endloop
  endfacet
  facet normal 0 0 -1
    outer loop
      vertex 0 159.8 0
      vertex 12.0086 154.542 0
      vertex 11.9034 154.4 0
    endloop
  endfacet
  facet normal 0 0 -1
    outer loop
      vertex 0 159.8 0
      vertex 11.9034 154.4 0
      vertex 11.8125 154.249 0
    endloop
  endfacet
  facet normal 0 0 -1
    outer loop
      vertex 0 159.8 0
      vertex 11.8125 154.249 0
      vertex 11.737 154.089 0
    endloop
  endfacet
  facet normal 0 0 -1
    outer loop
      vertex 0 159.8 0
      vertex 11.737 154.089 0
      vertex 11.6775 153.923 0
    endloop
  endfacet
  facet normal 0 0 -1
    outer loop
      vertex 0 159.8 0
      vertex 11.6775 153.923 0
      vertex 11.6346 153.751 0
    endloop
  endfacet
  facet normal 0 0 -1
    outer loop
      vertex 0 159.8 0
      vertex 11.6346 153.751 0
      vertex 11.6087 153.576 0
    endloop
  endfacet
  facet normal 0 0 -1
    outer loop
      vertex 0 159.8 0
      vertex 11.6087 153.576 0
      vertex 11.6 153.4 0
    endloop
  endfacet
  facet normal 0 0 -1
    outer loop
      vertex 11.6346 153.049 0
      vertex 0 159.8 0
      vertex 11.6087 153.224 0
    endloop
  endfacet
  facet normal 0 0 -1
    outer loop
      vertex 0 7 0
      vertex 7 0 0
      vertex 6.31388 0.0337067 0
    endloop
  endfacet
  facet normal 0 0 -1
    outer loop
      vertex 11.6087 153.224 0
      vertex 0 159.8 0
      vertex 11.6 153.4 0
    endloop
  endfacet
  facet normal 0 0 -1
    outer loop
      vertex 0 7 0
      vertex 6.31388 0.0337067 0
      vertex 5.63437 0.134502 0
    endloop
  endfacet
  facet normal 0 0 -1
    outer loop
      vertex 12.1272 154.673 0
      vertex 0 159.8 0
      vertex 7 166.8 0
    endloop
  endfacet
  facet normal 0 0 -1
    outer loop
      vertex 0 7 0
      vertex 5.63437 0.134502 0
      vertex 4.96801 0.301417 0
    endloop
  endfacet
  facet normal 0 0 -1
    outer loop
      vertex 7 166.8 0
      vertex 0 159.8 0
      vertex 6.31388 166.766 0
    endloop
  endfacet
  facet normal 0 0 -1
    outer loop
      vertex 0 7 0
      vertex 4.96801 0.301417 0
      vertex 4.32122 0.532843 0
    endloop
  endfacet
  facet normal 0 0 -1
    outer loop
      vertex 6.31388 166.766 0
      vertex 0 159.8 0
      vertex 5.63437 166.665 0
    endloop
  endfacet
  facet normal 0 0 -1
    outer loop
      vertex 0 7 0
      vertex 4.32122 0.532843 0
      vertex 3.70022 0.82655 0
    endloop
  endfacet
  facet normal 0 0 -1
    outer loop
      vertex 5.63437 166.665 0
      vertex 0 159.8 0
      vertex 4.96801 166.499 0
    endloop
  endfacet
  facet normal 0 0 -1
    outer loop
      vertex 0 7 0
      vertex 3.70022 0.82655 0
      vertex 3.11101 1.17971 0
    endloop
  endfacet
  facet normal 0 0 -1
    outer loop
      vertex 4.96801 166.499 0
      vertex 0 159.8 0
      vertex 4.32122 166.267 0
    endloop
  endfacet
  facet normal 0 0 -1
    outer loop
      vertex 0 7 0
      vertex 3.11101 1.17971 0
      vertex 2.55925 1.58893 0
    endloop
  endfacet
  facet normal 0 0 -1
    outer loop
      vertex 4.32122 166.267 0
      vertex 0 159.8 0
      vertex 3.70022 165.973 0
    endloop
  endfacet
  facet normal 0 0 -1
    outer loop
      vertex 0 7 0
      vertex 2.55925 1.58893 0
      vertex 2.05025 2.05025 0
    endloop
  endfacet
  facet normal 0 0 -1
    outer loop
      vertex 3.70022 165.973 0
      vertex 0 159.8 0
      vertex 3.11101 165.62 0
    endloop
  endfacet
  facet normal 0 0 -1
    outer loop
      vertex 0 7 0
      vertex 2.05025 2.05025 0
      vertex 1.58893 2.55925 0
    endloop
  endfacet
  facet normal 0 0 -1
    outer loop
      vertex 3.11101 165.62 0
      vertex 0 159.8 0
      vertex 2.55925 165.211 0
    endloop
  endfacet
  facet normal 0 0 -1
    outer loop
      vertex 0 7 0
      vertex 1.58893 2.55925 0
      vertex 1.17971 3.11101 0
    endloop
  endfacet
  facet normal 0 0 -1
    outer loop
      vertex 2.55925 165.211 0
      vertex 0 159.8 0
      vertex 2.05025 164.75 0
    endloop
  endfacet
  facet normal 0 0 -1
    outer loop
      vertex 0 7 0
      vertex 1.17971 3.11101 0
      vertex 0.82655 3.70022 0
    endloop
  endfacet
  facet normal 0 0 -1
    outer loop
      vertex 2.05025 164.75 0
      vertex 0 159.8 0
      vertex 1.58893 164.241 0
    endloop
  endfacet
  facet normal 0 0 -1
    outer loop
      vertex 0 7 0
      vertex 0.82655 3.70022 0
      vertex 0.532843 4.32122 0
    endloop
  endfacet
  facet normal 0 0 -1
    outer loop
      vertex 1.58893 164.241 0
      vertex 0 159.8 0
      vertex 1.17971 163.689 0
    endloop
  endfacet
  facet normal 0 0 -1
    outer loop
      vertex 0 7 0
      vertex 0.532843 4.32122 0
      vertex 0.301417 4.96801 0
    endloop
  endfacet
  facet normal 0 0 -1
    outer loop
      vertex 1.17971 163.689 0
      vertex 0 159.8 0
      vertex 0.82655 163.1 0
    endloop
  endfacet
  facet normal 0 0 -1
    outer loop
      vertex 0 7 0
      vertex 0.301417 4.96801 0
      vertex 0.134502 5.63437 0
    endloop
  endfacet
  facet normal 0 0 -1
    outer loop
      vertex 0.82655 163.1 0
      vertex 0 159.8 0
      vertex 0.532843 162.479 0
    endloop
  endfacet
  facet normal 0 0 -1
    outer loop
      vertex 0 7 0
      vertex 0.134502 5.63437 0
      vertex 0.0337067 6.31388 0
    endloop
  endfacet
  facet normal 0 0 -1
    outer loop
      vertex 0.532843 162.479 0
      vertex 0 159.8 0
      vertex 0.301417 161.832 0
    endloop
  endfacet
  facet normal 0 0 -1
    outer loop
      vertex 0.301417 161.832 0
      vertex 0 159.8 0
      vertex 0.134502 161.166 0
    endloop
  endfacet
  facet normal 0 0 -1
    outer loop
      vertex 0.134502 161.166 0
      vertex 0 159.8 0
      vertex 0.0337067 160.486 0
    endloop
  endfacet
  facet normal -0.989177 -0.14673 1.09165e-18
    outer loop
      vertex 0.134502 5.63437 0
      vertex 0.0337067 6.31388 3
      vertex 0.0337067 6.31388 0
    endloop
  endfacet
  facet normal -0.989177 -0.14673 1.09165e-18
    outer loop
      vertex 0.0337067 6.31388 3
      vertex 0.134502 5.63437 0
      vertex 0.134502 5.63437 3
    endloop
  endfacet
  facet normal -1 0 0
    outer loop
      vertex 0 7 0
      vertex 0 159.8 3
      vertex 0 159.8 0
    endloop
  endfacet
  facet normal -1 -0 0
    outer loop
      vertex 0 159.8 3
      vertex 0 7 0
      vertex 0 7 3
    endloop
  endfacet
  facet normal 0.998774 0.0495019 8.40239e-19
    outer loop
      vertex 208.8 159.8 3
      vertex 208.766 160.486 0
      vertex 208.766 160.486 3
    endloop
  endfacet
  facet normal 0.998774 0.0495019 8.40239e-19
    outer loop
      vertex 208.766 160.486 0
      vertex 208.8 159.8 3
      vertex 208.8 159.8 0
    endloop
  endfacet
  facet normal -0.998795 -0.0490674 2.97573e-19
    outer loop
      vertex 0.0337067 6.31388 0
      vertex 0 7 3
      vertex 0 7 0
    endloop
  endfacet
  facet normal -0.998795 -0.0490674 2.97573e-19
    outer loop
      vertex 0 7 3
      vertex 0.0337067 6.31388 0
      vertex 0.0337067 6.31388 3
    endloop
  endfacet
  facet normal -0.0490674 -0.998795 0
    outer loop
      vertex 6.31388 0.0337067 0
      vertex 7 0 3
      vertex 6.31388 0.0337067 3
    endloop
  endfacet
  facet normal -0.0490674 -0.998795 -0
    outer loop
      vertex 7 0 3
      vertex 6.31388 0.0337067 0
      vertex 7 0 0
    endloop
  endfacet
  facet normal 0 1 -0
    outer loop
      vertex 201.8 166.8 0
      vertex 7 166.8 3
      vertex 201.8 166.8 3
    endloop
  endfacet
  facet normal 0 1 0
    outer loop
      vertex 7 166.8 3
      vertex 201.8 166.8 0
      vertex 7 166.8 0
    endloop
  endfacet
  facet normal 0.67155 -0.740959 0
    outer loop
      vertex 206.241 1.58893 0
      vertex 206.75 2.05025 3
      vertex 206.241 1.58893 3
    endloop
  endfacet
  facet normal 0.67155 -0.740959 0
    outer loop
      vertex 206.75 2.05025 3
      vertex 206.241 1.58893 0
      vertex 206.75 2.05025 0
    endloop
  endfacet
  facet normal 0 0 1
    outer loop
      vertex 74 65 3
      vertex 15.063 152.711 3
      vertex 68 65 3
    endloop
  endfacet
  facet normal 0 0 1
    outer loop
      vertex 58 65 3
      vertex 15.1913 13.5764 3
      vertex 15.2 13.4 3
    endloop
  endfacet
  facet normal -0 0 1
    outer loop
      vertex 14.9875 152.551 3
      vertex 68 65 3
      vertex 15.063 152.711 3
    endloop
  endfacet
  facet normal 0 0 1
    outer loop
      vertex 58 65 3
      vertex 15.1654 13.7512 3
      vertex 15.1913 13.5764 3
    endloop
  endfacet
  facet normal 0 0 1
    outer loop
      vertex 68 65 3
      vertex 14.9875 152.551 3
      vertex 64 65 3
    endloop
  endfacet
  facet normal 0 0 1
    outer loop
      vertex 58 65 3
      vertex 15.1225 13.9225 3
      vertex 15.1654 13.7512 3
    endloop
  endfacet
  facet normal -0 0 1
    outer loop
      vertex 14.8966 152.4 3
      vertex 64 65 3
      vertex 14.9875 152.551 3
    endloop
  endfacet
  facet normal 0 0 1
    outer loop
      vertex 58 65 3
      vertex 15.063 14.0888 3
      vertex 15.1225 13.9225 3
    endloop
  endfacet
  facet normal 0 0 1
    outer loop
      vertex 64 65 3
      vertex 14.8966 152.4 3
      vertex 58 65 3
    endloop
  endfacet
  facet normal 0 0 1
    outer loop
      vertex 58 65 3
      vertex 14.9875 14.2485 3
      vertex 15.063 14.0888 3
    endloop
  endfacet
  facet normal -0 0 1
    outer loop
      vertex 14.7914 152.258 3
      vertex 58 65 3
      vertex 14.8966 152.4 3
    endloop
  endfacet
  facet normal 0 0 1
    outer loop
      vertex 58 65 3
      vertex 14.8966 14.4 3
      vertex 14.9875 14.2485 3
    endloop
  endfacet
  facet normal -0 0 1
    outer loop
      vertex 14.6728 152.127 3
      vertex 58 65 3
      vertex 14.7914 152.258 3
    endloop
  endfacet
  facet normal 0 0 1
    outer loop
      vertex 58 65 3
      vertex 14.7914 14.5419 3
      vertex 14.8966 14.4 3
    endloop
  endfacet
  facet normal -0 0 1
    outer loop
      vertex 14.5419 152.009 3
      vertex 58 65 3
      vertex 14.6728 152.127 3
    endloop
  endfacet
  facet normal 0 0 1
    outer loop
      vertex 58 65 3
      vertex 14.6728 14.6728 3
      vertex 14.7914 14.5419 3
    endloop
  endfacet
  facet normal -0 0 1
    outer loop
      vertex 14.4 151.903 3
      vertex 58 65 3
      vertex 14.5419 152.009 3
    endloop
  endfacet
  facet normal 0 0 1
    outer loop
      vertex 58 65 3
      vertex 14.5419 14.7914 3
      vertex 14.6728 14.6728 3
    endloop
  endfacet
  facet normal -0 0 1
    outer loop
      vertex 14.2485 151.813 3
      vertex 58 65 3
      vertex 14.4 151.903 3
    endloop
  endfacet
  facet normal 0 0 1
    outer loop
      vertex 58 65 3
      vertex 14.4 14.8966 3
      vertex 14.5419 14.7914 3
    endloop
  endfacet
  facet normal -0 0 1
    outer loop
      vertex 14.0888 151.737 3
      vertex 58 65 3
      vertex 14.2485 151.813 3
    endloop
  endfacet
  facet normal 0 0 1
    outer loop
      vertex 58 65 3
      vertex 14.2485 14.9875 3
      vertex 14.4 14.8966 3
    endloop
  endfacet
  facet normal -0 0 1
    outer loop
      vertex 13.9225 151.678 3
      vertex 58 65 3
      vertex 14.0888 151.737 3
    endloop
  endfacet
  facet normal 0 0 1
    outer loop
      vertex 58 65 3
      vertex 14.0888 15.063 3
      vertex 14.2485 14.9875 3
    endloop
  endfacet
  facet normal -0 0 1
    outer loop
      vertex 13.7512 151.635 3
      vertex 58 65 3
      vertex 13.9225 151.678 3
    endloop
  endfacet
  facet normal 0 0 1
    outer loop
      vertex 58 65 3
      vertex 13.9225 15.1225 3
      vertex 14.0888 15.063 3
    endloop
  endfacet
  facet normal -0 0 1
    outer loop
      vertex 13.5764 151.609 3
      vertex 58 65 3
      vertex 13.7512 151.635 3
    endloop
  endfacet
  facet normal 0 0 1
    outer loop
      vertex 58 65 3
      vertex 13.7512 15.1654 3
      vertex 13.9225 15.1225 3
    endloop
  endfacet
  facet normal -0 0 1
    outer loop
      vertex 13.4 151.6 3
      vertex 58 65 3
      vertex 13.5764 151.609 3
    endloop
  endfacet
  facet normal 0 0 1
    outer loop
      vertex 58 65 3
      vertex 13.5764 15.1913 3
      vertex 13.7512 15.1654 3
    endloop
  endfacet
  facet normal 0 0 1
    outer loop
      vertex 13.2236 151.609 3
      vertex 58 65 3
      vertex 13.4 151.6 3
    endloop
  endfacet
  facet normal 0 0 1
    outer loop
      vertex 58 65 3
      vertex 13.4 15.2 3
      vertex 13.5764 15.1913 3
    endloop
  endfacet
  facet normal 0 0 1
    outer loop
      vertex 13.0488 151.635 3
      vertex 58 65 3
      vertex 13.2236 151.609 3
    endloop
  endfacet
  facet normal 0 0 1
    outer loop
      vertex 58 65 3
      vertex 13.2236 15.1913 3
      vertex 13.4 15.2 3
    endloop
  endfacet
  facet normal 0 0 1
    outer loop
      vertex 12.8775 151.678 3
      vertex 58 65 3
      vertex 13.0488 151.635 3
    endloop
  endfacet
  facet normal 0 0 1
    outer loop
      vertex 58 65 3
      vertex 13.0488 15.1654 3
      vertex 13.2236 15.1913 3
    endloop
  endfacet
  facet normal 0 0 1
    outer loop
      vertex 12.7112 151.737 3
      vertex 58 65 3
      vertex 12.8775 151.678 3
    endloop
  endfacet
  facet normal 0 0 1
    outer loop
      vertex 58 65 3
      vertex 12.8775 15.1225 3
      vertex 13.0488 15.1654 3
    endloop
  endfacet
  facet normal 0 0 1
    outer loop
      vertex 12.7112 15.063 3
      vertex 58 65 3
      vertex 12.7112 151.737 3
    endloop
  endfacet
  facet normal 0 0 1
    outer loop
      vertex 58 65 3
      vertex 12.7112 15.063 3
      vertex 12.8775 15.1225 3
    endloop
  endfacet
  facet normal 0 0 1
    outer loop
      vertex 12.5515 151.813 3
      vertex 12.7112 15.063 3
      vertex 12.7112 151.737 3
    endloop
  endfacet
  facet normal 0 0 1
    outer loop
      vertex 12.5515 151.813 3
      vertex 12.5515 14.9875 3
      vertex 12.7112 15.063 3
    endloop
  endfacet
  facet normal 0 0 1
    outer loop
      vertex 12.4 151.903 3
      vertex 12.5515 14.9875 3
      vertex 12.5515 151.813 3
    endloop
  endfacet
  facet normal 0 0 1
    outer loop
      vertex 12.4 151.903 3
      vertex 12.4 14.8966 3
      vertex 12.5515 14.9875 3
    endloop
  endfacet
  facet normal 0 0 1
    outer loop
      vertex 12.2581 152.009 3
      vertex 12.4 14.8966 3
      vertex 12.4 151.903 3
    endloop
  endfacet
  facet normal 0 0 1
    outer loop
      vertex 12.2581 152.009 3
      vertex 12.2581 14.7914 3
      vertex 12.4 14.8966 3
    endloop
  endfacet
  facet normal 0 0 1
    outer loop
      vertex 0 159.8 3
      vertex 12.2581 152.009 3
      vertex 12.1272 152.127 3
    endloop
  endfacet
  facet normal 0 0 1
    outer loop
      vertex 12.2581 152.009 3
      vertex 0 159.8 3
      vertex 12.2581 14.7914 3
    endloop
  endfacet
  facet normal 0 0 1
    outer loop
      vertex 0 159.8 3
      vertex 12.1272 152.127 3
      vertex 12.0086 152.258 3
    endloop
  endfacet
  facet normal 0 0 1
    outer loop
      vertex 0 7 3
      vertex 12.2581 14.7914 3
      vertex 0 159.8 3
    endloop
  endfacet
  facet normal 0 0 1
    outer loop
      vertex 0 159.8 3
      vertex 12.0086 152.258 3
      vertex 11.9034 152.4 3
    endloop
  endfacet
  facet normal 0 0 1
    outer loop
      vertex 12.2581 14.7914 3
      vertex 0 7 3
      vertex 12.1272 14.6728 3
    endloop
  endfacet
  facet normal 0 0 1
    outer loop
      vertex 0 159.8 3
      vertex 11.9034 152.4 3
      vertex 11.8125 152.551 3
    endloop
  endfacet
  facet normal 0 0 1
    outer loop
      vertex 12.1272 14.6728 3
      vertex 0 7 3
      vertex 12.0086 14.5419 3
    endloop
  endfacet
  facet normal 0 0 1
    outer loop
      vertex 0 159.8 3
      vertex 11.8125 152.551 3
      vertex 11.737 152.711 3
    endloop
  endfacet
  facet normal 0 0 1
    outer loop
      vertex 12.0086 14.5419 3
      vertex 0 7 3
      vertex 11.9034 14.4 3
    endloop
  endfacet
  facet normal 0 0 1
    outer loop
      vertex 0 159.8 3
      vertex 11.737 152.711 3
      vertex 11.6775 152.877 3
    endloop
  endfacet
  facet normal 0 0 1
    outer loop
      vertex 11.9034 14.4 3
      vertex 0 7 3
      vertex 11.8125 14.2485 3
    endloop
  endfacet
  facet normal 0 0 1
    outer loop
      vertex 0 159.8 3
      vertex 11.6775 152.877 3
      vertex 11.6346 153.049 3
    endloop
  endfacet
  facet normal 0 0 1
    outer loop
      vertex 11.8125 14.2485 3
      vertex 0 7 3
      vertex 11.737 14.0888 3
    endloop
  endfacet
  facet normal 0 0 1
    outer loop
      vertex 0 159.8 3
      vertex 11.6346 153.049 3
      vertex 11.6087 153.224 3
    endloop
  endfacet
  facet normal 0 0 1
    outer loop
      vertex 11.737 14.0888 3
      vertex 0 7 3
      vertex 11.6775 13.9225 3
    endloop
  endfacet
  facet normal 0 0 1
    outer loop
      vertex 0 159.8 3
      vertex 11.6087 153.224 3
      vertex 11.6 153.4 3
    endloop
  endfacet
  facet normal 0 0 1
    outer loop
      vertex 11.6775 13.9225 3
      vertex 0 7 3
      vertex 11.6346 13.7512 3
    endloop
  endfacet
  facet normal -0 0 1
    outer loop
      vertex 58 50 3
      vertex 64 41 3
      vertex 64 50 3
    endloop
  endfacet
  facet normal 0 0 1
    outer loop
      vertex 64 41 3
      vertex 58 50 3
      vertex 58 41 3
    endloop
  endfacet
  facet normal -0 0 1
    outer loop
      vertex 58 62 3
      vertex 64 53 3
      vertex 64 62 3
    endloop
  endfacet
  facet normal 0 0 1
    outer loop
      vertex 64 53 3
      vertex 58 62 3
      vertex 58 53 3
    endloop
  endfacet
  facet normal -0 0 1
    outer loop
      vertex 68 50 3
      vertex 74 41 3
      vertex 74 50 3
    endloop
  endfacet
  facet normal 0 0 1
    outer loop
      vertex 74 41 3
      vertex 68 50 3
      vertex 68 41 3
    endloop
  endfacet
  facet normal -0 0 1
    outer loop
      vertex 68 62 3
      vertex 74 53 3
      vertex 74 62 3
    endloop
  endfacet
  facet normal 0 0 1
    outer loop
      vertex 74 53 3
      vertex 68 62 3
      vertex 68 53 3
    endloop
  endfacet
  facet normal -0 0 1
    outer loop
      vertex 78 50 3
      vertex 84 41 3
      vertex 84 50 3
    endloop
  endfacet
  facet normal 0 0 1
    outer loop
      vertex 84 41 3
      vertex 78 50 3
      vertex 78 41 3
    endloop
  endfacet
  facet normal -0 0 1
    outer loop
      vertex 78 62 3
      vertex 84 53 3
      vertex 84 62 3
    endloop
  endfacet
  facet normal 0 0 1
    outer loop
      vertex 84 53 3
      vertex 78 62 3
      vertex 78 53 3
    endloop
  endfacet
  facet normal -0 0 1
    outer loop
      vertex 88 50 3
      vertex 94 41 3
      vertex 94 50 3
    endloop
  endfacet
  facet normal 0 0 1
    outer loop
      vertex 94 41 3
      vertex 88 50 3
      vertex 88 41 3
    endloop
  endfacet
  facet normal -0 0 1
    outer loop
      vertex 88 62 3
      vertex 94 53 3
      vertex 94 62 3
    endloop
  endfacet
  facet normal 0 0 1
    outer loop
      vertex 94 53 3
      vertex 88 62 3
      vertex 88 53 3
    endloop
  endfacet
  facet normal -0 0 1
    outer loop
      vertex 98 50 3
      vertex 104 41 3
      vertex 104 50 3
    endloop
  endfacet
  facet normal 0 0 1
    outer loop
      vertex 104 41 3
      vertex 98 50 3
      vertex 98 41 3
    endloop
  endfacet
  facet normal -0 0 1
    outer loop
      vertex 98 62 3
      vertex 104 53 3
      vertex 104 62 3
    endloop
  endfacet
  facet normal 0 0 1
    outer loop
      vertex 104 53 3
      vertex 98 62 3
      vertex 98 53 3
    endloop
  endfacet
  facet normal -0 0 1
    outer loop
      vertex 108 50 3
      vertex 114 41 3
      vertex 114 50 3
    endloop
  endfacet
  facet normal 0 0 1
    outer loop
      vertex 114 41 3
      vertex 108 50 3
      vertex 108 41 3
    endloop
  endfacet
  facet normal -0 0 1
    outer loop
      vertex 108 62 3
      vertex 114 53 3
      vertex 114 62 3
    endloop
  endfacet
  facet normal 0 0 1
    outer loop
      vertex 114 53 3
      vertex 108 62 3
      vertex 108 53 3
    endloop
  endfacet
  facet normal -0 0 1
    outer loop
      vertex 118 50 3
      vertex 124 41 3
      vertex 124 50 3
    endloop
  endfacet
  facet normal 0 0 1
    outer loop
      vertex 124 41 3
      vertex 118 50 3
      vertex 118 41 3
    endloop
  endfacet
  facet normal -0 0 1
    outer loop
      vertex 118 62 3
      vertex 124 53 3
      vertex 124 62 3
    endloop
  endfacet
  facet normal 0 0 1
    outer loop
      vertex 124 53 3
      vertex 118 62 3
      vertex 118 53 3
    endloop
  endfacet
  facet normal -0 0 1
    outer loop
      vertex 128 50 3
      vertex 134 41 3
      vertex 134 50 3
    endloop
  endfacet
  facet normal 0 0 1
    outer loop
      vertex 134 41 3
      vertex 128 50 3
      vertex 128 41 3
    endloop
  endfacet
  facet normal -0 0 1
    outer loop
      vertex 128 62 3
      vertex 134 53 3
      vertex 134 62 3
    endloop
  endfacet
  facet normal 0 0 1
    outer loop
      vertex 134 53 3
      vertex 128 62 3
      vertex 128 53 3
    endloop
  endfacet
  facet normal -0 0 1
    outer loop
      vertex 138 50 3
      vertex 144 41 3
      vertex 144 50 3
    endloop
  endfacet
  facet normal 0 0 1
    outer loop
      vertex 144 41 3
      vertex 138 50 3
      vertex 138 41 3
    endloop
  endfacet
  facet normal -0 0 1
    outer loop
      vertex 138 62 3
      vertex 144 53 3
      vertex 144 62 3
    endloop
  endfacet
  facet normal 0 0 1
    outer loop
      vertex 144 53 3
      vertex 138 62 3
      vertex 138 53 3
    endloop
  endfacet
  facet normal 0 0 1
    outer loop
      vertex 197.122 152.877 3
      vertex 208.8 159.8 3
      vertex 197.165 153.049 3
    endloop
  endfacet
  facet normal 0 0 1
    outer loop
      vertex 208.8 7 3
      vertex 197.191 13.5764 3
      vertex 197.2 13.4 3
    endloop
  endfacet
  facet normal 0 0 1
    outer loop
      vertex 197.063 152.711 3
      vertex 208.8 159.8 3
      vertex 197.122 152.877 3
    endloop
  endfacet
  facet normal 0 0 1
    outer loop
      vertex 208.8 7 3
      vertex 197.165 13.7512 3
      vertex 197.191 13.5764 3
    endloop
  endfacet
  facet normal 0 0 1
    outer loop
      vertex 196.987 152.551 3
      vertex 208.8 159.8 3
      vertex 197.063 152.711 3
    endloop
  endfacet
  facet normal 0 0 1
    outer loop
      vertex 208.8 7 3
      vertex 197.122 13.9225 3
      vertex 197.165 13.7512 3
    endloop
  endfacet
  facet normal 0 0 1
    outer loop
      vertex 196.897 152.4 3
      vertex 208.8 159.8 3
      vertex 196.987 152.551 3
    endloop
  endfacet
  facet normal 0 0 1
    outer loop
      vertex 208.8 7 3
      vertex 197.063 14.0888 3
      vertex 197.122 13.9225 3
    endloop
  endfacet
  facet normal 0 0 1
    outer loop
      vertex 196.791 152.258 3
      vertex 208.8 159.8 3
      vertex 196.897 152.4 3
    endloop
  endfacet
  facet normal 0 0 1
    outer loop
      vertex 208.8 7 3
      vertex 196.987 14.2485 3
      vertex 197.063 14.0888 3
    endloop
  endfacet
  facet normal 0 0 1
    outer loop
      vertex 196.673 152.127 3
      vertex 208.8 159.8 3
      vertex 196.791 152.258 3
    endloop
  endfacet
  facet normal 0 0 1
    outer loop
      vertex 208.8 7 3
      vertex 196.897 14.4 3
      vertex 196.987 14.2485 3
    endloop
  endfacet
  facet normal 0 0 1
    outer loop
      vertex 196.542 152.009 3
      vertex 208.8 159.8 3
      vertex 196.673 152.127 3
    endloop
  endfacet
  facet normal 0 0 1
    outer loop
      vertex 208.8 7 3
      vertex 196.791 14.5419 3
      vertex 196.897 14.4 3
    endloop
  endfacet
  facet normal 0 0 1
    outer loop
      vertex 208.8 159.8 3
      vertex 196.542 152.009 3
      vertex 208.8 7 3
    endloop
  endfacet
  facet normal 0 0 1
    outer loop
      vertex 208.8 7 3
      vertex 196.673 14.6728 3
      vertex 196.791 14.5419 3
    endloop
  endfacet
  facet normal -0 0 1
    outer loop
      vertex 196.542 14.7914 3
      vertex 208.8 7 3
      vertex 196.542 152.009 3
    endloop
  endfacet
  facet normal 0 0 1
    outer loop
      vertex 208.8 7 3
      vertex 196.542 14.7914 3
      vertex 196.673 14.6728 3
    endloop
  endfacet
  facet normal -0 0 1
    outer loop
      vertex 196.4 151.903 3
      vertex 196.542 14.7914 3
      vertex 196.542 152.009 3
    endloop
  endfacet
  facet normal 0 0 1
    outer loop
      vertex 196.4 151.903 3
      vertex 196.4 14.8966 3
      vertex 196.542 14.7914 3
    endloop
  endfacet
  facet normal -0 0 1
    outer loop
      vertex 196.249 151.813 3
      vertex 196.4 14.8966 3
      vertex 196.4 151.903 3
    endloop
  endfacet
  facet normal 0 0 1
    outer loop
      vertex 196.249 151.813 3
      vertex 196.249 14.9875 3
      vertex 196.4 14.8966 3
    endloop
  endfacet
  facet normal -0 0 1
    outer loop
      vertex 196.089 151.737 3
      vertex 196.249 14.9875 3
      vertex 196.249 151.813 3
    endloop
  endfacet
  facet normal 0 0 1
    outer loop
      vertex 196.089 151.737 3
      vertex 196.089 15.063 3
      vertex 196.249 14.9875 3
    endloop
  endfacet
  facet normal -0 0 1
    outer loop
      vertex 195.923 151.678 3
      vertex 196.089 15.063 3
      vertex 196.089 151.737 3
    endloop
  endfacet
  facet normal 0 0 1
    outer loop
      vertex 195.923 151.678 3
      vertex 195.923 15.1225 3
      vertex 196.089 15.063 3
    endloop
  endfacet
  facet normal -0 0 1
    outer loop
      vertex 195.751 151.635 3
      vertex 195.923 15.1225 3
      vertex 195.923 151.678 3
    endloop
  endfacet
  facet normal 0 0 1
    outer loop
      vertex 195.751 151.635 3
      vertex 195.751 15.1654 3
      vertex 195.923 15.1225 3
    endloop
  endfacet
  facet normal 0 0 1
    outer loop
      vertex 144 65 3
      vertex 195.751 151.635 3
      vertex 195.576 151.609 3
    endloop
  endfacet
  facet normal 0 0 1
    outer loop
      vertex 195.751 151.635 3
      vertex 144 65 3
      vertex 195.751 15.1654 3
    endloop
  endfacet
  facet normal 0 0 1
    outer loop
      vertex 144 65 3
      vertex 195.576 151.609 3
      vertex 195.4 151.6 3
    endloop
  endfacet
  facet normal 0 0 1
    outer loop
      vertex 195.751 15.1654 3
      vertex 144 65 3
      vertex 195.576 15.1913 3
    endloop
  endfacet
  facet normal 0 0 1
    outer loop
      vertex 144 65 3
      vertex 195.4 151.6 3
      vertex 195.224 151.609 3
    endloop
  endfacet
  facet normal 0 0 1
    outer loop
      vertex 195.576 15.1913 3
      vertex 144 65 3
      vertex 195.4 15.2 3
    endloop
  endfacet
  facet normal 0 0 1
    outer loop
      vertex 144 65 3
      vertex 195.224 151.609 3
      vertex 195.049 151.635 3
    endloop
  endfacet
  facet normal 0 0 1
    outer loop
      vertex 195.4 15.2 3
      vertex 144 65 3
      vertex 195.224 15.1913 3
    endloop
  endfacet
  facet normal 0 0 1
    outer loop
      vertex 144 65 3
      vertex 195.049 151.635 3
      vertex 194.877 151.678 3
    endloop
  endfacet
  facet normal -0 0 1
    outer loop
      vertex 144 62 3
      vertex 195.224 15.1913 3
      vertex 144 65 3
    endloop
  endfacet
  facet normal 0 0 1
    outer loop
      vertex 144 65 3
      vertex 194.877 151.678 3
      vertex 194.711 151.737 3
    endloop
  endfacet
  facet normal 0 0 1
    outer loop
      vertex 195.224 15.1913 3
      vertex 144 62 3
      vertex 195.049 15.1654 3
    endloop
  endfacet
  facet normal 0 0 1
    outer loop
      vertex 144 65 3
      vertex 194.711 151.737 3
      vertex 194.551 151.813 3
    endloop
  endfacet
  facet normal -0 0 1
    outer loop
      vertex 144 53 3
      vertex 195.049 15.1654 3
      vertex 144 62 3
    endloop
  endfacet
  facet normal 0 0 1
    outer loop
      vertex 144 65 3
      vertex 194.551 151.813 3
      vertex 194.4 151.903 3
    endloop
  endfacet
  facet normal 0 0 1
    outer loop
      vertex 195.049 15.1654 3
      vertex 144 53 3
      vertex 194.877 15.1225 3
    endloop
  endfacet
  facet normal 0 0 1
    outer loop
      vertex 144 65 3
      vertex 194.4 151.903 3
      vertex 194.258 152.009 3
    endloop
  endfacet
  facet normal -0 0 1
    outer loop
      vertex 144 50 3
      vertex 194.877 15.1225 3
      vertex 144 53 3
    endloop
  endfacet
  facet normal 0 0 1
    outer loop
      vertex 144 65 3
      vertex 194.258 152.009 3
      vertex 194.127 152.127 3
    endloop
  endfacet
  facet normal 0 0 1
    outer loop
      vertex 194.877 15.1225 3
      vertex 144 50 3
      vertex 194.711 15.063 3
    endloop
  endfacet
  facet normal 0 0 1
    outer loop
      vertex 144 65 3
      vertex 194.127 152.127 3
      vertex 194.009 152.258 3
    endloop
  endfacet
  facet normal 0 0 1
    outer loop
      vertex 194.711 15.063 3
      vertex 144 50 3
      vertex 194.551 14.9875 3
    endloop
  endfacet
  facet normal 0 0 1
    outer loop
      vertex 144 65 3
      vertex 194.009 152.258 3
      vertex 193.903 152.4 3
    endloop
  endfacet
  facet normal -0 0 1
    outer loop
      vertex 144 41 3
      vertex 194.551 14.9875 3
      vertex 144 50 3
    endloop
  endfacet
  facet normal 0 0 1
    outer loop
      vertex 144 65 3
      vertex 193.903 152.4 3
      vertex 193.813 152.551 3
    endloop
  endfacet
  facet normal 0 0 1
    outer loop
      vertex 194.551 14.9875 3
      vertex 144 41 3
      vertex 194.4 14.8966 3
    endloop
  endfacet
  facet normal 0 0 1
    outer loop
      vertex 138 65 3
      vertex 193.813 152.551 3
      vertex 193.737 152.711 3
    endloop
  endfacet
  facet normal 0 0 1
    outer loop
      vertex 194.4 14.8966 3
      vertex 144 41 3
      vertex 194.258 14.7914 3
    endloop
  endfacet
  facet normal 0 0 1
    outer loop
      vertex 134 65 3
      vertex 193.737 152.711 3
      vertex 193.678 152.877 3
    endloop
  endfacet
  facet normal -0 0 1
    outer loop
      vertex 144 38 3
      vertex 194.258 14.7914 3
      vertex 144 41 3
    endloop
  endfacet
  facet normal 0 0 1
    outer loop
      vertex 124 65 3
      vertex 193.678 152.877 3
      vertex 193.635 153.049 3
    endloop
  endfacet
  facet normal 0 0 1
    outer loop
      vertex 194.258 14.7914 3
      vertex 144 38 3
      vertex 194.127 14.6728 3
    endloop
  endfacet
  facet normal 0 0 1
    outer loop
      vertex 118 65 3
      vertex 193.635 153.049 3
      vertex 193.609 153.224 3
    endloop
  endfacet
  facet normal 0 0 1
    outer loop
      vertex 194.127 14.6728 3
      vertex 144 38 3
      vertex 194.009 14.5419 3
    endloop
  endfacet
  facet normal 0 0 1
    outer loop
      vertex 108 65 3
      vertex 193.609 153.224 3
      vertex 193.6 153.4 3
    endloop
  endfacet
  facet normal 0 0 1
    outer loop
      vertex 194.009 14.5419 3
      vertex 144 38 3
      vertex 193.903 14.4 3
    endloop
  endfacet
  facet normal 0 0 1
    outer loop
      vertex 196.673 154.673 3
      vertex 208.8 159.8 3
      vertex 208.766 160.486 3
    endloop
  endfacet
  facet normal 0 0 1
    outer loop
      vertex 197.191 153.224 3
      vertex 208.8 159.8 3
      vertex 197.2 153.4 3
    endloop
  endfacet
  facet normal 0 0 1
    outer loop
      vertex 196.673 154.673 3
      vertex 208.766 160.486 3
      vertex 208.665 161.166 3
    endloop
  endfacet
  facet normal 0 0 1
    outer loop
      vertex 197.165 153.049 3
      vertex 208.8 159.8 3
      vertex 197.191 153.224 3
    endloop
  endfacet
  facet normal 0 0 1
    outer loop
      vertex 196.673 154.673 3
      vertex 208.665 161.166 3
      vertex 208.499 161.832 3
    endloop
  endfacet
  facet normal -0 0 1
    outer loop
      vertex 197.191 13.2236 3
      vertex 208.8 7 3
      vertex 197.2 13.4 3
    endloop
  endfacet
  facet normal 0 0 1
    outer loop
      vertex 196.673 154.673 3
      vertex 208.499 161.832 3
      vertex 208.267 162.479 3
    endloop
  endfacet
  facet normal -0 0 1
    outer loop
      vertex 197.165 13.0488 3
      vertex 208.8 7 3
      vertex 197.191 13.2236 3
    endloop
  endfacet
  facet normal 0 0 1
    outer loop
      vertex 196.673 154.673 3
      vertex 208.267 162.479 3
      vertex 207.973 163.1 3
    endloop
  endfacet
  facet normal -0 0 1
    outer loop
      vertex 197.122 12.8775 3
      vertex 208.8 7 3
      vertex 197.165 13.0488 3
    endloop
  endfacet
  facet normal 0 0 1
    outer loop
      vertex 196.673 154.673 3
      vertex 207.973 163.1 3
      vertex 207.62 163.689 3
    endloop
  endfacet
  facet normal -0 0 1
    outer loop
      vertex 197.063 12.7112 3
      vertex 208.8 7 3
      vertex 197.122 12.8775 3
    endloop
  endfacet
  facet normal 0 0 1
    outer loop
      vertex 196.673 154.673 3
      vertex 207.62 163.689 3
      vertex 207.211 164.241 3
    endloop
  endfacet
  facet normal -0 0 1
    outer loop
      vertex 196.987 12.5515 3
      vertex 208.8 7 3
      vertex 197.063 12.7112 3
    endloop
  endfacet
  facet normal 0 0 1
    outer loop
      vertex 196.673 154.673 3
      vertex 207.211 164.241 3
      vertex 206.75 164.75 3
    endloop
  endfacet
  facet normal -0 0 1
    outer loop
      vertex 196.897 12.4 3
      vertex 208.8 7 3
      vertex 196.987 12.5515 3
    endloop
  endfacet
  facet normal 0 0 1
    outer loop
      vertex 196.673 154.673 3
      vertex 206.75 164.75 3
      vertex 206.241 165.211 3
    endloop
  endfacet
  facet normal -0 0 1
    outer loop
      vertex 196.791 12.2581 3
      vertex 208.8 7 3
      vertex 196.897 12.4 3
    endloop
  endfacet
  facet normal 0 0 1
    outer loop
      vertex 196.673 154.673 3
      vertex 206.241 165.211 3
      vertex 205.689 165.62 3
    endloop
  endfacet
  facet normal -0 0 1
    outer loop
      vertex 196.673 12.1272 3
      vertex 208.8 7 3
      vertex 196.791 12.2581 3
    endloop
  endfacet
  facet normal 0 0 1
    outer loop
      vertex 196.673 154.673 3
      vertex 205.689 165.62 3
      vertex 205.1 165.973 3
    endloop
  endfacet
  facet normal 0 0 1
    outer loop
      vertex 208.8 7 3
      vertex 196.673 12.1272 3
      vertex 208.766 6.31388 3
    endloop
  endfacet
  facet normal 0 0 1
    outer loop
      vertex 196.673 154.673 3
      vertex 205.1 165.973 3
      vertex 204.479 166.267 3
    endloop
  endfacet
  facet normal 0 0 1
    outer loop
      vertex 208.766 6.31388 3
      vertex 196.673 12.1272 3
      vertex 208.665 5.63437 3
    endloop
  endfacet
  facet normal 0 0 1
    outer loop
      vertex 196.673 154.673 3
      vertex 204.479 166.267 3
      vertex 203.832 166.499 3
    endloop
  endfacet
  facet normal 0 0 1
    outer loop
      vertex 208.665 5.63437 3
      vertex 196.673 12.1272 3
      vertex 208.499 4.96801 3
    endloop
  endfacet
  facet normal 0 0 1
    outer loop
      vertex 196.673 154.673 3
      vertex 203.832 166.499 3
      vertex 203.166 166.665 3
    endloop
  endfacet
  facet normal 0 0 1
    outer loop
      vertex 208.499 4.96801 3
      vertex 196.673 12.1272 3
      vertex 208.267 4.32122 3
    endloop
  endfacet
  facet normal 0 0 1
    outer loop
      vertex 196.673 154.673 3
      vertex 203.166 166.665 3
      vertex 202.486 166.766 3
    endloop
  endfacet
  facet normal 0 0 1
    outer loop
      vertex 208.267 4.32122 3
      vertex 196.673 12.1272 3
      vertex 207.973 3.70022 3
    endloop
  endfacet
  facet normal 0 0 1
    outer loop
      vertex 196.673 154.673 3
      vertex 202.486 166.766 3
      vertex 201.8 166.8 3
    endloop
  endfacet
  facet normal 0 0 1
    outer loop
      vertex 207.973 3.70022 3
      vertex 196.673 12.1272 3
      vertex 207.62 3.11101 3
    endloop
  endfacet
  facet normal 0 0 1
    outer loop
      vertex 207.62 3.11101 3
      vertex 196.673 12.1272 3
      vertex 207.211 2.55925 3
    endloop
  endfacet
  facet normal 0 0 1
    outer loop
      vertex 208.8 159.8 3
      vertex 197.191 153.576 3
      vertex 197.2 153.4 3
    endloop
  endfacet
  facet normal 0 0 1
    outer loop
      vertex 208.8 159.8 3
      vertex 197.165 153.751 3
      vertex 197.191 153.576 3
    endloop
  endfacet
  facet normal 0 0 1
    outer loop
      vertex 208.8 159.8 3
      vertex 197.122 153.923 3
      vertex 197.165 153.751 3
    endloop
  endfacet
  facet normal 0 0 1
    outer loop
      vertex 208.8 159.8 3
      vertex 197.063 154.089 3
      vertex 197.122 153.923 3
    endloop
  endfacet
  facet normal 0 0 1
    outer loop
      vertex 208.8 159.8 3
      vertex 196.987 154.249 3
      vertex 197.063 154.089 3
    endloop
  endfacet
  facet normal 0 0 1
    outer loop
      vertex 208.8 159.8 3
      vertex 196.897 154.4 3
      vertex 196.987 154.249 3
    endloop
  endfacet
  facet normal 0 0 1
    outer loop
      vertex 208.8 159.8 3
      vertex 196.791 154.542 3
      vertex 196.897 154.4 3
    endloop
  endfacet
  facet normal 0 0 1
    outer loop
      vertex 208.8 159.8 3
      vertex 196.673 154.673 3
      vertex 196.791 154.542 3
    endloop
  endfacet
  facet normal 0 0 1
    outer loop
      vertex 201.8 166.8 3
      vertex 196.542 154.791 3
      vertex 196.673 154.673 3
    endloop
  endfacet
  facet normal 0 0 1
    outer loop
      vertex 201.8 166.8 3
      vertex 196.4 154.897 3
      vertex 196.542 154.791 3
    endloop
  endfacet
  facet normal 0 0 1
    outer loop
      vertex 201.8 166.8 3
      vertex 196.249 154.987 3
      vertex 196.4 154.897 3
    endloop
  endfacet
  facet normal 0 0 1
    outer loop
      vertex 201.8 166.8 3
      vertex 196.089 155.063 3
      vertex 196.249 154.987 3
    endloop
  endfacet
  facet normal 0 0 1
    outer loop
      vertex 201.8 166.8 3
      vertex 195.923 155.122 3
      vertex 196.089 155.063 3
    endloop
  endfacet
  facet normal 0 0 1
    outer loop
      vertex 201.8 166.8 3
      vertex 195.751 155.165 3
      vertex 195.923 155.122 3
    endloop
  endfacet
  facet normal 0 0 1
    outer loop
      vertex 201.8 166.8 3
      vertex 195.576 155.191 3
      vertex 195.751 155.165 3
    endloop
  endfacet
  facet normal 0 0 1
    outer loop
      vertex 201.8 166.8 3
      vertex 195.4 155.2 3
      vertex 195.576 155.191 3
    endloop
  endfacet
  facet normal 0 0 1
    outer loop
      vertex 201.8 166.8 3
      vertex 195.224 155.191 3
      vertex 195.4 155.2 3
    endloop
  endfacet
  facet normal 0 0 1
    outer loop
      vertex 201.8 166.8 3
      vertex 195.049 155.165 3
      vertex 195.224 155.191 3
    endloop
  endfacet
  facet normal 0 0 1
    outer loop
      vertex 201.8 166.8 3
      vertex 194.877 155.122 3
      vertex 195.049 155.165 3
    endloop
  endfacet
  facet normal 0 0 1
    outer loop
      vertex 201.8 166.8 3
      vertex 194.711 155.063 3
      vertex 194.877 155.122 3
    endloop
  endfacet
  facet normal 0 0 1
    outer loop
      vertex 201.8 166.8 3
      vertex 194.551 154.987 3
      vertex 194.711 155.063 3
    endloop
  endfacet
  facet normal 0 0 1
    outer loop
      vertex 201.8 166.8 3
      vertex 194.4 154.897 3
      vertex 194.551 154.987 3
    endloop
  endfacet
  facet normal 0 0 1
    outer loop
      vertex 201.8 166.8 3
      vertex 194.258 154.791 3
      vertex 194.4 154.897 3
    endloop
  endfacet
  facet normal 0 0 1
    outer loop
      vertex 201.8 166.8 3
      vertex 194.127 154.673 3
      vertex 194.258 154.791 3
    endloop
  endfacet
  facet normal 0 0 1
    outer loop
      vertex 201.8 166.8 3
      vertex 194.009 154.542 3
      vertex 194.127 154.673 3
    endloop
  endfacet
  facet normal 0 0 1
    outer loop
      vertex 201.8 166.8 3
      vertex 193.903 154.4 3
      vertex 194.009 154.542 3
    endloop
  endfacet
  facet normal 0 0 1
    outer loop
      vertex 193.903 14.4 3
      vertex 144 38 3
      vertex 193.813 14.2485 3
    endloop
  endfacet
  facet normal 0 0 1
    outer loop
      vertex 15.2 153.4 3
      vertex 193.6 153.4 3
      vertex 193.609 153.576 3
    endloop
  endfacet
  facet normal 0 0 1
    outer loop
      vertex 15.1913 153.576 3
      vertex 193.609 153.576 3
      vertex 193.635 153.751 3
    endloop
  endfacet
  facet normal 0 0 1
    outer loop
      vertex 15.1654 153.751 3
      vertex 193.635 153.751 3
      vertex 193.678 153.923 3
    endloop
  endfacet
  facet normal 0 0 1
    outer loop
      vertex 15.1225 153.923 3
      vertex 193.678 153.923 3
      vertex 193.737 154.089 3
    endloop
  endfacet
  facet normal 0 0 1
    outer loop
      vertex 15.063 154.089 3
      vertex 193.737 154.089 3
      vertex 193.813 154.249 3
    endloop
  endfacet
  facet normal 0 0 1
    outer loop
      vertex 193.813 152.551 3
      vertex 138 65 3
      vertex 144 65 3
    endloop
  endfacet
  facet normal 0 0 1
    outer loop
      vertex 14.9875 154.249 3
      vertex 193.813 154.249 3
      vertex 193.903 154.4 3
    endloop
  endfacet
  facet normal 0 0 1
    outer loop
      vertex 134 62 3
      vertex 138 62 3
      vertex 138 65 3
    endloop
  endfacet
  facet normal 0 0 1
    outer loop
      vertex 138 62 3
      vertex 134 62 3
      vertex 138 53 3
    endloop
  endfacet
  facet normal 0 0 1
    outer loop
      vertex 138 53 3
      vertex 134 53 3
      vertex 138 50 3
    endloop
  endfacet
  facet normal 0 0 1
    outer loop
      vertex 134 50 3
      vertex 138 50 3
      vertex 134 53 3
    endloop
  endfacet
  facet normal 0 0 1
    outer loop
      vertex 134 62 3
      vertex 138 65 3
      vertex 134 65 3
    endloop
  endfacet
  facet normal 0 0 1
    outer loop
      vertex 193.737 152.711 3
      vertex 134 65 3
      vertex 138 65 3
    endloop
  endfacet
  facet normal 0 0 1
    outer loop
      vertex 14.8966 154.4 3
      vertex 193.903 154.4 3
      vertex 201.8 166.8 3
    endloop
  endfacet
  facet normal 0 0 1
    outer loop
      vertex 193.678 152.877 3
      vertex 128 65 3
      vertex 134 65 3
    endloop
  endfacet
  facet normal 0 0 1
    outer loop
      vertex 124 62 3
      vertex 128 62 3
      vertex 128 65 3
    endloop
  endfacet
  facet normal 0 0 1
    outer loop
      vertex 128 62 3
      vertex 124 62 3
      vertex 128 53 3
    endloop
  endfacet
  facet normal 0 0 1
    outer loop
      vertex 128 53 3
      vertex 124 53 3
      vertex 128 50 3
    endloop
  endfacet
  facet normal 0 0 1
    outer loop
      vertex 124 50 3
      vertex 128 50 3
      vertex 124 53 3
    endloop
  endfacet
  facet normal 0 0 1
    outer loop
      vertex 124 62 3
      vertex 128 65 3
      vertex 124 65 3
    endloop
  endfacet
  facet normal 0 0 1
    outer loop
      vertex 193.678 152.877 3
      vertex 124 65 3
      vertex 128 65 3
    endloop
  endfacet
  facet normal 0 0 1
    outer loop
      vertex 193.635 153.049 3
      vertex 118 65 3
      vertex 124 65 3
    endloop
  endfacet
  facet normal 0 0 1
    outer loop
      vertex 114 62 3
      vertex 118 62 3
      vertex 118 65 3
    endloop
  endfacet
  facet normal 0 0 1
    outer loop
      vertex 118 62 3
      vertex 114 62 3
      vertex 118 53 3
    endloop
  endfacet
  facet normal 0 0 1
    outer loop
      vertex 118 53 3
      vertex 114 53 3
      vertex 118 50 3
    endloop
  endfacet
  facet normal 0 0 1
    outer loop
      vertex 114 50 3
      vertex 118 50 3
      vertex 114 53 3
    endloop
  endfacet
  facet normal 0 0 1
    outer loop
      vertex 114 62 3
      vertex 118 65 3
      vertex 114 65 3
    endloop
  endfacet
  facet normal 0 0 1
    outer loop
      vertex 193.609 153.224 3
      vertex 114 65 3
      vertex 118 65 3
    endloop
  endfacet
  facet normal 0 0 1
    outer loop
      vertex 193.609 153.224 3
      vertex 108 65 3
      vertex 114 65 3
    endloop
  endfacet
  facet normal 0 0 1
    outer loop
      vertex 104 62 3
      vertex 108 62 3
      vertex 108 65 3
    endloop
  endfacet
  facet normal 0 0 1
    outer loop
      vertex 108 62 3
      vertex 104 62 3
      vertex 108 53 3
    endloop
  endfacet
  facet normal 0 0 1
    outer loop
      vertex 108 53 3
      vertex 104 53 3
      vertex 108 50 3
    endloop
  endfacet
  facet normal 0 0 1
    outer loop
      vertex 104 50 3
      vertex 108 50 3
      vertex 104 53 3
    endloop
  endfacet
  facet normal 0 0 1
    outer loop
      vertex 104 62 3
      vertex 108 65 3
      vertex 104 65 3
    endloop
  endfacet
  facet normal 0 0 1
    outer loop
      vertex 193.6 153.4 3
      vertex 15.2 153.4 3
      vertex 104 65 3
    endloop
  endfacet
  facet normal 0 0 1
    outer loop
      vertex 193.6 153.4 3
      vertex 104 65 3
      vertex 108 65 3
    endloop
  endfacet
  facet normal 0 0 1
    outer loop
      vertex 94 62 3
      vertex 98 62 3
      vertex 98 65 3
    endloop
  endfacet
  facet normal 0 0 1
    outer loop
      vertex 98 62 3
      vertex 94 62 3
      vertex 98 53 3
    endloop
  endfacet
  facet normal 0 0 1
    outer loop
      vertex 98 53 3
      vertex 94 53 3
      vertex 98 50 3
    endloop
  endfacet
  facet normal 0 0 1
    outer loop
      vertex 94 50 3
      vertex 98 50 3
      vertex 94 53 3
    endloop
  endfacet
  facet normal 0 0 1
    outer loop
      vertex 94 62 3
      vertex 98 65 3
      vertex 94 65 3
    endloop
  endfacet
  facet normal 0 0 1
    outer loop
      vertex 104 65 3
      vertex 15.2 153.4 3
      vertex 98 65 3
    endloop
  endfacet
  facet normal -0 0 1
    outer loop
      vertex 15.1913 153.224 3
      vertex 98 65 3
      vertex 15.2 153.4 3
    endloop
  endfacet
  facet normal 0 0 1
    outer loop
      vertex 84 62 3
      vertex 88 62 3
      vertex 88 65 3
    endloop
  endfacet
  facet normal 0 0 1
    outer loop
      vertex 88 62 3
      vertex 84 62 3
      vertex 88 53 3
    endloop
  endfacet
  facet normal 0 0 1
    outer loop
      vertex 88 53 3
      vertex 84 53 3
      vertex 88 50 3
    endloop
  endfacet
  facet normal 0 0 1
    outer loop
      vertex 84 50 3
      vertex 88 50 3
      vertex 84 53 3
    endloop
  endfacet
  facet normal 0 0 1
    outer loop
      vertex 84 62 3
      vertex 88 65 3
      vertex 84 65 3
    endloop
  endfacet
  facet normal 0 0 1
    outer loop
      vertex 98 65 3
      vertex 15.1913 153.224 3
      vertex 94 65 3
    endloop
  endfacet
  facet normal 0 0 1
    outer loop
      vertex 94 65 3
      vertex 15.1913 153.224 3
      vertex 88 65 3
    endloop
  endfacet
  facet normal 0 0 1
    outer loop
      vertex 74 62 3
      vertex 78 62 3
      vertex 78 65 3
    endloop
  endfacet
  facet normal 0 0 1
    outer loop
      vertex 78 62 3
      vertex 74 62 3
      vertex 78 53 3
    endloop
  endfacet
  facet normal 0 0 1
    outer loop
      vertex 78 53 3
      vertex 74 53 3
      vertex 78 50 3
    endloop
  endfacet
  facet normal 0 0 1
    outer loop
      vertex 74 50 3
      vertex 78 50 3
      vertex 74 53 3
    endloop
  endfacet
  facet normal 0 0 1
    outer loop
      vertex 74 62 3
      vertex 78 65 3
      vertex 74 65 3
    endloop
  endfacet
  facet normal -0 0 1
    outer loop
      vertex 15.1654 153.049 3
      vertex 88 65 3
      vertex 15.1913 153.224 3
    endloop
  endfacet
  facet normal 0 0 1
    outer loop
      vertex 88 65 3
      vertex 15.1654 153.049 3
      vertex 84 65 3
    endloop
  endfacet
  facet normal 0 0 1
    outer loop
      vertex 64 62 3
      vertex 68 62 3
      vertex 68 65 3
    endloop
  endfacet
  facet normal 0 0 1
    outer loop
      vertex 68 62 3
      vertex 64 62 3
      vertex 68 53 3
    endloop
  endfacet
  facet normal 0 0 1
    outer loop
      vertex 68 53 3
      vertex 64 53 3
      vertex 68 50 3
    endloop
  endfacet
  facet normal 0 0 1
    outer loop
      vertex 64 50 3
      vertex 68 50 3
      vertex 64 53 3
    endloop
  endfacet
  facet normal 0 0 1
    outer loop
      vertex 64 62 3
      vertex 68 65 3
      vertex 64 65 3
    endloop
  endfacet
  facet normal -0 0 1
    outer loop
      vertex 15.1225 152.877 3
      vertex 84 65 3
      vertex 15.1654 153.049 3
    endloop
  endfacet
  facet normal 0 0 1
    outer loop
      vertex 84 65 3
      vertex 15.1225 152.877 3
      vertex 78 65 3
    endloop
  endfacet
  facet normal 0 0 1
    outer loop
      vertex 15.2 13.4 3
      vertex 58 62 3
      vertex 58 65 3
    endloop
  endfacet
  facet normal 0 0 1
    outer loop
      vertex 58 62 3
      vertex 15.2 13.4 3
      vertex 58 53 3
    endloop
  endfacet
  facet normal 0 0 1
    outer loop
      vertex 58 53 3
      vertex 15.2 13.4 3
      vertex 58 50 3
    endloop
  endfacet
  facet normal 0 0 1
    outer loop
      vertex 58 50 3
      vertex 15.2 13.4 3
      vertex 58 41 3
    endloop
  endfacet
  facet normal 0 0 1
    outer loop
      vertex 78 65 3
      vertex 15.063 152.711 3
      vertex 74 65 3
    endloop
  endfacet
  facet normal -0 0 1
    outer loop
      vertex 15.063 152.711 3
      vertex 78 65 3
      vertex 15.1225 152.877 3
    endloop
  endfacet
  facet normal 0 0 1
    outer loop
      vertex 193.609 153.576 3
      vertex 15.1913 153.576 3
      vertex 15.2 153.4 3
    endloop
  endfacet
  facet normal 0 0 1
    outer loop
      vertex 193.635 153.751 3
      vertex 15.1654 153.751 3
      vertex 15.1913 153.576 3
    endloop
  endfacet
  facet normal 0 0 1
    outer loop
      vertex 193.678 153.923 3
      vertex 15.1225 153.923 3
      vertex 15.1654 153.751 3
    endloop
  endfacet
  facet normal 0 0 1
    outer loop
      vertex 193.737 154.089 3
      vertex 15.063 154.089 3
      vertex 15.1225 153.923 3
    endloop
  endfacet
  facet normal 0 0 1
    outer loop
      vertex 193.813 154.249 3
      vertex 14.9875 154.249 3
      vertex 15.063 154.089 3
    endloop
  endfacet
  facet normal 0 0 1
    outer loop
      vertex 193.903 154.4 3
      vertex 14.8966 154.4 3
      vertex 14.9875 154.249 3
    endloop
  endfacet
  facet normal 0 0 1
    outer loop
      vertex 201.8 166.8 3
      vertex 14.7914 154.542 3
      vertex 14.8966 154.4 3
    endloop
  endfacet
  facet normal -0 0 1
    outer loop
      vertex 7 166.8 3
      vertex 14.7914 154.542 3
      vertex 201.8 166.8 3
    endloop
  endfacet
  facet normal 0 0 1
    outer loop
      vertex 14.7914 154.542 3
      vertex 7 166.8 3
      vertex 14.6728 154.673 3
    endloop
  endfacet
  facet normal 0 0 1
    outer loop
      vertex 14.6728 154.673 3
      vertex 7 166.8 3
      vertex 14.5419 154.791 3
    endloop
  endfacet
  facet normal 0 0 1
    outer loop
      vertex 14.5419 154.791 3
      vertex 7 166.8 3
      vertex 14.4 154.897 3
    endloop
  endfacet
  facet normal 0 0 1
    outer loop
      vertex 14.4 154.897 3
      vertex 7 166.8 3
      vertex 14.2485 154.987 3
    endloop
  endfacet
  facet normal 0 0 1
    outer loop
      vertex 14.2485 154.987 3
      vertex 7 166.8 3
      vertex 14.0888 155.063 3
    endloop
  endfacet
  facet normal 0 0 1
    outer loop
      vertex 14.0888 155.063 3
      vertex 7 166.8 3
      vertex 13.9225 155.122 3
    endloop
  endfacet
  facet normal 0 0 1
    outer loop
      vertex 13.9225 155.122 3
      vertex 7 166.8 3
      vertex 13.7512 155.165 3
    endloop
  endfacet
  facet normal 0 0 1
    outer loop
      vertex 13.7512 155.165 3
      vertex 7 166.8 3
      vertex 13.5764 155.191 3
    endloop
  endfacet
  facet normal 0 0 1
    outer loop
      vertex 13.5764 155.191 3
      vertex 7 166.8 3
      vertex 13.4 155.2 3
    endloop
  endfacet
  facet normal 0 0 1
    outer loop
      vertex 11.6087 153.576 3
      vertex 0 159.8 3
      vertex 11.6 153.4 3
    endloop
  endfacet
  facet normal 0 0 1
    outer loop
      vertex 11.6346 153.751 3
      vertex 0 159.8 3
      vertex 11.6087 153.576 3
    endloop
  endfacet
  facet normal 0 0 1
    outer loop
      vertex 11.6775 153.923 3
      vertex 0 159.8 3
      vertex 11.6346 153.751 3
    endloop
  endfacet
  facet normal 0 0 1
    outer loop
      vertex 11.737 154.089 3
      vertex 0 159.8 3
      vertex 11.6775 153.923 3
    endloop
  endfacet
  facet normal 0 0 1
    outer loop
      vertex 11.8125 154.249 3
      vertex 0 159.8 3
      vertex 11.737 154.089 3
    endloop
  endfacet
  facet normal 0 0 1
    outer loop
      vertex 11.9034 154.4 3
      vertex 0 159.8 3
      vertex 11.8125 154.249 3
    endloop
  endfacet
  facet normal 0 0 1
    outer loop
      vertex 12.0086 154.542 3
      vertex 0 159.8 3
      vertex 11.9034 154.4 3
    endloop
  endfacet
  facet normal 0 0 1
    outer loop
      vertex 12.1272 154.673 3
      vertex 0 159.8 3
      vertex 12.0086 154.542 3
    endloop
  endfacet
  facet normal -0 0 1
    outer loop
      vertex 0 159.8 3
      vertex 12.1272 154.673 3
      vertex 7 166.8 3
    endloop
  endfacet
  facet normal 0 0 1
    outer loop
      vertex 12.2581 154.791 3
      vertex 7 166.8 3
      vertex 12.1272 154.673 3
    endloop
  endfacet
  facet normal 0 0 1
    outer loop
      vertex 12.4 154.897 3
      vertex 7 166.8 3
      vertex 12.2581 154.791 3
    endloop
  endfacet
  facet normal 0 0 1
    outer loop
      vertex 12.5515 154.987 3
      vertex 7 166.8 3
      vertex 12.4 154.897 3
    endloop
  endfacet
  facet normal 0 0 1
    outer loop
      vertex 12.7112 155.063 3
      vertex 7 166.8 3
      vertex 12.5515 154.987 3
    endloop
  endfacet
  facet normal 0 0 1
    outer loop
      vertex 12.8775 155.122 3
      vertex 7 166.8 3
      vertex 12.7112 155.063 3
    endloop
  endfacet
  facet normal 0 0 1
    outer loop
      vertex 13.0488 155.165 3
      vertex 7 166.8 3
      vertex 12.8775 155.122 3
    endloop
  endfacet
  facet normal 0 0 1
    outer loop
      vertex 13.2236 155.191 3
      vertex 7 166.8 3
      vertex 13.0488 155.165 3
    endloop
  endfacet
  facet normal 0 0 1
    outer loop
      vertex 13.4 155.2 3
      vertex 7 166.8 3
      vertex 13.2236 155.191 3
    endloop
  endfacet
  facet normal 0 0 1
    outer loop
      vertex 207.211 2.55925 3
      vertex 196.673 12.1272 3
      vertex 206.75 2.05025 3
    endloop
  endfacet
  facet normal 0 0 1
    outer loop
      vertex 206.75 2.05025 3
      vertex 196.673 12.1272 3
      vertex 206.241 1.58893 3
    endloop
  endfacet
  facet normal 0 0 1
    outer loop
      vertex 206.241 1.58893 3
      vertex 196.673 12.1272 3
      vertex 205.689 1.17971 3
    endloop
  endfacet
  facet normal 0 0 1
    outer loop
      vertex 205.689 1.17971 3
      vertex 196.673 12.1272 3
      vertex 205.1 0.82655 3
    endloop
  endfacet
  facet normal 0 0 1
    outer loop
      vertex 205.1 0.82655 3
      vertex 196.673 12.1272 3
      vertex 204.479 0.532843 3
    endloop
  endfacet
  facet normal 0 0 1
    outer loop
      vertex 204.479 0.532843 3
      vertex 196.673 12.1272 3
      vertex 203.832 0.301417 3
    endloop
  endfacet
  facet normal 0 0 1
    outer loop
      vertex 203.832 0.301417 3
      vertex 196.673 12.1272 3
      vertex 203.166 0.134502 3
    endloop
  endfacet
  facet normal 0 0 1
    outer loop
      vertex 203.166 0.134502 3
      vertex 196.673 12.1272 3
      vertex 202.486 0.0337067 3
    endloop
  endfacet
  facet normal 0 0 1
    outer loop
      vertex 202.486 0.0337067 3
      vertex 196.673 12.1272 3
      vertex 201.8 0 3
    endloop
  endfacet
  facet normal -0 0 1
    outer loop
      vertex 196.542 12.0086 3
      vertex 201.8 0 3
      vertex 196.673 12.1272 3
    endloop
  endfacet
  facet normal -0 0 1
    outer loop
      vertex 196.4 11.9034 3
      vertex 201.8 0 3
      vertex 196.542 12.0086 3
    endloop
  endfacet
  facet normal -0 0 1
    outer loop
      vertex 196.249 11.8125 3
      vertex 201.8 0 3
      vertex 196.4 11.9034 3
    endloop
  endfacet
  facet normal -0 0 1
    outer loop
      vertex 196.089 11.737 3
      vertex 201.8 0 3
      vertex 196.249 11.8125 3
    endloop
  endfacet
  facet normal -0 0 1
    outer loop
      vertex 195.923 11.6775 3
      vertex 201.8 0 3
      vertex 196.089 11.737 3
    endloop
  endfacet
  facet normal -0 0 1
    outer loop
      vertex 195.751 11.6346 3
      vertex 201.8 0 3
      vertex 195.923 11.6775 3
    endloop
  endfacet
  facet normal -0 0 1
    outer loop
      vertex 195.576 11.6087 3
      vertex 201.8 0 3
      vertex 195.751 11.6346 3
    endloop
  endfacet
  facet normal -0 0 1
    outer loop
      vertex 195.4 11.6 3
      vertex 201.8 0 3
      vertex 195.576 11.6087 3
    endloop
  endfacet
  facet normal 0 0 1
    outer loop
      vertex 195.224 11.6087 3
      vertex 201.8 0 3
      vertex 195.4 11.6 3
    endloop
  endfacet
  facet normal 0 0 1
    outer loop
      vertex 195.049 11.6346 3
      vertex 201.8 0 3
      vertex 195.224 11.6087 3
    endloop
  endfacet
  facet normal 0 0 1
    outer loop
      vertex 194.877 11.6775 3
      vertex 201.8 0 3
      vertex 195.049 11.6346 3
    endloop
  endfacet
  facet normal 0 0 1
    outer loop
      vertex 194.711 11.737 3
      vertex 201.8 0 3
      vertex 194.877 11.6775 3
    endloop
  endfacet
  facet normal 0 0 1
    outer loop
      vertex 194.551 11.8125 3
      vertex 201.8 0 3
      vertex 194.711 11.737 3
    endloop
  endfacet
  facet normal 0 0 1
    outer loop
      vertex 194.4 11.9034 3
      vertex 201.8 0 3
      vertex 194.551 11.8125 3
    endloop
  endfacet
  facet normal 0 0 1
    outer loop
      vertex 194.258 12.0086 3
      vertex 201.8 0 3
      vertex 194.4 11.9034 3
    endloop
  endfacet
  facet normal 0 0 1
    outer loop
      vertex 194.127 12.1272 3
      vertex 201.8 0 3
      vertex 194.258 12.0086 3
    endloop
  endfacet
  facet normal 0 0 1
    outer loop
      vertex 194.009 12.2581 3
      vertex 201.8 0 3
      vertex 194.127 12.1272 3
    endloop
  endfacet
  facet normal 0 0 1
    outer loop
      vertex 144 38 3
      vertex 194.009 12.2581 3
      vertex 193.903 12.4 3
    endloop
  endfacet
  facet normal 0 0 1
    outer loop
      vertex 193.813 14.2485 3
      vertex 144 38 3
      vertex 193.737 14.0888 3
    endloop
  endfacet
  facet normal 0 0 1
    outer loop
      vertex 193.737 14.0888 3
      vertex 144 38 3
      vertex 193.678 13.9225 3
    endloop
  endfacet
  facet normal 0 0 1
    outer loop
      vertex 193.678 13.9225 3
      vertex 144 38 3
      vertex 193.635 13.7512 3
    endloop
  endfacet
  facet normal 0 0 1
    outer loop
      vertex 193.635 13.7512 3
      vertex 144 38 3
      vertex 193.609 13.5764 3
    endloop
  endfacet
  facet normal 0 0 1
    outer loop
      vertex 193.609 13.5764 3
      vertex 144 38 3
      vertex 193.6 13.4 3
    endloop
  endfacet
  facet normal 0 0 1
    outer loop
      vertex 193.6 13.4 3
      vertex 144 38 3
      vertex 193.609 13.2236 3
    endloop
  endfacet
  facet normal 0 0 1
    outer loop
      vertex 193.609 13.2236 3
      vertex 144 38 3
      vertex 193.635 13.0488 3
    endloop
  endfacet
  facet normal 0 0 1
    outer loop
      vertex 193.635 13.0488 3
      vertex 144 38 3
      vertex 193.678 12.8775 3
    endloop
  endfacet
  facet normal 0 0 1
    outer loop
      vertex 193.678 12.8775 3
      vertex 144 38 3
      vertex 193.737 12.7112 3
    endloop
  endfacet
  facet normal 0 0 1
    outer loop
      vertex 193.737 12.7112 3
      vertex 144 38 3
      vertex 193.813 12.5515 3
    endloop
  endfacet
  facet normal 0 0 1
    outer loop
      vertex 193.813 12.5515 3
      vertex 144 38 3
      vertex 193.903 12.4 3
    endloop
  endfacet
  facet normal 0 0 1
    outer loop
      vertex 194.009 12.2581 3
      vertex 144 38 3
      vertex 201.8 0 3
    endloop
  endfacet
  facet normal -0 0 1
    outer loop
      vertex 138 38 3
      vertex 201.8 0 3
      vertex 144 38 3
    endloop
  endfacet
  facet normal 0 0 1
    outer loop
      vertex 138 53 3
      vertex 134 62 3
      vertex 134 53 3
    endloop
  endfacet
  facet normal 0 0 1
    outer loop
      vertex 138 50 3
      vertex 134 50 3
      vertex 138 41 3
    endloop
  endfacet
  facet normal 0 0 1
    outer loop
      vertex 134 41 3
      vertex 138 41 3
      vertex 134 50 3
    endloop
  endfacet
  facet normal 0 0 1
    outer loop
      vertex 138 41 3
      vertex 134 41 3
      vertex 138 38 3
    endloop
  endfacet
  facet normal 0 0 1
    outer loop
      vertex 134 38 3
      vertex 138 38 3
      vertex 134 41 3
    endloop
  endfacet
  facet normal -0 0 1
    outer loop
      vertex 134 38 3
      vertex 201.8 0 3
      vertex 138 38 3
    endloop
  endfacet
  facet normal -0 0 1
    outer loop
      vertex 128 38 3
      vertex 201.8 0 3
      vertex 134 38 3
    endloop
  endfacet
  facet normal 0 0 1
    outer loop
      vertex 128 53 3
      vertex 124 62 3
      vertex 124 53 3
    endloop
  endfacet
  facet normal 0 0 1
    outer loop
      vertex 128 50 3
      vertex 124 50 3
      vertex 128 41 3
    endloop
  endfacet
  facet normal 0 0 1
    outer loop
      vertex 124 41 3
      vertex 128 41 3
      vertex 124 50 3
    endloop
  endfacet
  facet normal 0 0 1
    outer loop
      vertex 128 41 3
      vertex 124 41 3
      vertex 128 38 3
    endloop
  endfacet
  facet normal 0 0 1
    outer loop
      vertex 124 38 3
      vertex 128 38 3
      vertex 124 41 3
    endloop
  endfacet
  facet normal -0 0 1
    outer loop
      vertex 124 38 3
      vertex 201.8 0 3
      vertex 128 38 3
    endloop
  endfacet
  facet normal -0 0 1
    outer loop
      vertex 118 38 3
      vertex 201.8 0 3
      vertex 124 38 3
    endloop
  endfacet
  facet normal 0 0 1
    outer loop
      vertex 118 53 3
      vertex 114 62 3
      vertex 114 53 3
    endloop
  endfacet
  facet normal 0 0 1
    outer loop
      vertex 118 50 3
      vertex 114 50 3
      vertex 118 41 3
    endloop
  endfacet
  facet normal 0 0 1
    outer loop
      vertex 114 41 3
      vertex 118 41 3
      vertex 114 50 3
    endloop
  endfacet
  facet normal 0 0 1
    outer loop
      vertex 118 41 3
      vertex 114 41 3
      vertex 118 38 3
    endloop
  endfacet
  facet normal 0 0 1
    outer loop
      vertex 114 38 3
      vertex 118 38 3
      vertex 114 41 3
    endloop
  endfacet
  facet normal -0 0 1
    outer loop
      vertex 114 38 3
      vertex 201.8 0 3
      vertex 118 38 3
    endloop
  endfacet
  facet normal -0 0 1
    outer loop
      vertex 108 38 3
      vertex 201.8 0 3
      vertex 114 38 3
    endloop
  endfacet
  facet normal 0 0 1
    outer loop
      vertex 108 53 3
      vertex 104 62 3
      vertex 104 53 3
    endloop
  endfacet
  facet normal 0 0 1
    outer loop
      vertex 108 50 3
      vertex 104 50 3
      vertex 108 41 3
    endloop
  endfacet
  facet normal 0 0 1
    outer loop
      vertex 104 41 3
      vertex 108 41 3
      vertex 104 50 3
    endloop
  endfacet
  facet normal 0 0 1
    outer loop
      vertex 108 41 3
      vertex 104 41 3
      vertex 108 38 3
    endloop
  endfacet
  facet normal 0 0 1
    outer loop
      vertex 104 38 3
      vertex 108 38 3
      vertex 104 41 3
    endloop
  endfacet
  facet normal -0 0 1
    outer loop
      vertex 104 38 3
      vertex 201.8 0 3
      vertex 108 38 3
    endloop
  endfacet
  facet normal 0 0 1
    outer loop
      vertex 7 0 3
      vertex 104 38 3
      vertex 98 38 3
    endloop
  endfacet
  facet normal 0 0 1
    outer loop
      vertex 98 53 3
      vertex 94 62 3
      vertex 94 53 3
    endloop
  endfacet
  facet normal 0 0 1
    outer loop
      vertex 98 50 3
      vertex 94 50 3
      vertex 98 41 3
    endloop
  endfacet
  facet normal 0 0 1
    outer loop
      vertex 94 41 3
      vertex 98 41 3
      vertex 94 50 3
    endloop
  endfacet
  facet normal 0 0 1
    outer loop
      vertex 98 41 3
      vertex 94 41 3
      vertex 98 38 3
    endloop
  endfacet
  facet normal 0 0 1
    outer loop
      vertex 94 38 3
      vertex 98 38 3
      vertex 94 41 3
    endloop
  endfacet
  facet normal 0 0 1
    outer loop
      vertex 7 0 3
      vertex 98 38 3
      vertex 94 38 3
    endloop
  endfacet
  facet normal 0 0 1
    outer loop
      vertex 7 0 3
      vertex 94 38 3
      vertex 88 38 3
    endloop
  endfacet
  facet normal 0 0 1
    outer loop
      vertex 88 53 3
      vertex 84 62 3
      vertex 84 53 3
    endloop
  endfacet
  facet normal 0 0 1
    outer loop
      vertex 88 50 3
      vertex 84 50 3
      vertex 88 41 3
    endloop
  endfacet
  facet normal 0 0 1
    outer loop
      vertex 84 41 3
      vertex 88 41 3
      vertex 84 50 3
    endloop
  endfacet
  facet normal 0 0 1
    outer loop
      vertex 88 41 3
      vertex 84 41 3
      vertex 88 38 3
    endloop
  endfacet
  facet normal 0 0 1
    outer loop
      vertex 84 38 3
      vertex 88 38 3
      vertex 84 41 3
    endloop
  endfacet
  facet normal 0 0 1
    outer loop
      vertex 7 0 3
      vertex 88 38 3
      vertex 84 38 3
    endloop
  endfacet
  facet normal 0 0 1
    outer loop
      vertex 7 0 3
      vertex 84 38 3
      vertex 78 38 3
    endloop
  endfacet
  facet normal 0 0 1
    outer loop
      vertex 78 53 3
      vertex 74 62 3
      vertex 74 53 3
    endloop
  endfacet
  facet normal 0 0 1
    outer loop
      vertex 78 50 3
      vertex 74 50 3
      vertex 78 41 3
    endloop
  endfacet
  facet normal 0 0 1
    outer loop
      vertex 74 41 3
      vertex 78 41 3
      vertex 74 50 3
    endloop
  endfacet
  facet normal 0 0 1
    outer loop
      vertex 78 41 3
      vertex 74 41 3
      vertex 78 38 3
    endloop
  endfacet
  facet normal 0 0 1
    outer loop
      vertex 74 38 3
      vertex 78 38 3
      vertex 74 41 3
    endloop
  endfacet
  facet normal 0 0 1
    outer loop
      vertex 7 0 3
      vertex 78 38 3
      vertex 74 38 3
    endloop
  endfacet
  facet normal 0 0 1
    outer loop
      vertex 7 0 3
      vertex 74 38 3
      vertex 68 38 3
    endloop
  endfacet
  facet normal 0 0 1
    outer loop
      vertex 68 53 3
      vertex 64 62 3
      vertex 64 53 3
    endloop
  endfacet
  facet normal 0 0 1
    outer loop
      vertex 68 50 3
      vertex 64 50 3
      vertex 68 41 3
    endloop
  endfacet
  facet normal 0 0 1
    outer loop
      vertex 64 41 3
      vertex 68 41 3
      vertex 64 50 3
    endloop
  endfacet
  facet normal 0 0 1
    outer loop
      vertex 68 41 3
      vertex 64 41 3
      vertex 68 38 3
    endloop
  endfacet
  facet normal 0 0 1
    outer loop
      vertex 64 38 3
      vertex 68 38 3
      vertex 64 41 3
    endloop
  endfacet
  facet normal 0 0 1
    outer loop
      vertex 14.7914 12.2581 3
      vertex 68 38 3
      vertex 64 38 3
    endloop
  endfacet
  facet normal 0 0 1
    outer loop
      vertex 14.8966 12.4 3
      vertex 64 38 3
      vertex 58 38 3
    endloop
  endfacet
  facet normal 0 0 1
    outer loop
      vertex 58 41 3
      vertex 15.2 13.4 3
      vertex 58 38 3
    endloop
  endfacet
  facet normal 0 0 1
    outer loop
      vertex 15.1913 13.2236 3
      vertex 58 38 3
      vertex 15.2 13.4 3
    endloop
  endfacet
  facet normal 0 0 1
    outer loop
      vertex 15.1654 13.0488 3
      vertex 58 38 3
      vertex 15.1913 13.2236 3
    endloop
  endfacet
  facet normal 0 0 1
    outer loop
      vertex 15.1225 12.8775 3
      vertex 58 38 3
      vertex 15.1654 13.0488 3
    endloop
  endfacet
  facet normal 0 0 1
    outer loop
      vertex 15.063 12.7112 3
      vertex 58 38 3
      vertex 15.1225 12.8775 3
    endloop
  endfacet
  facet normal 0 0 1
    outer loop
      vertex 14.9875 12.5515 3
      vertex 58 38 3
      vertex 15.063 12.7112 3
    endloop
  endfacet
  facet normal 0 0 1
    outer loop
      vertex 14.8966 12.4 3
      vertex 58 38 3
      vertex 14.9875 12.5515 3
    endloop
  endfacet
  facet normal 0 0 1
    outer loop
      vertex 64 38 3
      vertex 14.8966 12.4 3
      vertex 14.7914 12.2581 3
    endloop
  endfacet
  facet normal 0 0 1
    outer loop
      vertex 68 38 3
      vertex 14.7914 12.2581 3
      vertex 7 0 3
    endloop
  endfacet
  facet normal 0 0 1
    outer loop
      vertex 7 0 3
      vertex 14.7914 12.2581 3
      vertex 14.6728 12.1272 3
    endloop
  endfacet
  facet normal 0 0 1
    outer loop
      vertex 7 0 3
      vertex 14.6728 12.1272 3
      vertex 14.5419 12.0086 3
    endloop
  endfacet
  facet normal 0 0 1
    outer loop
      vertex 7 0 3
      vertex 14.5419 12.0086 3
      vertex 14.4 11.9034 3
    endloop
  endfacet
  facet normal 0 0 1
    outer loop
      vertex 7 0 3
      vertex 14.4 11.9034 3
      vertex 14.2485 11.8125 3
    endloop
  endfacet
  facet normal 0 0 1
    outer loop
      vertex 7 0 3
      vertex 14.2485 11.8125 3
      vertex 14.0888 11.737 3
    endloop
  endfacet
  facet normal 0 0 1
    outer loop
      vertex 7 0 3
      vertex 14.0888 11.737 3
      vertex 13.9225 11.6775 3
    endloop
  endfacet
  facet normal 0 0 1
    outer loop
      vertex 7 0 3
      vertex 13.9225 11.6775 3
      vertex 13.7512 11.6346 3
    endloop
  endfacet
  facet normal 0 0 1
    outer loop
      vertex 7 0 3
      vertex 13.7512 11.6346 3
      vertex 13.5764 11.6087 3
    endloop
  endfacet
  facet normal 0 0 1
    outer loop
      vertex 7 0 3
      vertex 13.5764 11.6087 3
      vertex 13.4 11.6 3
    endloop
  endfacet
  facet normal 0 0 1
    outer loop
      vertex 7 0 3
      vertex 13.4 11.6 3
      vertex 13.2236 11.6087 3
    endloop
  endfacet
  facet normal 0 0 1
    outer loop
      vertex 104 38 3
      vertex 7 0 3
      vertex 201.8 0 3
    endloop
  endfacet
  facet normal 0 0 1
    outer loop
      vertex 13.0488 11.6346 3
      vertex 7 0 3
      vertex 13.2236 11.6087 3
    endloop
  endfacet
  facet normal 0 0 1
    outer loop
      vertex 12.8775 11.6775 3
      vertex 7 0 3
      vertex 13.0488 11.6346 3
    endloop
  endfacet
  facet normal 0 0 1
    outer loop
      vertex 12.7112 11.737 3
      vertex 7 0 3
      vertex 12.8775 11.6775 3
    endloop
  endfacet
  facet normal 0 0 1
    outer loop
      vertex 12.5515 11.8125 3
      vertex 7 0 3
      vertex 12.7112 11.737 3
    endloop
  endfacet
  facet normal 0 0 1
    outer loop
      vertex 12.4 11.9034 3
      vertex 7 0 3
      vertex 12.5515 11.8125 3
    endloop
  endfacet
  facet normal 0 0 1
    outer loop
      vertex 12.2581 12.0086 3
      vertex 7 0 3
      vertex 12.4 11.9034 3
    endloop
  endfacet
  facet normal 0 0 1
    outer loop
      vertex 12.1272 12.1272 3
      vertex 7 0 3
      vertex 12.2581 12.0086 3
    endloop
  endfacet
  facet normal 0 0 1
    outer loop
      vertex 0 7 3
      vertex 12.1272 12.1272 3
      vertex 12.0086 12.2581 3
    endloop
  endfacet
  facet normal 0 0 1
    outer loop
      vertex 0 7 3
      vertex 12.0086 12.2581 3
      vertex 11.9034 12.4 3
    endloop
  endfacet
  facet normal 0 0 1
    outer loop
      vertex 0 7 3
      vertex 11.9034 12.4 3
      vertex 11.8125 12.5515 3
    endloop
  endfacet
  facet normal 0 0 1
    outer loop
      vertex 0 7 3
      vertex 11.8125 12.5515 3
      vertex 11.737 12.7112 3
    endloop
  endfacet
  facet normal 0 0 1
    outer loop
      vertex 0 7 3
      vertex 11.737 12.7112 3
      vertex 11.6775 12.8775 3
    endloop
  endfacet
  facet normal 0 0 1
    outer loop
      vertex 0 7 3
      vertex 11.6775 12.8775 3
      vertex 11.6346 13.0488 3
    endloop
  endfacet
  facet normal 0 0 1
    outer loop
      vertex 0 7 3
      vertex 11.6346 13.0488 3
      vertex 11.6087 13.2236 3
    endloop
  endfacet
  facet normal 0 0 1
    outer loop
      vertex 0 7 3
      vertex 11.6087 13.2236 3
      vertex 11.6 13.4 3
    endloop
  endfacet
  facet normal 0 0 1
    outer loop
      vertex 11.6346 13.7512 3
      vertex 0 7 3
      vertex 11.6087 13.5764 3
    endloop
  endfacet
  facet normal 0 0 1
    outer loop
      vertex 0 159.8 3
      vertex 7 166.8 3
      vertex 6.31388 166.766 3
    endloop
  endfacet
  facet normal 0 0 1
    outer loop
      vertex 11.6087 13.5764 3
      vertex 0 7 3
      vertex 11.6 13.4 3
    endloop
  endfacet
  facet normal 0 0 1
    outer loop
      vertex 0 159.8 3
      vertex 6.31388 166.766 3
      vertex 5.63437 166.665 3
    endloop
  endfacet
  facet normal 0 0 1
    outer loop
      vertex 12.1272 12.1272 3
      vertex 0 7 3
      vertex 7 0 3
    endloop
  endfacet
  facet normal 0 0 1
    outer loop
      vertex 0 159.8 3
      vertex 5.63437 166.665 3
      vertex 4.96801 166.499 3
    endloop
  endfacet
  facet normal 0 0 1
    outer loop
      vertex 7 0 3
      vertex 0 7 3
      vertex 6.31388 0.0337067 3
    endloop
  endfacet
  facet normal 0 0 1
    outer loop
      vertex 0 159.8 3
      vertex 4.96801 166.499 3
      vertex 4.32122 166.267 3
    endloop
  endfacet
  facet normal 0 0 1
    outer loop
      vertex 6.31388 0.0337067 3
      vertex 0 7 3
      vertex 5.63437 0.134502 3
    endloop
  endfacet
  facet normal 0 0 1
    outer loop
      vertex 0 159.8 3
      vertex 4.32122 166.267 3
      vertex 3.70022 165.973 3
    endloop
  endfacet
  facet normal 0 0 1
    outer loop
      vertex 5.63437 0.134502 3
      vertex 0 7 3
      vertex 4.96801 0.301417 3
    endloop
  endfacet
  facet normal 0 0 1
    outer loop
      vertex 0 159.8 3
      vertex 3.70022 165.973 3
      vertex 3.11101 165.62 3
    endloop
  endfacet
  facet normal 0 0 1
    outer loop
      vertex 4.96801 0.301417 3
      vertex 0 7 3
      vertex 4.32122 0.532843 3
    endloop
  endfacet
  facet normal 0 0 1
    outer loop
      vertex 0 159.8 3
      vertex 3.11101 165.62 3
      vertex 2.55925 165.211 3
    endloop
  endfacet
  facet normal 0 0 1
    outer loop
      vertex 4.32122 0.532843 3
      vertex 0 7 3
      vertex 3.70022 0.82655 3
    endloop
  endfacet
  facet normal 0 0 1
    outer loop
      vertex 0 159.8 3
      vertex 2.55925 165.211 3
      vertex 2.05025 164.75 3
    endloop
  endfacet
  facet normal 0 0 1
    outer loop
      vertex 3.70022 0.82655 3
      vertex 0 7 3
      vertex 3.11101 1.17971 3
    endloop
  endfacet
  facet normal 0 0 1
    outer loop
      vertex 0 159.8 3
      vertex 2.05025 164.75 3
      vertex 1.58893 164.241 3
    endloop
  endfacet
  facet normal 0 0 1
    outer loop
      vertex 3.11101 1.17971 3
      vertex 0 7 3
      vertex 2.55925 1.58893 3
    endloop
  endfacet
  facet normal 0 0 1
    outer loop
      vertex 0 159.8 3
      vertex 1.58893 164.241 3
      vertex 1.17971 163.689 3
    endloop
  endfacet
  facet normal 0 0 1
    outer loop
      vertex 2.55925 1.58893 3
      vertex 0 7 3
      vertex 2.05025 2.05025 3
    endloop
  endfacet
  facet normal 0 0 1
    outer loop
      vertex 0 159.8 3
      vertex 1.17971 163.689 3
      vertex 0.82655 163.1 3
    endloop
  endfacet
  facet normal 0 0 1
    outer loop
      vertex 2.05025 2.05025 3
      vertex 0 7 3
      vertex 1.58893 2.55925 3
    endloop
  endfacet
  facet normal 0 0 1
    outer loop
      vertex 0 159.8 3
      vertex 0.82655 163.1 3
      vertex 0.532843 162.479 3
    endloop
  endfacet
  facet normal 0 0 1
    outer loop
      vertex 1.58893 2.55925 3
      vertex 0 7 3
      vertex 1.17971 3.11101 3
    endloop
  endfacet
  facet normal 0 0 1
    outer loop
      vertex 0 159.8 3
      vertex 0.532843 162.479 3
      vertex 0.301417 161.832 3
    endloop
  endfacet
  facet normal 0 0 1
    outer loop
      vertex 1.17971 3.11101 3
      vertex 0 7 3
      vertex 0.82655 3.70022 3
    endloop
  endfacet
  facet normal 0 0 1
    outer loop
      vertex 0 159.8 3
      vertex 0.301417 161.832 3
      vertex 0.134502 161.166 3
    endloop
  endfacet
  facet normal 0 0 1
    outer loop
      vertex 0.82655 3.70022 3
      vertex 0 7 3
      vertex 0.532843 4.32122 3
    endloop
  endfacet
  facet normal 0 0 1
    outer loop
      vertex 0 159.8 3
      vertex 0.134502 161.166 3
      vertex 0.0337067 160.486 3
    endloop
  endfacet
  facet normal 0 0 1
    outer loop
      vertex 0.532843 4.32122 3
      vertex 0 7 3
      vertex 0.301417 4.96801 3
    endloop
  endfacet
  facet normal 0 0 1
    outer loop
      vertex 0.301417 4.96801 3
      vertex 0 7 3
      vertex 0.134502 5.63437 3
    endloop
  endfacet
  facet normal 0 0 1
    outer loop
      vertex 0.134502 5.63437 3
      vertex 0 7 3
      vertex 0.0337067 6.31388 3
    endloop
  endfacet
  facet normal 1 -0 0
    outer loop
      vertex 208.8 7 3
      vertex 208.8 159.8 0
      vertex 208.8 159.8 3
    endloop
  endfacet
  facet normal 1 0 0
    outer loop
      vertex 208.8 159.8 0
      vertex 208.8 7 3
      vertex 208.8 7 0
    endloop
  endfacet
  facet normal 0 -1 0
    outer loop
      vertex 7 0 0
      vertex 201.8 0 3
      vertex 7 0 3
    endloop
  endfacet
  facet normal 0 -1 -0
    outer loop
      vertex 201.8 0 3
      vertex 7 0 0
      vertex 201.8 0 0
    endloop
  endfacet
  facet normal -0.67155 -0.740959 0
    outer loop
      vertex 2.05025 2.05025 0
      vertex 2.55925 1.58893 3
      vertex 2.05025 2.05025 3
    endloop
  endfacet
  facet normal -0.67155 -0.740959 -0
    outer loop
      vertex 2.55925 1.58893 3
      vertex 2.05025 2.05025 0
      vertex 2.55925 1.58893 0
    endloop
  endfacet
  facet normal -0.97 0.243104 3.00686e-18
    outer loop
      vertex 0.134502 161.166 0
      vertex 0.301417 161.832 3
      vertex 0.301417 161.832 0
    endloop
  endfacet
  facet normal -0.97 0.243104 3.00686e-18
    outer loop
      vertex 0.301417 161.832 3
      vertex 0.134502 161.166 0
      vertex 0.134502 161.166 3
    endloop
  endfacet
  facet normal -0.857647 0.514239 3.15743e-18
    outer loop
      vertex 0.82655 163.1 0
      vertex 1.17971 163.689 3
      vertex 1.17971 163.689 0
    endloop
  endfacet
  facet normal -0.857647 0.514239 3.15743e-18
    outer loop
      vertex 1.17971 163.689 3
      vertex 0.82655 163.1 0
      vertex 0.82655 163.1 3
    endloop
  endfacet
  facet normal 0.970344 -0.241727 -2.53924e-18
    outer loop
      vertex 208.499 4.96801 3
      vertex 208.665 5.63437 0
      vertex 208.665 5.63437 3
    endloop
  endfacet
  facet normal 0.970344 -0.241727 -2.53924e-18
    outer loop
      vertex 208.665 5.63437 0
      vertex 208.499 4.96801 3
      vertex 208.499 4.96801 0
    endloop
  endfacet
  facet normal -0.513933 0.857831 0
    outer loop
      vertex 3.70022 165.973 0
      vertex 3.11101 165.62 3
      vertex 3.70022 165.973 3
    endloop
  endfacet
  facet normal -0.513933 0.857831 0
    outer loop
      vertex 3.11101 165.62 3
      vertex 3.70022 165.973 0
      vertex 3.11101 165.62 0
    endloop
  endfacet
  facet normal -0.241727 0.970344 0
    outer loop
      vertex 5.63437 166.665 0
      vertex 4.96801 166.499 3
      vertex 5.63437 166.665 3
    endloop
  endfacet
  facet normal -0.241727 0.970344 0
    outer loop
      vertex 4.96801 166.499 3
      vertex 5.63437 166.665 0
      vertex 4.96801 166.499 0
    endloop
  endfacet
  facet normal -0.595499 0.803356 0
    outer loop
      vertex 3.11101 165.62 0
      vertex 2.55925 165.211 3
      vertex 3.11101 165.62 3
    endloop
  endfacet
  facet normal -0.595499 0.803356 0
    outer loop
      vertex 2.55925 165.211 3
      vertex 3.11101 165.62 0
      vertex 2.55925 165.211 0
    endloop
  endfacet
  facet normal -0.998795 0.0490759 -2.1212e-19
    outer loop
      vertex 0 159.8 0
      vertex 0.0337067 160.486 3
      vertex 0.0337067 160.486 0
    endloop
  endfacet
  facet normal -0.998795 0.0490759 -2.1212e-19
    outer loop
      vertex 0.0337067 160.486 3
      vertex 0 159.8 0
      vertex 0 159.8 3
    endloop
  endfacet
  facet normal -0.903992 0.42755 2.17013e-19
    outer loop
      vertex 0.532843 162.479 0
      vertex 0.82655 163.1 3
      vertex 0.82655 163.1 0
    endloop
  endfacet
  facet normal -0.903992 0.42755 2.17013e-19
    outer loop
      vertex 0.82655 163.1 3
      vertex 0.532843 162.479 0
      vertex 0.532843 162.479 3
    endloop
  endfacet
  facet normal -0.989192 0.146626 -2.17191e-18
    outer loop
      vertex 0.0337067 160.486 0
      vertex 0.134502 161.166 3
      vertex 0.134502 161.166 0
    endloop
  endfacet
  facet normal -0.989192 0.146626 -2.17191e-18
    outer loop
      vertex 0.134502 161.166 3
      vertex 0.0337067 160.486 0
      vertex 0.0337067 160.486 3
    endloop
  endfacet
  facet normal -0.671295 0.741191 0
    outer loop
      vertex 2.55925 165.211 0
      vertex 2.05025 164.75 3
      vertex 2.55925 165.211 3
    endloop
  endfacet
  facet normal -0.671295 0.741191 0
    outer loop
      vertex 2.05025 164.75 3
      vertex 2.55925 165.211 0
      vertex 2.05025 164.75 0
    endloop
  endfacet
  facet normal 0.803356 -0.595499 -6.38012e-19
    outer loop
      vertex 207.211 2.55925 3
      vertex 207.62 3.11101 0
      vertex 207.62 3.11101 3
    endloop
  endfacet
  facet normal 0.803356 -0.595499 -6.38012e-19
    outer loop
      vertex 207.62 3.11101 0
      vertex 207.211 2.55925 3
      vertex 207.211 2.55925 0
    endloop
  endfacet
  facet normal 0.989133 -0.147021 1.9136e-18
    outer loop
      vertex 208.665 5.63437 3
      vertex 208.766 6.31388 0
      vertex 208.766 6.31388 3
    endloop
  endfacet
  facet normal 0.989133 -0.147021 1.9136e-18
    outer loop
      vertex 208.766 6.31388 0
      vertex 208.665 5.63437 3
      vertex 208.665 5.63437 0
    endloop
  endfacet
  facet normal 0.903827 -0.427899 6.3251e-18
    outer loop
      vertex 207.973 3.70022 3
      vertex 208.267 4.32122 0
      vertex 208.267 4.32122 3
    endloop
  endfacet
  facet normal 0.903827 -0.427899 6.3251e-18
    outer loop
      vertex 208.267 4.32122 0
      vertex 207.973 3.70022 3
      vertex 207.973 3.70022 0
    endloop
  endfacet
  facet normal 0.595539 -0.803327 0
    outer loop
      vertex 205.689 1.17971 0
      vertex 206.241 1.58893 3
      vertex 205.689 1.17971 3
    endloop
  endfacet
  facet normal 0.595539 -0.803327 0
    outer loop
      vertex 206.241 1.58893 3
      vertex 205.689 1.17971 0
      vertex 206.241 1.58893 0
    endloop
  endfacet
  facet normal 0.741191 0.671295 3.56542e-18
    outer loop
      vertex 207.211 164.241 3
      vertex 206.75 164.75 0
      vertex 206.75 164.75 3
    endloop
  endfacet
  facet normal 0.741191 0.671295 3.56542e-18
    outer loop
      vertex 206.75 164.75 0
      vertex 207.211 164.241 3
      vertex 207.211 164.241 0
    endloop
  endfacet
  facet normal 0.970314 0.24185 3.48829e-19
    outer loop
      vertex 208.665 161.166 3
      vertex 208.499 161.832 0
      vertex 208.499 161.832 3
    endloop
  endfacet
  facet normal 0.970314 0.24185 3.48829e-19
    outer loop
      vertex 208.499 161.832 0
      vertex 208.665 161.166 3
      vertex 208.665 161.166 0
    endloop
  endfacet
  facet normal 0.514067 0.85775 -0
    outer loop
      vertex 205.689 165.62 0
      vertex 205.1 165.973 3
      vertex 205.689 165.62 3
    endloop
  endfacet
  facet normal 0.514067 0.85775 0
    outer loop
      vertex 205.1 165.973 3
      vertex 205.689 165.62 0
      vertex 205.1 165.973 0
    endloop
  endfacet
  facet normal -0.147021 0.989133 0
    outer loop
      vertex 6.31388 166.766 0
      vertex 5.63437 166.665 3
      vertex 6.31388 166.766 3
    endloop
  endfacet
  facet normal -0.147021 0.989133 0
    outer loop
      vertex 5.63437 166.665 3
      vertex 6.31388 166.766 0
      vertex 5.63437 166.665 0
    endloop
  endfacet
  facet normal -0.0494933 0.998774 0
    outer loop
      vertex 7 166.8 0
      vertex 6.31388 166.766 3
      vertex 7 166.8 3
    endloop
  endfacet
  facet normal -0.0494933 0.998774 0
    outer loop
      vertex 6.31388 166.766 3
      vertex 7 166.8 0
      vertex 6.31388 166.766 0
    endloop
  endfacet
  facet normal -0.337631 0.941278 0
    outer loop
      vertex 4.96801 166.499 0
      vertex 4.32122 166.267 3
      vertex 4.96801 166.499 3
    endloop
  endfacet
  facet normal -0.337631 0.941278 0
    outer loop
      vertex 4.32122 166.267 3
      vertex 4.96801 166.499 0
      vertex 4.32122 166.267 0
    endloop
  endfacet
  facet normal -0.427899 0.903827 0
    outer loop
      vertex 4.32122 166.267 0
      vertex 3.70022 165.973 3
      vertex 4.32122 166.267 3
    endloop
  endfacet
  facet normal -0.427899 0.903827 0
    outer loop
      vertex 3.70022 165.973 3
      vertex 4.32122 166.267 0
      vertex 3.70022 165.973 0
    endloop
  endfacet
  facet normal -0.941578 0.336794 3.01104e-18
    outer loop
      vertex 0.301417 161.832 0
      vertex 0.532843 162.479 3
      vertex 0.532843 162.479 0
    endloop
  endfacet
  facet normal -0.941578 0.336794 3.01104e-18
    outer loop
      vertex 0.532843 162.479 3
      vertex 0.301417 161.832 0
      vertex 0.301417 161.832 3
    endloop
  endfacet
  facet normal -0.803327 0.595539 1.63701e-18
    outer loop
      vertex 1.17971 163.689 0
      vertex 1.58893 164.241 3
      vertex 1.58893 164.241 0
    endloop
  endfacet
  facet normal -0.803327 0.595539 1.63701e-18
    outer loop
      vertex 1.58893 164.241 3
      vertex 1.17971 163.689 0
      vertex 1.17971 163.689 3
    endloop
  endfacet
  facet normal -0.740959 0.67155 4.72829e-18
    outer loop
      vertex 1.58893 164.241 0
      vertex 2.05025 164.75 3
      vertex 2.05025 164.75 0
    endloop
  endfacet
  facet normal -0.740959 0.67155 4.72829e-18
    outer loop
      vertex 2.05025 164.75 3
      vertex 1.58893 164.241 0
      vertex 1.58893 164.241 3
    endloop
  endfacet
  facet normal 0.741191 -0.671295 1.06568e-18
    outer loop
      vertex 206.75 2.05025 3
      vertex 207.211 2.55925 0
      vertex 207.211 2.55925 3
    endloop
  endfacet
  facet normal 0.741191 -0.671295 1.06568e-18
    outer loop
      vertex 207.211 2.55925 0
      vertex 206.75 2.05025 3
      vertex 206.75 2.05025 0
    endloop
  endfacet
  facet normal 0.857831 -0.513933 4.05803e-18
    outer loop
      vertex 207.62 3.11101 3
      vertex 207.973 3.70022 0
      vertex 207.973 3.70022 3
    endloop
  endfacet
  facet normal 0.857831 -0.513933 4.05803e-18
    outer loop
      vertex 207.973 3.70022 0
      vertex 207.62 3.11101 3
      vertex 207.62 3.11101 0
    endloop
  endfacet
  facet normal 0.998774 -0.0494933 -1.33165e-19
    outer loop
      vertex 208.766 6.31388 3
      vertex 208.8 7 0
      vertex 208.8 7 3
    endloop
  endfacet
  facet normal 0.998774 -0.0494933 -1.33165e-19
    outer loop
      vertex 208.8 7 0
      vertex 208.766 6.31388 3
      vertex 208.766 6.31388 0
    endloop
  endfacet
  facet normal 0.941278 -0.337631 1.82767e-18
    outer loop
      vertex 208.267 4.32122 3
      vertex 208.499 4.96801 0
      vertex 208.499 4.96801 3
    endloop
  endfacet
  facet normal 0.941278 -0.337631 1.82767e-18
    outer loop
      vertex 208.499 4.96801 0
      vertex 208.267 4.32122 3
      vertex 208.267 4.32122 0
    endloop
  endfacet
  facet normal -0.595706 -0.803203 0
    outer loop
      vertex 2.55925 1.58893 0
      vertex 3.11101 1.17971 3
      vertex 2.55925 1.58893 3
    endloop
  endfacet
  facet normal -0.595706 -0.803203 -0
    outer loop
      vertex 3.11101 1.17971 3
      vertex 2.55925 1.58893 0
      vertex 3.11101 1.17971 0
    endloop
  endfacet
  facet normal -0.42755 -0.903992 0
    outer loop
      vertex 3.70022 0.82655 0
      vertex 4.32122 0.532843 3
      vertex 3.70022 0.82655 3
    endloop
  endfacet
  facet normal -0.42755 -0.903992 -0
    outer loop
      vertex 4.32122 0.532843 3
      vertex 3.70022 0.82655 0
      vertex 4.32122 0.532843 0
    endloop
  endfacet
  facet normal -0.336891 -0.941544 0
    outer loop
      vertex 4.32122 0.532843 0
      vertex 4.96801 0.301417 3
      vertex 4.32122 0.532843 3
    endloop
  endfacet
  facet normal -0.336891 -0.941544 -0
    outer loop
      vertex 4.96801 0.301417 3
      vertex 4.32122 0.532843 0
      vertex 4.96801 0.301417 0
    endloop
  endfacet
  facet normal -0.14673 -0.989177 0
    outer loop
      vertex 5.63437 0.134502 0
      vertex 6.31388 0.0337067 3
      vertex 5.63437 0.134502 3
    endloop
  endfacet
  facet normal -0.14673 -0.989177 -0
    outer loop
      vertex 6.31388 0.0337067 3
      vertex 5.63437 0.134502 0
      vertex 6.31388 0.0337067 0
    endloop
  endfacet
  facet normal -0.857728 -0.514104 -1.25606e-18
    outer loop
      vertex 1.17971 3.11101 0
      vertex 0.82655 3.70022 3
      vertex 0.82655 3.70022 0
    endloop
  endfacet
  facet normal -0.857728 -0.514104 -1.25606e-18
    outer loop
      vertex 0.82655 3.70022 3
      vertex 1.17971 3.11101 0
      vertex 1.17971 3.11101 3
    endloop
  endfacet
  facet normal -0.740959 -0.67155 6.24082e-18
    outer loop
      vertex 2.05025 2.05025 0
      vertex 1.58893 2.55925 3
      vertex 1.58893 2.55925 0
    endloop
  endfacet
  facet normal -0.740959 -0.67155 6.24082e-18
    outer loop
      vertex 1.58893 2.55925 3
      vertex 2.05025 2.05025 0
      vertex 2.05025 2.05025 3
    endloop
  endfacet
  facet normal -0.903992 -0.42755 -3.31438e-18
    outer loop
      vertex 0.82655 3.70022 0
      vertex 0.532843 4.32122 3
      vertex 0.532843 4.32122 0
    endloop
  endfacet
  facet normal -0.903992 -0.42755 -3.31438e-18
    outer loop
      vertex 0.532843 4.32122 3
      vertex 0.82655 3.70022 0
      vertex 0.82655 3.70022 3
    endloop
  endfacet
  facet normal -0.970031 -0.242981 1.80846e-18
    outer loop
      vertex 0.301417 4.96801 0
      vertex 0.134502 5.63437 3
      vertex 0.134502 5.63437 0
    endloop
  endfacet
  facet normal -0.970031 -0.242981 1.80846e-18
    outer loop
      vertex 0.134502 5.63437 3
      vertex 0.301417 4.96801 0
      vertex 0.301417 4.96801 3
    endloop
  endfacet
  facet normal 0.243104 -0.97 0
    outer loop
      vertex 203.166 0.134502 0
      vertex 203.832 0.301417 3
      vertex 203.166 0.134502 3
    endloop
  endfacet
  facet normal 0.243104 -0.97 0
    outer loop
      vertex 203.832 0.301417 3
      vertex 203.166 0.134502 0
      vertex 203.832 0.301417 0
    endloop
  endfacet
  facet normal 0.0490759 -0.998795 0
    outer loop
      vertex 201.8 0 0
      vertex 202.486 0.0337067 3
      vertex 201.8 0 3
    endloop
  endfacet
  facet normal 0.0490759 -0.998795 0
    outer loop
      vertex 202.486 0.0337067 3
      vertex 201.8 0 0
      vertex 202.486 0.0337067 0
    endloop
  endfacet
  facet normal 0.42755 -0.903992 0
    outer loop
      vertex 204.479 0.532843 0
      vertex 205.1 0.82655 3
      vertex 204.479 0.532843 3
    endloop
  endfacet
  facet normal 0.42755 -0.903992 0
    outer loop
      vertex 205.1 0.82655 3
      vertex 204.479 0.532843 0
      vertex 205.1 0.82655 0
    endloop
  endfacet
  facet normal 0.941313 0.337534 -1.35393e-18
    outer loop
      vertex 208.499 161.832 3
      vertex 208.267 162.479 0
      vertex 208.267 162.479 3
    endloop
  endfacet
  facet normal 0.941313 0.337534 -1.35393e-18
    outer loop
      vertex 208.267 162.479 0
      vertex 208.499 161.832 3
      vertex 208.499 161.832 0
    endloop
  endfacet
  facet normal 0.80348 0.595332 -5.59583e-18
    outer loop
      vertex 207.62 163.689 3
      vertex 207.211 164.241 0
      vertex 207.211 164.241 3
    endloop
  endfacet
  facet normal 0.80348 0.595332 -5.59583e-18
    outer loop
      vertex 207.211 164.241 0
      vertex 207.62 163.689 3
      vertex 207.62 163.689 0
    endloop
  endfacet
  facet normal 0.427899 0.903827 -0
    outer loop
      vertex 205.1 165.973 0
      vertex 204.479 166.267 3
      vertex 205.1 165.973 3
    endloop
  endfacet
  facet normal 0.427899 0.903827 0
    outer loop
      vertex 204.479 166.267 3
      vertex 205.1 165.973 0
      vertex 204.479 166.267 0
    endloop
  endfacet
  facet normal 0.24185 0.970314 -0
    outer loop
      vertex 203.832 166.499 0
      vertex 203.166 166.665 3
      vertex 203.832 166.499 3
    endloop
  endfacet
  facet normal 0.24185 0.970314 0
    outer loop
      vertex 203.166 166.665 3
      vertex 203.832 166.499 0
      vertex 203.166 166.665 0
    endloop
  endfacet
  facet normal 0.337534 0.941313 -0
    outer loop
      vertex 204.479 166.267 0
      vertex 203.832 166.499 3
      vertex 204.479 166.267 3
    endloop
  endfacet
  facet normal 0.337534 0.941313 0
    outer loop
      vertex 203.832 166.499 3
      vertex 204.479 166.267 0
      vertex 203.832 166.499 0
    endloop
  endfacet
  facet normal 0.0495019 0.998774 -0
    outer loop
      vertex 202.486 166.766 0
      vertex 201.8 166.8 3
      vertex 202.486 166.766 3
    endloop
  endfacet
  facet normal 0.0495019 0.998774 0
    outer loop
      vertex 201.8 166.8 3
      vertex 202.486 166.766 0
      vertex 201.8 166.8 0
    endloop
  endfacet
  facet normal 0.146918 0.989149 -0
    outer loop
      vertex 203.166 166.665 0
      vertex 202.486 166.766 3
      vertex 203.166 166.665 3
    endloop
  endfacet
  facet normal 0.146918 0.989149 0
    outer loop
      vertex 202.486 166.766 3
      vertex 203.166 166.665 0
      vertex 202.486 166.766 0
    endloop
  endfacet
  facet normal -0.514104 -0.857728 0
    outer loop
      vertex 3.11101 1.17971 0
      vertex 3.70022 0.82655 3
      vertex 3.11101 1.17971 3
    endloop
  endfacet
  facet normal -0.514104 -0.857728 -0
    outer loop
      vertex 3.70022 0.82655 3
      vertex 3.11101 1.17971 0
      vertex 3.70022 0.82655 0
    endloop
  endfacet
  facet normal -0.242981 -0.970031 0
    outer loop
      vertex 4.96801 0.301417 0
      vertex 5.63437 0.134502 3
      vertex 4.96801 0.301417 3
    endloop
  endfacet
  facet normal -0.242981 -0.970031 -0
    outer loop
      vertex 5.63437 0.134502 3
      vertex 4.96801 0.301417 0
      vertex 5.63437 0.134502 0
    endloop
  endfacet
  facet normal -0.803203 -0.595706 -6.70113e-18
    outer loop
      vertex 1.58893 2.55925 0
      vertex 1.17971 3.11101 3
      vertex 1.17971 3.11101 0
    endloop
  endfacet
  facet normal -0.803203 -0.595706 -6.70113e-18
    outer loop
      vertex 1.17971 3.11101 3
      vertex 1.58893 2.55925 0
      vertex 1.58893 2.55925 3
    endloop
  endfacet
  facet normal -0.941544 -0.336891 -2.34771e-18
    outer loop
      vertex 0.532843 4.32122 0
      vertex 0.301417 4.96801 3
      vertex 0.301417 4.96801 0
    endloop
  endfacet
  facet normal -0.941544 -0.336891 -2.34771e-18
    outer loop
      vertex 0.301417 4.96801 3
      vertex 0.532843 4.32122 0
      vertex 0.532843 4.32122 3
    endloop
  endfacet
  facet normal 0.336794 -0.941578 0
    outer loop
      vertex 203.832 0.301417 0
      vertex 204.479 0.532843 3
      vertex 203.832 0.301417 3
    endloop
  endfacet
  facet normal 0.336794 -0.941578 0
    outer loop
      vertex 204.479 0.532843 3
      vertex 203.832 0.301417 0
      vertex 204.479 0.532843 0
    endloop
  endfacet
  facet normal 0.146626 -0.989192 0
    outer loop
      vertex 202.486 0.0337067 0
      vertex 203.166 0.134502 3
      vertex 202.486 0.0337067 3
    endloop
  endfacet
  facet normal 0.146626 -0.989192 0
    outer loop
      vertex 203.166 0.134502 3
      vertex 202.486 0.0337067 0
      vertex 203.166 0.134502 0
    endloop
  endfacet
  facet normal 0.514239 -0.857647 0
    outer loop
      vertex 205.1 0.82655 0
      vertex 205.689 1.17971 3
      vertex 205.1 0.82655 3
    endloop
  endfacet
  facet normal 0.514239 -0.857647 0
    outer loop
      vertex 205.689 1.17971 3
      vertex 205.1 0.82655 0
      vertex 205.689 1.17971 0
    endloop
  endfacet
  facet normal 0.989149 0.146918 -1.85968e-18
    outer loop
      vertex 208.766 160.486 3
      vertex 208.665 161.166 0
      vertex 208.665 161.166 3
    endloop
  endfacet
  facet normal 0.989149 0.146918 -1.85968e-18
    outer loop
      vertex 208.665 161.166 0
      vertex 208.766 160.486 3
      vertex 208.766 160.486 0
    endloop
  endfacet
  facet normal 0.903827 0.427899 -6.00293e-18
    outer loop
      vertex 208.267 162.479 3
      vertex 207.973 163.1 0
      vertex 207.973 163.1 3
    endloop
  endfacet
  facet normal 0.903827 0.427899 -6.00293e-18
    outer loop
      vertex 207.973 163.1 0
      vertex 208.267 162.479 3
      vertex 208.267 162.479 0
    endloop
  endfacet
  facet normal 0.85775 0.514067 4.54593e-18
    outer loop
      vertex 207.973 163.1 3
      vertex 207.62 163.689 0
      vertex 207.62 163.689 3
    endloop
  endfacet
  facet normal 0.85775 0.514067 4.54593e-18
    outer loop
      vertex 207.62 163.689 0
      vertex 207.973 163.1 3
      vertex 207.973 163.1 0
    endloop
  endfacet
  facet normal 0.595332 0.80348 -0
    outer loop
      vertex 206.241 165.211 0
      vertex 205.689 165.62 3
      vertex 206.241 165.211 3
    endloop
  endfacet
  facet normal 0.595332 0.80348 0
    outer loop
      vertex 205.689 165.62 3
      vertex 206.241 165.211 0
      vertex 205.689 165.62 0
    endloop
  endfacet
  facet normal 0.671295 0.741191 -0
    outer loop
      vertex 206.75 164.75 0
      vertex 206.241 165.211 3
      vertex 206.75 164.75 3
    endloop
  endfacet
  facet normal 0.671295 0.741191 0
    outer loop
      vertex 206.241 165.211 3
      vertex 206.75 164.75 0
      vertex 206.241 165.211 0
    endloop
  endfacet
endsolid OpenSCAD_Model
